insert into user (id, role, user_name, display_name, details, password_hash) values (1, 'Warehouse Admin', 'robertsstacy', 'Curtis Johnson', '18', '5770dfc93995659536ba2d315c6ef619');
insert into user (id, role, user_name, display_name, details, password_hash) values (2, 'Warehouse Admin', 'laurendavis', 'Melissa Williams', '46', 'e5b05daaf4f96d7ae139e07479492158');
insert into user (id, role, user_name, display_name, details, password_hash) values (3, 'Warehouse Admin', 'kmathis', 'Nicholas Jacobson', '18', '4f5dc60f84711729532f55ccc743061d');
insert into user (id, role, user_name, display_name, details, password_hash) values (4, 'Warehouse Admin', 'hansongary', 'Adrienne Trujillo', '41', '8e9a71b5563adc5fd20756cfc49bc3b5');
insert into user (id, role, user_name, display_name, details, password_hash) values (5, 'Seller', 'john05', 'French and Sons', 'Right account business fight. Somebody agency by these. Statement similar four send environmental past main. Created on: 1991-09-17.', '8c52be5b4213b9927ee5d5ae35e65580');
insert into user (id, role, user_name, display_name, details, password_hash) values (6, 'Customer', 'roneill', 'Jimmy Guerra', '711 Amy Inlet Apt. 867, Wongport, NH 55362', '9327e12592a4b49543597856c1773b5e');
insert into user (id, role, user_name, display_name, details, password_hash) values (7, 'Warehouse Admin', 'bishopbeth', 'Joseph Baker', '31', 'f17b87a71791a6f40d9ce4858753aa9f');
insert into user (id, role, user_name, display_name, details, password_hash) values (8, 'Seller', 'richard21', 'Brown, Smith and Smith', 'Mrs hour various democratic generation national use. Happy hope material. See middle expect same suggest less writer. Created on: 2004-09-16.', '1e5685a4724090f64b66b5326866513a');
insert into user (id, role, user_name, display_name, details, password_hash) values (9, 'Customer', 'smithbridget', 'Rebecca Evans', '73316 Tyler Corner Suite 336, Amyshire, HI 81467', '9ef070328cb6015da7493bb088d66911');
insert into user (id, role, user_name, display_name, details, password_hash) values (10, 'Customer', 'zbutler', 'Tami Carson', '1156 Hodges Road Suite 658, North Tracyside, TX 67480', '64b89eabb9e234a415e6cada378953cd');
insert into user (id, role, user_name, display_name, details, password_hash) values (11, 'Seller', 'ofrank', 'Walters, Foster and Miller', 'Good customer responsibility high husband collection. Set second some glass star worker remember. If rather brother. Created on: 1987-02-17.', '0fb6b6f91c80d744cb3cbb35b562f230');
insert into user (id, role, user_name, display_name, details, password_hash) values (12, 'Customer', 'mario30', 'Robert Arroyo', '34303 Martin Flat Apt. 750, East Josephborough, DC 25773', 'a6ae2ea419c5a4f7be81e549e2b9332f');
insert into user (id, role, user_name, display_name, details, password_hash) values (13, 'Customer', 'donnarussell', 'Anthony Owens DDS', 'PSC 2341, Box 0389, APO AE 95594', 'c9e5bbd8c1588a0d48b1c201a2346cc8');
insert into user (id, role, user_name, display_name, details, password_hash) values (14, 'Warehouse Admin', 'dpalmer', 'Randy Smith', '5', '34d562c72271ec7199f623d8b7ab8c45');
insert into user (id, role, user_name, display_name, details, password_hash) values (15, 'Seller', 'ramseywilliam', 'Williams-Jenkins', 'Than then light have possible anyone. Job number wrong now hard consumer. Stop nation part bring local production air across. Created on: 2020-10-08.', 'ea192b7e43cef1561d625c70666f3f1e');
insert into user (id, role, user_name, display_name, details, password_hash) values (16, 'Seller', 'mcmahonashley', 'Gomez-Walter', 'Girl require economic. Machine car wife factor charge. Created on: 2011-07-24.', '7c373feee90588d170d9885da54e72f4');
insert into user (id, role, user_name, display_name, details, password_hash) values (17, 'Warehouse Admin', 'oanderson', 'Brent Jones', '2', '46828b5d71a27a76cea49b930e113ad4');
insert into user (id, role, user_name, display_name, details, password_hash) values (18, 'Customer', 'laura17', 'Vanessa Tucker', '068 Michael Ford Suite 867, Chungfort, TX 58550', 'bcc6effd68827fc10051bb840c42600f');
insert into user (id, role, user_name, display_name, details, password_hash) values (19, 'Customer', 'dorothy28', 'Allen Martinez', '317 Griffith Village, South Michaelbury, CT 16521', '57b4cf3af468baa5581bd20504bda678');
insert into user (id, role, user_name, display_name, details, password_hash) values (20, 'Warehouse Admin', 'andersonalbert', 'Michelle Lin', '7', 'f5011924229a2e7ee72824e05af81380');
insert into user (id, role, user_name, display_name, details, password_hash) values (21, 'Warehouse Admin', 'stricklandmargaret', 'Brandon Gonzalez', '18', 'ada7c2b6b4d2606b4bf7eeffe1f4704f');
insert into user (id, role, user_name, display_name, details, password_hash) values (22, 'Warehouse Admin', 'sanchezdaniel', 'Heather White', '19', 'c670896583e9617891da912cc5b224b2');
insert into user (id, role, user_name, display_name, details, password_hash) values (23, 'Seller', 'johnny69', 'Moore Group', 'Say figure song image particular sometimes event. Week time church public ok. Effect hour necessary threat music miss door. Created on: 1971-08-06.', 'a1dc7d15a81917df1f3db38c95c9d410');
insert into user (id, role, user_name, display_name, details, password_hash) values (24, 'Warehouse Admin', 'leedennis', 'Katie Strong', '36', 'a4c6a60c517210f5c6d0509715ef49ad');
insert into user (id, role, user_name, display_name, details, password_hash) values (25, 'Warehouse Admin', 'sdavis', 'Jesse Cross', '14', 'a3c101de51d3935dff0c55110ee5210f');
insert into user (id, role, user_name, display_name, details, password_hash) values (26, 'Seller', 'weavergilbert', 'Brown LLC', 'Black loss have technology suddenly well. Wall mean mouth young could. Interest sea young run wrong. Created on: 2011-07-29.', 'd02da8e5e1890d6c5294f541fd8c4c3d');
insert into user (id, role, user_name, display_name, details, password_hash) values (27, 'Customer', 'allen82', 'Crystal Henry', '838 Berry Inlet, South Sara, CO 38997', 'ce62444176539ba1a01f87f54c159c0b');
insert into user (id, role, user_name, display_name, details, password_hash) values (28, 'Seller', 'joneslance', 'Watkins-Rodriguez', 'Particularly yes morning less. Public benefit which reflect clearly. Created on: 2006-06-13.', '9ef04810f7755dc8aa7ac943f8a1f6ef');
insert into user (id, role, user_name, display_name, details, password_hash) values (29, 'Warehouse Admin', 'xrivera', 'Michael Moore', '40', 'eb3497460b655c5e7f4727c8ec429bbb');
insert into user (id, role, user_name, display_name, details, password_hash) values (30, 'Customer', 'qsantos', 'Stephanie Mccann', '0538 Garcia Curve, North Alison, RI 71461', '2c956f6cf766ccb721413b6f39af1f37');
insert into user (id, role, user_name, display_name, details, password_hash) values (31, 'Warehouse Admin', 'lindsey38', 'Neil Schroeder', '32', '745c73be1c0c0567009292e42272a0cc');
insert into user (id, role, user_name, display_name, details, password_hash) values (32, 'Customer', 'whitecynthia', 'Jonathan Campbell', '3803 Mccann Street Apt. 039, Millerhaven, AL 91944', '95db6cae63a87c77b2fe3a4c4bb5cbe3');
insert into user (id, role, user_name, display_name, details, password_hash) values (33, 'Seller', 'stevenrobertson', 'Johnson Ltd', 'Form art light security. Magazine group under little organization see. Created on: 1973-01-16.', 'cbe150a02492e8579726d04226d6c2fc');
insert into user (id, role, user_name, display_name, details, password_hash) values (34, 'Seller', 'epearson', 'Foster Inc', 'Try whatever my cost region maintain. People at claim personal center reality try. Wish conference nation let. Created on: 2014-06-30.', '9bddfbad2a55f9556922af480ef1f6e0');
insert into user (id, role, user_name, display_name, details, password_hash) values (35, 'Seller', 'brownmark', 'Huynh, Hernandez and Bates', 'On old prove fact trip big. Us show back pick decision reality director. Created on: 1997-11-03.', '9b9d581a748b289762189e190a184d24');
insert into user (id, role, user_name, display_name, details, password_hash) values (36, 'Customer', 'ksavage', 'James Robles', '188 Suzanne Stravenue Apt. 047, Morganmouth, KS 16662', '65f4103c3e77308dd82460355b6185e8');
insert into user (id, role, user_name, display_name, details, password_hash) values (37, 'Customer', 'mosleystephanie', 'Ashley Sheppard', 'USCGC Austin, FPO AA 44865', 'cba9e338522d666d1bc22e694ad493ed');
insert into user (id, role, user_name, display_name, details, password_hash) values (38, 'Seller', 'johnanderson', 'Simon-Donaldson', 'Tree threat employee notice bed. War including next treat. Created on: 2012-01-09.', '08fffbb91efefcd4979b7ccb1f11ea14');
insert into user (id, role, user_name, display_name, details, password_hash) values (39, 'Warehouse Admin', 'cortezbonnie', 'Brian Harris', '50', '3f8b01e6d33368e500425ad2407f8a90');
insert into user (id, role, user_name, display_name, details, password_hash) values (40, 'Warehouse Admin', 'christopher15', 'David Hayes', '45', '2bdd925454b096462dea4d2f8b246f77');
insert into user (id, role, user_name, display_name, details, password_hash) values (41, 'Seller', 'susanrodriguez', 'Edwards, Bailey and Hall', 'For as I nation exist something. Thing data strategy within. Created on: 1983-12-12.', '3131163162471485be801f4f4e650510');
insert into user (id, role, user_name, display_name, details, password_hash) values (42, 'Customer', 'melissa70', 'Alicia Fernandez', '3251 Wilson Fall Suite 576, Dickersonburgh, GU 73293', '8dd00f357ce980359fac150a4461406d');
insert into user (id, role, user_name, display_name, details, password_hash) values (43, 'Warehouse Admin', 'kimberlylopez', 'Jennifer Bradshaw', '38', '69bb8058d31dd281b53fd4d9799e85a7');
insert into user (id, role, user_name, display_name, details, password_hash) values (44, 'Customer', 'rebecca94', 'Julie Estrada', '3051 Mark Forges Apt. 344, Hudsonchester, VA 82765', '0702c88c3b58ebf6c3d536b27835a2fa');
insert into user (id, role, user_name, display_name, details, password_hash) values (45, 'Customer', 'david20', 'Ryan Torres', '57956 Parks Spring Suite 437, New Justinborough, HI 78964', '49286c3c13c92a62d51dfcd069fa62c5');
insert into user (id, role, user_name, display_name, details, password_hash) values (46, 'Warehouse Admin', 'lauren82', 'Michele Clayton', '18', '2de7dd36cebdba7df9a427ac758ebf44');
insert into user (id, role, user_name, display_name, details, password_hash) values (47, 'Warehouse Admin', 'xdunn', 'Diana Olson', '32', 'f0d1e073890f804a3af2044dda98c4d8');
insert into user (id, role, user_name, display_name, details, password_hash) values (48, 'Customer', 'bradleytyler', 'Carolyn Summers', '76724 Boyd Ports, Kevintown, WI 81922', '613829d10c9cbf71d872ca9942ca4379');
insert into user (id, role, user_name, display_name, details, password_hash) values (49, 'Customer', 'panderson', 'Trevor Morales', '250 Brenda Run, South Todd, MT 69501', 'dc570e03ac77301d7b2f92185e0ed5ae');
insert into user (id, role, user_name, display_name, details, password_hash) values (50, 'Seller', 'dprice', 'Williams Ltd', 'Thousand although decade small fine. Land check else treat century. Created on: 2019-05-03.', '97de4d07c59c94ca8234f8da19f904cf');
insert into user (id, role, user_name, display_name, details, password_hash) values (51, 'Seller', 'timothy37', 'Allen PLC', 'Culture ever story section. Kind product exist consider poor speech there. Created on: 2003-04-25.', 'ba615b531bcc382bb827c7e19586e9f3');
insert into user (id, role, user_name, display_name, details, password_hash) values (52, 'Seller', 'charlotte68', 'Ross LLC', 'Bill particular want politics national. Oil control school. Fill hair game old discussion future. Created on: 2005-02-21.', '0cd954b4799a7912214fc9e7c16bea99');
insert into user (id, role, user_name, display_name, details, password_hash) values (53, 'Warehouse Admin', 'psummers', 'Crystal Downs', '15', 'bcfd7c3865a7f4c15e219786a9c75e24');
insert into user (id, role, user_name, display_name, details, password_hash) values (54, 'Customer', 'lindsay34', 'Christopher Baker', '8979 Fisher Plaza, Garyside, NJ 05113', '129012e6cca6150f7cf6c8fca5a57967');
insert into user (id, role, user_name, display_name, details, password_hash) values (55, 'Seller', 'lawrencephillips', 'Hernandez, Joseph and Cochran', 'Main avoid green important between. Outside director hundred. Created on: 1989-04-13.', 'cf869191674106d40bd5dbdc576e52ac');
insert into user (id, role, user_name, display_name, details, password_hash) values (56, 'Customer', 'mjohnson', 'John Griffin', '2501 Kimberly Trafficway, Devinview, MO 89427', 'd8110eddf3d7c95b167784bf8619236c');
insert into user (id, role, user_name, display_name, details, password_hash) values (57, 'Seller', 'baileycaitlin', 'Thompson, Garcia and Gonzalez', 'Wish memory set. Recognize organization particularly. Created on: 2017-07-09.', 'bc13f1ce005a5a0e31194c5079213c0d');
insert into user (id, role, user_name, display_name, details, password_hash) values (58, 'Warehouse Admin', 'donald77', 'Calvin Lee', '16', '4862e7304f25430b9011b631010918b9');
insert into user (id, role, user_name, display_name, details, password_hash) values (59, 'Customer', 'zimmermancraig', 'Brett Wilkins', '88890 Hodges Port, New Drewville, WY 06614', '4e9f8ab01081a6c93d9cf9effc17690b');
insert into user (id, role, user_name, display_name, details, password_hash) values (60, 'Seller', 'levineapril', 'Medina PLC', 'Art style choice owner word score. Better since plan ability floor drop certainly. Certain me church day American forward successful. Created on: 2012-12-31.', '2aa650835fb6f286b093d22b958cc11b');
insert into user (id, role, user_name, display_name, details, password_hash) values (61, 'Warehouse Admin', 'rileypatel', 'Phillip Maxwell', '9', '1faa04e1cdb1e96804e5a07479128332');
insert into user (id, role, user_name, display_name, details, password_hash) values (62, 'Seller', 'donnaparrish', 'Wilson, Li and Cruz', 'Condition computer development explain Mrs. Soon partner program current suddenly fund. Created on: 2015-10-29.', 'a68856fec54280952ad310e45ee5b4eb');
insert into user (id, role, user_name, display_name, details, password_hash) values (63, 'Customer', 'elizabeth54', 'Betty Smith', '97721 Bernard Walk, Conwayberg, LA 28065', 'a667c51b0844e8f8ecf6a4d90af34f49');
insert into user (id, role, user_name, display_name, details, password_hash) values (64, 'Seller', 'gregory05', 'Allen and Sons', 'Again focus stay provide another. Job bed economic source final far question movement. Created on: 1993-03-05.', 'c60d303e74190f2eea7f27fd783299af');
insert into user (id, role, user_name, display_name, details, password_hash) values (65, 'Customer', 'jhill', 'David Pope', '41439 Christopher Green Apt. 143, West Jamesstad, NV 36736', 'd8468d4f2f50feff6a8fcb4fb9d6e04f');
insert into user (id, role, user_name, display_name, details, password_hash) values (66, 'Seller', 'smithjessica', 'Williams PLC', 'Series institution interesting light scene trade. Machine great big. Created on: 1983-08-14.', '538ebbee8e0d30fbf2802365fe8dc674');
insert into user (id, role, user_name, display_name, details, password_hash) values (67, 'Seller', 'tgates', 'Kirby-Dominguez', 'Hundred produce condition ago such prove high. Only husband successful interesting. Expert responsibility generation loss none couple culture. Created on: 2014-02-12.', '2cc7857745f2d4aadbff54abd3d011f9');
insert into user (id, role, user_name, display_name, details, password_hash) values (68, 'Customer', 'davistina', 'Jennifer Hernandez', '970 Matthew Union Apt. 199, Lake Kimberlymouth, MA 49655', 'f830b906d34026584d39cb5c337e3bbf');
insert into user (id, role, user_name, display_name, details, password_hash) values (69, 'Customer', 'hailey76', 'Allison Ward', '241 Patricia Loop Apt. 670, New Morganside, HI 19615', '363ea5920dd4a66710c1b459d58eada5');
insert into user (id, role, user_name, display_name, details, password_hash) values (70, 'Warehouse Admin', 'phillipscurtis', 'Tanya Howell', '50', 'b09cf08434350bea5111da912814165e');
insert into user (id, role, user_name, display_name, details, password_hash) values (71, 'Seller', 'josephmurphy', 'Copeland, Wallace and Hernandez', 'Third reality method try push call effort spend. Able its describe. Factor stop yes product. Created on: 1983-06-12.', '47b233229f1e15d8ce66b10d728fc1d6');
insert into user (id, role, user_name, display_name, details, password_hash) values (72, 'Warehouse Admin', 'georgeferrell', 'Anna Cruz', '43', 'd3e328655fb957afed1ac1ccf9338d53');
insert into user (id, role, user_name, display_name, details, password_hash) values (73, 'Seller', 'ajoseph', 'Padilla, Moore and Bowen', 'Between response difficult people sea yard check. Work add little kid prove. Created on: 1987-07-28.', '7ba498e3a0fe8e3009f9fb7d023bb3af');
insert into user (id, role, user_name, display_name, details, password_hash) values (74, 'Seller', 'joanbryant', 'Callahan, Hoffman and Boyd', 'Why across drug discuss me ten up. Created on: 2004-02-11.', '6dda1343a643750e96f2e9704cdcc95f');
insert into user (id, role, user_name, display_name, details, password_hash) values (75, 'Seller', 'millerbarbara', 'Wood-Lloyd', 'You there foot they prevent spring shoulder modern. Break beautiful debate son product should trip. Service our statement local bad join whose different. Created on: 2022-05-13.', '3e51ec77571df0ac1dcfe23f062abbec');
insert into user (id, role, user_name, display_name, details, password_hash) values (76, 'Warehouse Admin', 'karenrodriguez', 'Jacob Johnson', '12', '86005d7d913eda65e7536c5e555a5dbd');
insert into user (id, role, user_name, display_name, details, password_hash) values (77, 'Warehouse Admin', 'greenrichard', 'Mrs. Andrea Simon', '46', '4cde4a97be8e5de42e595696918f942f');
insert into user (id, role, user_name, display_name, details, password_hash) values (78, 'Warehouse Admin', 'econrad', 'Maria Watson', '50', '5881f704f881ee760db14f6b8dfdfbf1');
insert into user (id, role, user_name, display_name, details, password_hash) values (79, 'Customer', 'aaronwillis', 'Nancy Jones', '46261 James Burg Suite 607, Smithtown, HI 72611', '6cb3eaec68876416a5beb229ca0325ab');
insert into user (id, role, user_name, display_name, details, password_hash) values (80, 'Customer', 'kathryngonzalez', 'Susan Johnson', '3989 Guzman Underpass, North Lisachester, ND 75555', '24adbdb983c7718282f4faeb1e051add');
insert into user (id, role, user_name, display_name, details, password_hash) values (81, 'Warehouse Admin', 'burnettamy', 'Lisa Davila', '37', '2665da7e16de1f00252f3a458b8d2a0d');
insert into user (id, role, user_name, display_name, details, password_hash) values (82, 'Seller', 'lauraking', 'Phillips LLC', 'Hot feeling artist full news. Certain me between. Write once name force. Created on: 1983-05-25.', 'c4709b2169358c2632444d28da9fdf5e');
insert into user (id, role, user_name, display_name, details, password_hash) values (83, 'Customer', 'sheilamcgrath', 'Warren Craig', '2388 Michael Stravenue Apt. 501, South Kimberlymouth, VT 24759', '5eee3b0bfc6e8a66026a60e2ae11466b');
insert into user (id, role, user_name, display_name, details, password_hash) values (84, 'Seller', 'gjenkins', 'Harrington-Rodriguez', 'Federal letter short support themselves former successful. Easy build poor evidence memory rest. Created on: 2017-09-30.', '79342e1663e80be6b18541944760bbe5');
insert into user (id, role, user_name, display_name, details, password_hash) values (85, 'Customer', 'ashlee52', 'Courtney Smith', '3344 Richard Rue Apt. 912, Maldonadobury, VI 21002', '5a963269ed29a82705ea0ca5b905c911');
insert into user (id, role, user_name, display_name, details, password_hash) values (86, 'Warehouse Admin', 'robertharrington', 'Amanda Dean', '50', '576c5aae9ac447fe569fbf43d7aaac73');
insert into user (id, role, user_name, display_name, details, password_hash) values (87, 'Warehouse Admin', 'garciajonathan', 'Anne Tran', '27', '72ca436f3a01cd667e04eb431dd83125');
insert into user (id, role, user_name, display_name, details, password_hash) values (88, 'Warehouse Admin', 'greyes', 'Emily Johnston', '48', '965adcd52d1e045110ab14e16710eb08');
insert into user (id, role, user_name, display_name, details, password_hash) values (89, 'Seller', 'kelly80', 'Day PLC', 'Value perform pressure hospital always. Your goal pull arm. Created on: 1981-03-09.', 'fbb4119152dd68c56d7d764222ecc8ab');
insert into user (id, role, user_name, display_name, details, password_hash) values (90, 'Customer', 'hannahmcmillan', 'Lynn Jones', '582 Sharon Island, South Patrickborough, NM 84955', 'bed8600840db1fdbbc26f3b462513660');
insert into user (id, role, user_name, display_name, details, password_hash) values (91, 'Warehouse Admin', 'david23', 'Monica Taylor', '37', 'f5d58903a0219b897dbcb4312aadcf6f');
insert into user (id, role, user_name, display_name, details, password_hash) values (92, 'Customer', 'hrodriguez', 'Steven Chavez', '1109 Corey Prairie, East Kimberlyfurt, KS 47410', '1db6e612401a02b84580f0e02b75e807');
insert into user (id, role, user_name, display_name, details, password_hash) values (93, 'Customer', 'lhernandez', 'Hector Green', '7828 Erin Motorway Apt. 588, Heathermouth, NH 01706', '30fd00de521f06e0d3d73f7c67dcd443');
insert into user (id, role, user_name, display_name, details, password_hash) values (94, 'Seller', 'leonardmichael', 'Spencer and Sons', 'Daughter participant go along. Created on: 2021-07-06.', '7e175f9e141bf938f81f4e74a0dd6ae1');
insert into user (id, role, user_name, display_name, details, password_hash) values (95, 'Seller', 'james31', 'Preston, Cuevas and Gillespie', 'Admit step trouble entire difficult serve development. Success test character woman car physical. Created on: 1998-08-17.', '7150e3cbb2d109074193eb5003e70bd3');
insert into user (id, role, user_name, display_name, details, password_hash) values (96, 'Customer', 'johnbrady', 'Cynthia Martinez', '8883 Bennett Manors, North Alyssatown, AK 08043', '501a5c2c1bf7945dec8e9a8746ec3332');
insert into user (id, role, user_name, display_name, details, password_hash) values (97, 'Customer', 'leslie27', 'Jill Wright', '22639 Alexandra Roads, Cameronborough, NM 52115', '43db184dfea59a6542a724ba43aa620c');
insert into user (id, role, user_name, display_name, details, password_hash) values (98, 'Customer', 'cbradford', 'Michele Davidson', '696 Megan Street, Port Savannah, DC 77474', '061f7ed6589bfe5a500bae2d8c7d102b');
insert into user (id, role, user_name, display_name, details, password_hash) values (99, 'Seller', 'uhinton', 'Rhodes-Simpson', 'As less industry. Author end away that price staff. Effort themselves available improve. Created on: 1976-08-21.', '118fcfaa8d3a54d47a97476b1cbebf79');
insert into user (id, role, user_name, display_name, details, password_hash) values (100, 'Seller', 'jonesrobert', 'Murphy-Patton', 'Decision onto always spring glass high. Fire across campaign matter. Created on: 2011-05-09.', 'afe9b7f3d51666d64c3df7054ab0796a');
insert into warehouse (id, name, address, total_area, remaining_area) values (1, 'Andersonchester 92', '2931 Harris Port, Richardsonberg, TN 77467', 8586, 8037);
insert into warehouse (id, name, address, total_area, remaining_area) values (2, 'Billmouth 32', '905 Tim Shoals, Mirandafort, MI 69208', 3483, 3219);
insert into warehouse (id, name, address, total_area, remaining_area) values (3, 'West Maria 10', '874 Anderson Village, East Mike, WY 50011', 3569, 2589);
insert into warehouse (id, name, address, total_area, remaining_area) values (4, 'East Henry 2', '74967 Sanchez Trace, Port Danielleborough, CO 58010', 3364, 2561);
insert into warehouse (id, name, address, total_area, remaining_area) values (5, 'West Vicki 30', 'USNV Freeman, FPO AE 37459', 2206, 2170);
insert into warehouse (id, name, address, total_area, remaining_area) values (6, 'Lewisland 95', '3217 Brittany Trafficway, Jacobsmouth, NY 98371', 4183, 3599);
insert into warehouse (id, name, address, total_area, remaining_area) values (7, 'Port Lisa 67', '47036 Donald Ridges, West Courtney, WV 82275', 2231, 1907);
insert into warehouse (id, name, address, total_area, remaining_area) values (8, 'New Stacy 80', '580 Cameron Tunnel, West Gregoryport, SD 57260', 11753, 10887);
insert into warehouse (id, name, address, total_area, remaining_area) values (9, 'West Sydney 81', '693 Charles Stream Apt. 546, Port Jerryfurt, GA 74892', 2020, 1289);
insert into warehouse (id, name, address, total_area, remaining_area) values (10, 'West Abigail 86', 'PSC 5097, Box 1871, APO AE 60288', 4259, 4189);
insert into warehouse (id, name, address, total_area, remaining_area) values (11, 'Lisahaven 91', 'PSC 7679, Box 7725, APO AE 83282', 2675, 1843);
insert into warehouse (id, name, address, total_area, remaining_area) values (12, 'Lake Christinaberg 69', '5658 Jason Point Suite 075, New Brandon, KY 24079', 2796, 2671);
insert into warehouse (id, name, address, total_area, remaining_area) values (13, 'East Nancybury 85', '1594 Baker Throughway, Lake Johnberg, PW 19756', 4996, 4528);
insert into warehouse (id, name, address, total_area, remaining_area) values (14, 'Port Christopherport 100', '4233 Dennis Prairie Suite 456, Cooperville, NE 69057', 11012, 10373);
insert into warehouse (id, name, address, total_area, remaining_area) values (15, 'Mitchellview 88', 'USCGC Luna, FPO AA 60423', 9427, 9259);
insert into warehouse (id, name, address, total_area, remaining_area) values (16, 'South Sandra 92', '722 Freeman Viaduct, North Pamelaland, OR 12810', 5842, 5668);
insert into warehouse (id, name, address, total_area, remaining_area) values (17, 'Justinview 80', '5234 Odom Shores, Port Connor, ME 23005', 10854, 10780);
insert into warehouse (id, name, address, total_area, remaining_area) values (18, 'Justinmouth 11', '544 Hayley Inlet Suite 726, Whiteside, NC 10720', 5537, 5061);
insert into warehouse (id, name, address, total_area, remaining_area) values (19, 'North Paulamouth 53', '4568 Williams Loop Apt. 204, Kellyton, AR 63885', 1347, 1055);
insert into warehouse (id, name, address, total_area, remaining_area) values (20, 'West David 32', '4907 Carter Centers, New Jason, MI 29247', 1549, 757);
insert into product (id, title, seller_id, price, category, length, width, height, image, created_at, updated_at) values (1, 'FireBrick Happy Guarantee No. 74', 67, 90783, 'Boy Clothing and Accessories', 97, 83, 75, 'begin.jpeg', '2003-11-19 21:57:46', '2020-04-10 14:03:18');
insert into product (id, title, seller_id, price, category, length, width, height, image, created_at, updated_at) values (2, 'Born in British Indian Ocean Territory (Chagos Archipelago): Lonely Friend No. 778', 73, 524410, 'Girl Clothing and Accessories', 85, 54, 108, 'should.tiff', '1970-08-01 05:52:55', '1980-03-08 05:34:07');
insert into product (id, title, seller_id, price, category, length, width, height, image, created_at, updated_at) values (3, 'Trujillo-Diazs Legal Priority Version 323', 35, 368241, 'Male Accessories', 130, 28, 142, 'citizen.jpeg', '1981-04-08 03:24:45', '2006-03-30 07:01:33');
insert into product (id, title, seller_id, price, category, length, width, height, image, created_at, updated_at) values (4, 'Made in Netherlands Antilles: Clean Assist Edition 294', 73, 609991, 'Bed', 63, 47, 13, 'wide.png', '2003-09-04 20:15:24', '2011-11-29 12:23:36');
insert into product (id, title, seller_id, price, category, length, width, height, image, created_at, updated_at) values (5, 'Ind. Scotts Acceptable Satisfaction Gen. 31', 11, 539567, 'Lamps', 122, 31, 115, 'management.jpg', '1976-08-21 10:20:51', '2006-11-13 15:34:42');
insert into product (id, title, seller_id, price, category, length, width, height, image, created_at, updated_at) values (6, 'Mrs. Wilsons Spiritual Muscle Variance 23', 16, 175081, 'Bed', 46, 88, 86, 'imagine.jpg', '2018-06-03 09:14:31', '2021-08-11 01:21:44');
insert into product (id, title, seller_id, price, category, length, width, height, image, created_at, updated_at) values (7, 'Weiss-Browns Enough Project Version 512', 38, 494448, 'Ball Sports', 111, 37, 14, 'soldier.png', '1976-02-27 15:01:33', '1992-06-24 19:58:04');
insert into product (id, title, seller_id, price, category, length, width, height, image, created_at, updated_at) values (8, 'Green Southern Shoulder Variance 767', 57, 248898, 'Phone', 104, 37, 39, 'theory.tiff', '1974-12-21 11:24:31', '2012-06-30 20:03:00');
insert into product (id, title, seller_id, price, category, length, width, height, image, created_at, updated_at) values (9, 'Mrs. Gonzalezs Spare Sister MK 293', 71, 862898, 'Phone Accessories', 82, 18, 122, 'where.bmp', '1975-01-27 17:16:28', '1988-04-25 20:53:32');
insert into product (id, title, seller_id, price, category, length, width, height, image, created_at, updated_at) values (10, 'LightGreen Last Dish Version 635', 64, 661529, 'Refridgerator', 73, 14, 121, 'probably.gif', '2018-08-21 15:12:22', '2020-11-25 16:51:50');
insert into product (id, title, seller_id, price, category, length, width, height, image, created_at, updated_at) values (11, 'RoyalBlue Calm Driver Prototype #857', 73, 341087, 'Bed', 15, 29, 48, 'president.png', '2009-12-16 22:22:52', '2017-10-27 19:33:10');
insert into product (id, title, seller_id, price, category, length, width, height, image, created_at, updated_at) values (12, 'Born in Comoros: United Notice Gen. 94', 41, 510124, 'Bed', 72, 16, 17, 'little.jpg', '1976-10-07 06:18:33', '2003-11-19 20:18:51');
insert into product (id, title, seller_id, price, category, length, width, height, image, created_at, updated_at) values (13, 'Made in American Samoa: Free Bug No. 317', 23, 871783, 'Girl Clothing and Accessories', 103, 40, 82, 'try.gif', '1976-10-02 17:34:25', '1980-03-07 03:46:45');
insert into product (id, title, seller_id, price, category, length, width, height, image, created_at, updated_at) values (14, 'Misc. Moores Late Gold Gen. 506', 55, 33210, 'Cooker and Oven', 52, 19, 112, 'later.jpeg', '2002-10-09 10:17:33', '2013-06-21 04:27:24');
insert into product (id, title, seller_id, price, category, length, width, height, image, created_at, updated_at) values (15, 'Made in Tajikistan: Remarkable War Variance 610', 50, 613822, 'Computer Accessories', 34, 58, 120, 'follow.png', '1987-06-14 22:02:02', '1999-02-18 03:50:15');
insert into product (id, title, seller_id, price, category, length, width, height, image, created_at, updated_at) values (16, 'Made in Falkland Islands (Malvinas): Weird Brick Edition 200', 82, 995134, 'Racket Sports', 96, 66, 43, 'fear.png', '1993-09-03 23:10:14', '2001-02-09 11:53:04');
insert into product (id, title, seller_id, price, category, length, width, height, image, created_at, updated_at) values (17, 'DarkBlue Hard Fortune MK 685', 11, 191045, 'Ball Sports', 92, 80, 130, 'room.png', '2020-05-22 16:20:36', '2022-04-22 22:15:27');
insert into product (id, title, seller_id, price, category, length, width, height, image, created_at, updated_at) values (18, 'Calhoun PLCs Brilliant Cash Prototype #348', 62, 903323, 'Boy Clothing and Accessories', 21, 66, 53, 'its.png', '1980-02-23 23:40:56', '1981-05-26 19:46:12');
insert into product (id, title, seller_id, price, category, length, width, height, image, created_at, updated_at) values (19, 'Mx. Riveras Working Bicycle No. 958', 55, 154386, 'Cooker and Oven', 48, 25, 150, 'exist.jpg', '1977-08-20 01:06:55', '2011-06-07 09:03:09');
insert into product (id, title, seller_id, price, category, length, width, height, image, created_at, updated_at) values (20, 'MediumSeaGreen Worth Task Edition 41', 38, 613028, 'Wall Decoration', 28, 33, 52, 'recognize.tiff', '1979-02-10 08:23:00', '2017-07-27 10:30:21');
insert into product (id, title, seller_id, price, category, length, width, height, image, created_at, updated_at) values (21, 'Born in Palau: Main District Variance 937', 51, 648249, 'Female Accessories', 91, 80, 107, 'glass.jpeg', '1974-05-26 05:03:18', '1999-06-30 01:37:15');
insert into product (id, title, seller_id, price, category, length, width, height, image, created_at, updated_at) values (22, 'Olive Cultural Delivery No. 329', 73, 858627, 'TV', 112, 35, 149, 'under.bmp', '1976-09-20 07:30:18', '2010-04-15 04:20:13');
insert into product (id, title, seller_id, price, category, length, width, height, image, created_at, updated_at) values (23, 'Williams Ltds Major Loan Prototype #872', 26, 132386, 'Phone Accessories', 135, 33, 80, 'peace.gif', '1994-02-08 23:55:27', '2008-03-13 13:44:25');
insert into product (id, title, seller_id, price, category, length, width, height, image, created_at, updated_at) values (24, 'Fields, Acosta and Smiths Past Bat No. 64', 57, 882407, 'Racket Sports', 57, 45, 128, 'student.tiff', '1983-03-29 23:53:32', '1984-11-12 06:41:05');
insert into product (id, title, seller_id, price, category, length, width, height, image, created_at, updated_at) values (25, 'Wheat Easy Championship Prototype #991', 8, 55100, 'Phone', 79, 20, 99, 'program.tiff', '2013-09-25 12:21:01', '2023-08-10 07:40:23');
insert into product (id, title, seller_id, price, category, length, width, height, image, created_at, updated_at) values (26, 'LightSkyBlue Wonderful Title Edition 554', 99, 351296, 'Male Sportswear', 22, 48, 50, 'election.png', '1974-06-11 00:05:03', '2020-04-09 19:16:31');
insert into product (id, title, seller_id, price, category, length, width, height, image, created_at, updated_at) values (27, 'Wheat Representative Challenge Variance 447', 95, 426045, 'Lamps', 141, 54, 72, 'pressure.jpg', '1988-07-01 01:59:16', '2013-05-16 19:00:10');
insert into product (id, title, seller_id, price, category, length, width, height, image, created_at, updated_at) values (28, 'Mr. Bairds Fresh Roof Variance 420', 57, 870534, 'Chairs and Sofas', 117, 80, 66, 'lose.gif', '1979-01-31 13:17:15', '2002-06-19 00:00:16');
insert into product (id, title, seller_id, price, category, length, width, height, image, created_at, updated_at) values (29, 'Brown Neat Lesson MK 761', 67, 367772, 'Lamps', 15, 25, 22, 'heart.jpg', '1973-01-13 15:45:47', '1993-07-31 06:15:16');
insert into product (id, title, seller_id, price, category, length, width, height, image, created_at, updated_at) values (30, 'DarkSeaGreen Unlikely Afternoon Gen. 934', 51, 361637, 'Phone Accessories', 142, 64, 75, 'artist.jpeg', '2001-05-04 05:32:01', '2021-09-21 18:47:03');
insert into product (id, title, seller_id, price, category, length, width, height, image, created_at, updated_at) values (31, 'Miss Jacobss Perfect Tone Gen. 784', 74, 640716, 'Floor Decoration', 58, 13, 42, 'page.bmp', '1999-09-05 15:37:35', '2009-10-15 20:38:09');
insert into product (id, title, seller_id, price, category, length, width, height, image, created_at, updated_at) values (32, 'Mx. Phillipss Important Feedback Version 123', 66, 526792, 'Computer', 79, 53, 31, 'trade.jpeg', '1998-07-18 23:11:53', '2019-06-05 18:26:55');
insert into product (id, title, seller_id, price, category, length, width, height, image, created_at, updated_at) values (33, 'Made in Puerto Rico: Weekly Anger Prototype #380', 5, 718710, 'Ball Sports', 44, 19, 73, 'law.bmp', '1981-10-11 12:43:42', '2020-01-21 14:28:14');
insert into product (id, title, seller_id, price, category, length, width, height, image, created_at, updated_at) values (34, 'Gutierrez Groups Dark Literature MK 199', 23, 809754, 'Phone', 49, 18, 90, 'police.gif', '1979-08-06 02:35:19', '2016-04-05 02:37:33');
insert into product (id, title, seller_id, price, category, length, width, height, image, created_at, updated_at) values (35, 'Misc. Pattersons Helpful Gas Variance 585', 33, 75940, 'Racket Sports', 80, 71, 70, 'down.png', '1973-06-23 11:44:51', '2016-12-11 12:28:06');
insert into product (id, title, seller_id, price, category, length, width, height, image, created_at, updated_at) values (36, 'Wallace Incs Capable Crack Version 641', 51, 996198, 'Girl Clothing and Accessories', 76, 74, 108, 'right.jpeg', '2007-01-09 19:56:43', '2015-12-16 11:17:30');
insert into product (id, title, seller_id, price, category, length, width, height, image, created_at, updated_at) values (37, 'Watson-Huffs Sure Specialist Version 465', 74, 802692, 'Computer', 108, 17, 47, 'standard.png', '1978-06-18 02:45:38', '1988-05-21 14:29:28');
insert into product (id, title, seller_id, price, category, length, width, height, image, created_at, updated_at) values (38, 'Orchid Wonderful Classroom Gen. 117', 99, 524667, 'Female Accessories', 122, 64, 30, 'some.jpeg', '1993-09-07 00:37:41', '2018-03-30 20:54:40');
insert into product (id, title, seller_id, price, category, length, width, height, image, created_at, updated_at) values (39, 'Dr. Leblancs Human Snow Edition 722', 94, 439621, 'Chairs and Sofas', 97, 45, 137, 'painting.bmp', '1976-10-01 04:05:31', '2019-03-27 06:35:23');
insert into product (id, title, seller_id, price, category, length, width, height, image, created_at, updated_at) values (40, 'Mr. Durans Exact Page Prototype #307', 34, 268042, 'Female Accessories', 129, 80, 67, 'which.bmp', '2006-10-12 04:13:35', '2018-09-27 19:49:13');
insert into product (id, title, seller_id, price, category, length, width, height, image, created_at, updated_at) values (41, 'Made in Somalia: Private Description Prototype #947', 26, 314252, 'Phone', 105, 40, 12, 'effect.jpg', '1980-03-10 22:24:52', '2004-07-17 23:55:17');
insert into product (id, title, seller_id, price, category, length, width, height, image, created_at, updated_at) values (42, 'LightBlue Massive Food Edition 314', 5, 868301, 'Female Clothing', 14, 52, 22, 'meeting.png', '1996-11-15 13:41:58', '2021-05-06 19:23:31');
insert into product (id, title, seller_id, price, category, length, width, height, image, created_at, updated_at) values (43, 'MediumTurquoise Opposite Night Variance 157', 51, 36254, 'Chairs and Sofas', 33, 26, 26, 'Republican.tiff', '1998-10-28 23:52:10', '1999-01-01 18:09:10');
insert into product (id, title, seller_id, price, category, length, width, height, image, created_at, updated_at) values (44, 'Jones-Hoods Rough Unit No. 57', 95, 829002, 'Female Sportswear', 36, 71, 120, 'amount.jpeg', '1976-03-25 06:16:32', '2021-06-01 01:34:14');
insert into product (id, title, seller_id, price, category, length, width, height, image, created_at, updated_at) values (45, 'Born in Rwanda: Friendly Drop Version 523', 99, 839244, 'Refridgerator', 108, 36, 18, 'half.bmp', '1981-03-12 19:53:16', '2018-09-07 15:11:07');
insert into product (id, title, seller_id, price, category, length, width, height, image, created_at, updated_at) values (46, 'Clark-Ryans Emotional Work Prototype #18', 60, 33173, 'Ball Sports', 51, 51, 81, 'should.tiff', '1997-12-06 11:08:43', '2021-11-14 22:44:43');
insert into product (id, title, seller_id, price, category, length, width, height, image, created_at, updated_at) values (47, 'Mr. Hulls Primary Quantity Variance 766', 34, 127095, 'Phone', 52, 22, 145, 'large.png', '1982-01-05 21:48:40', '2011-06-18 08:47:30');
insert into product (id, title, seller_id, price, category, length, width, height, image, created_at, updated_at) values (48, 'Dr. Mccarthys Huge Combination Version 894', 38, 869946, 'Girl Clothing and Accessories', 24, 39, 73, 'wish.jpeg', '1989-12-02 13:13:00', '2013-07-30 12:33:29');
insert into product (id, title, seller_id, price, category, length, width, height, image, created_at, updated_at) values (49, 'Mr. Millers Public Trainer Version 455', 67, 494400, 'Male Clothing', 109, 48, 60, 'opportunity.jpg', '1971-03-17 09:48:52', '1982-05-25 18:13:11');
insert into product (id, title, seller_id, price, category, length, width, height, image, created_at, updated_at) values (50, 'Bell Incs Cold Blow Prototype #360', 55, 979052, 'Chairs and Sofas', 104, 38, 116, 'end.gif', '1970-05-16 15:18:59', '1980-04-25 05:11:48');
insert into product (id, title, seller_id, price, category, length, width, height, image, created_at, updated_at) values (51, 'Whitehead, Morrison and Obriens Perfect Sector Gen. 911', 51, 354978, 'Ball Sports', 37, 38, 66, 'travel.jpeg', '1994-02-15 12:32:21', '1996-08-16 16:24:40');
insert into product (id, title, seller_id, price, category, length, width, height, image, created_at, updated_at) values (52, 'SlateBlue National State Variance 219', 34, 236265, 'Cooker and Oven', 122, 35, 128, 'black.jpg', '1982-08-26 23:36:25', '1997-10-01 06:19:40');
insert into product (id, title, seller_id, price, category, length, width, height, image, created_at, updated_at) values (53, 'DarkOrange Busy Television Prototype #798', 16, 866196, 'Female Sportswear', 127, 77, 96, 'film.tiff', '1990-04-21 05:50:36', '2001-11-09 09:19:50');
insert into product (id, title, seller_id, price, category, length, width, height, image, created_at, updated_at) values (54, 'Mx. Haleys Dramatic Math Variance 681', 84, 424198, 'Female Sportswear', 60, 67, 46, 'citizen.tiff', '1998-01-31 14:34:25', '2022-07-17 22:08:33');
insert into product (id, title, seller_id, price, category, length, width, height, image, created_at, updated_at) values (55, 'Miss Wheelers Young Nail Variance 761', 57, 647653, 'Bed', 22, 70, 114, 'mission.gif', '2001-10-15 21:50:41', '2008-07-25 17:21:41');
insert into product (id, title, seller_id, price, category, length, width, height, image, created_at, updated_at) values (56, 'Wise PLCs Certain Chicken Gen. 851', 33, 245786, 'TV', 27, 78, 48, 'southern.jpg', '2017-08-09 10:44:58', '2018-10-17 14:07:00');
insert into product (id, title, seller_id, price, category, length, width, height, image, created_at, updated_at) values (57, 'Kramer, Shelton and Lewiss Dramatic Comment Prototype #60', 74, 246216, 'Boy Clothing and Accessories', 78, 45, 148, 'analysis.png', '1992-10-07 02:41:54', '2016-03-08 01:27:23');
insert into product (id, title, seller_id, price, category, length, width, height, image, created_at, updated_at) values (58, 'Mrs. Maynards Equivalent Recording Edition 746', 73, 517878, 'TV', 38, 88, 145, 'spend.png', '1986-12-22 06:27:37', '1996-10-05 17:05:01');
insert into product (id, title, seller_id, price, category, length, width, height, image, created_at, updated_at) values (59, 'MintCream Heavy Session Prototype #361', 28, 912539, 'Girl Clothing and Accessories', 77, 24, 86, 'executive.bmp', '1988-10-27 01:41:32', '1992-01-15 10:33:13');
insert into product (id, title, seller_id, price, category, length, width, height, image, created_at, updated_at) values (60, 'Miss Shaws Proud Attitude MK 476', 57, 315188, 'Phone', 60, 29, 93, 'their.jpg', '1980-05-29 04:35:39', '1997-02-14 10:22:37');
insert into product (id, title, seller_id, price, category, length, width, height, image, created_at, updated_at) values (61, 'SpringGreen False Complaint Version 18', 38, 853818, 'Phone', 20, 69, 141, 'might.bmp', '2001-02-10 02:31:58', '2020-01-05 11:18:40');
insert into product (id, title, seller_id, price, category, length, width, height, image, created_at, updated_at) values (62, 'Made in Bosnia and Herzegovina: Next Analysis Gen. 400', 26, 24296, 'Male Clothing', 119, 49, 80, 'mean.gif', '1985-10-20 16:25:06', '2022-01-24 00:03:28');
insert into product (id, title, seller_id, price, category, length, width, height, image, created_at, updated_at) values (63, 'LightYellow Gross Chicken Edition 456', 66, 875941, 'Male Sportswear', 66, 86, 95, 'know.bmp', '1990-03-22 08:28:12', '2019-08-13 08:47:32');
insert into product (id, title, seller_id, price, category, length, width, height, image, created_at, updated_at) values (64, 'Born in New Caledonia: Useful Structure MK 597', 57, 993651, 'Wall Decoration', 117, 56, 20, 'paper.gif', '2013-08-15 06:20:32', '2015-10-30 08:21:40');
insert into product (id, title, seller_id, price, category, length, width, height, image, created_at, updated_at) values (65, 'Mrs. Taylors Formal Mouse No. 717', 33, 65502, 'Bed', 107, 90, 107, 'trade.png', '1974-08-14 01:48:50', '2010-12-20 03:33:32');
insert into product (id, title, seller_id, price, category, length, width, height, image, created_at, updated_at) values (66, 'Howard-Watsons Still Sandwich No. 472', 41, 414632, 'Racket Sports', 73, 66, 29, 'nearly.tiff', '1977-06-08 09:31:27', '1996-11-16 22:58:15');
insert into product (id, title, seller_id, price, category, length, width, height, image, created_at, updated_at) values (67, 'Finley and Sonss Aware Organization Variance 293', 33, 631476, 'Racket Sports', 125, 86, 92, 'fill.jpg', '1990-03-19 00:48:14', '2009-02-13 12:20:33');
insert into product (id, title, seller_id, price, category, length, width, height, image, created_at, updated_at) values (68, 'Mrs. Landrys Opposite Fish Version 940', 28, 202901, 'Male Clothing', 20, 63, 12, 'increase.jpeg', '1978-11-21 22:44:22', '2002-12-29 08:05:08');
insert into product (id, title, seller_id, price, category, length, width, height, image, created_at, updated_at) values (69, 'LightYellow Double Face No. 937', 5, 30520, 'Racket Sports', 104, 36, 40, 'establish.jpg', '1993-04-23 12:07:15', '2016-05-12 22:28:31');
insert into product (id, title, seller_id, price, category, length, width, height, image, created_at, updated_at) values (70, 'Born in Puerto Rico: Poor Date Variance 90', 66, 594530, 'Refridgerator', 99, 49, 138, 'himself.bmp', '1989-09-12 00:22:36', '2010-11-01 10:11:37');
insert into product (id, title, seller_id, price, category, length, width, height, image, created_at, updated_at) values (71, 'Made in South Georgia and the South Sandwich Islands: Cold Success Variance 234', 67, 760215, 'Boy Clothing and Accessories', 123, 17, 106, 'concern.png', '1983-02-04 08:11:47', '2013-02-16 14:45:46');
insert into product (id, title, seller_id, price, category, length, width, height, image, created_at, updated_at) values (72, 'Mx. Mayss Latter Grocery Version 14', 66, 286531, 'Phone Accessories', 63, 85, 150, 'three.tiff', '1970-03-29 18:55:52', '1988-07-28 23:26:55');
insert into product (id, title, seller_id, price, category, length, width, height, image, created_at, updated_at) values (73, 'Aqua Same Wing Version 326', 66, 769496, 'Wall Decoration', 131, 20, 77, 'nor.png', '1997-07-03 14:30:41', '2009-09-22 15:03:21');
insert into product (id, title, seller_id, price, category, length, width, height, image, created_at, updated_at) values (74, 'Mr. Thompsons Various Hearing Variance 720', 82, 411360, 'Phone Accessories', 126, 65, 52, 'suddenly.png', '1984-03-29 22:46:31', '2006-09-30 18:04:52');
insert into product (id, title, seller_id, price, category, length, width, height, image, created_at, updated_at) values (75, 'Harris-Carsons Warm Holiday Version 796', 57, 970759, 'Floor Decoration', 43, 20, 66, 'low.png', '1985-11-30 17:59:02', '2008-11-30 15:28:19');
insert into product (id, title, seller_id, price, category, length, width, height, image, created_at, updated_at) values (76, 'Baker-Hills Medical Resort Prototype #363', 62, 294215, 'Boy Clothing and Accessories', 125, 30, 25, 'young.jpg', '1977-07-29 17:53:25', '2007-02-19 11:33:39');
insert into product (id, title, seller_id, price, category, length, width, height, image, created_at, updated_at) values (77, 'Born in Micronesia: Clear Phase Variance 204', 71, 175083, 'Floor Decoration', 107, 15, 12, 'than.png', '1977-06-14 10:39:05', '1992-09-22 10:33:07');
insert into product (id, title, seller_id, price, category, length, width, height, image, created_at, updated_at) values (78, 'Garcia, Barker and Brocks High Half Version 366', 23, 365709, 'Ball Sports', 32, 82, 62, 'sit.jpg', '1982-07-29 04:54:32', '2000-07-22 00:12:08');
insert into product (id, title, seller_id, price, category, length, width, height, image, created_at, updated_at) values (79, 'Ms. Crosss Angry House Gen. 256', 62, 27127, 'Female Sportswear', 49, 32, 13, 'book.tiff', '1981-02-15 19:28:50', '1984-06-23 04:45:19');
insert into product (id, title, seller_id, price, category, length, width, height, image, created_at, updated_at) values (80, 'Allen, Sloan and Hardings Civil Joint Prototype #7', 75, 642510, 'Refridgerator', 26, 39, 33, 'few.gif', '1975-06-19 02:16:40', '2007-12-21 12:56:25');
insert into product (id, title, seller_id, price, category, length, width, height, image, created_at, updated_at) values (81, 'Mr. Josephs Ill Education Variance 367', 60, 426102, 'Floor Decoration', 139, 18, 145, 'phone.tiff', '1975-11-30 21:23:21', '2022-05-19 16:41:31');
insert into product (id, title, seller_id, price, category, length, width, height, image, created_at, updated_at) values (82, 'LightCoral Cute Imagination Prototype #575', 66, 176646, 'Racket Sports', 87, 17, 30, 'moment.bmp', '1975-03-19 17:17:17', '2014-11-08 18:42:53');
insert into product (id, title, seller_id, price, category, length, width, height, image, created_at, updated_at) values (83, 'Ramos Groups Strange Price MK 663', 94, 935520, 'Male Clothing', 116, 47, 47, 'face.png', '1980-10-01 06:20:25', '2015-03-25 09:00:45');
insert into product (id, title, seller_id, price, category, length, width, height, image, created_at, updated_at) values (84, 'Nelson, Brock and Cunninghams Able Conclusion Variance 701', 89, 599716, 'Bed', 25, 44, 19, 'son.bmp', '1999-03-20 07:11:34', '2014-06-21 11:53:56');
insert into product (id, title, seller_id, price, category, length, width, height, image, created_at, updated_at) values (85, 'Dr. Bests Competitive Agency Gen. 144', 99, 254626, 'Male Accessories', 138, 71, 64, 'thus.gif', '1993-01-31 13:26:52', '2006-12-30 05:09:34');
insert into product (id, title, seller_id, price, category, length, width, height, image, created_at, updated_at) values (86, 'Made in Vanuatu: Electrical Bread Gen. 110', 66, 694305, 'Phone Accessories', 29, 35, 53, 'debate.png', '1993-05-11 07:01:35', '1999-10-04 13:06:09');
insert into product (id, title, seller_id, price, category, length, width, height, image, created_at, updated_at) values (87, 'DarkTurquoise Right Error Prototype #503', 23, 452316, 'Floor Decoration', 87, 46, 121, 'beyond.gif', '1975-09-18 09:48:48', '1979-08-01 18:57:40');
insert into product (id, title, seller_id, price, category, length, width, height, image, created_at, updated_at) values (88, 'Johnson, Miller and Rogerss Severe Delivery Gen. 991', 11, 52739, 'Floor Decoration', 20, 70, 48, 'old.gif', '1976-05-22 19:52:22', '1991-07-27 09:08:53');
insert into product (id, title, seller_id, price, category, length, width, height, image, created_at, updated_at) values (89, 'Made in Uganda: All Bedroom Prototype #16', 95, 64497, 'Male Accessories', 56, 59, 71, 'tree.tiff', '1977-10-18 04:20:33', '2017-07-07 16:30:35');
insert into product (id, title, seller_id, price, category, length, width, height, image, created_at, updated_at) values (90, 'Black Final Bottle Gen. 909', 5, 912956, 'Chairs and Sofas', 62, 84, 32, 'shake.jpg', '2004-12-28 10:00:08', '2017-12-15 19:27:12');
insert into product (id, title, seller_id, price, category, length, width, height, image, created_at, updated_at) values (91, 'Born in Bhutan: Unlikely Profile Gen. 554', 60, 24873, 'Phone Accessories', 84, 84, 19, 'member.bmp', '2007-11-23 17:55:22', '2017-08-02 23:33:03');
insert into product (id, title, seller_id, price, category, length, width, height, image, created_at, updated_at) values (92, 'Oconnor LLCs Beautiful Link Gen. 563', 95, 249206, 'Phone Accessories', 41, 30, 32, 'especially.jpg', '1974-10-04 12:02:31', '1990-09-30 18:46:07');
insert into product (id, title, seller_id, price, category, length, width, height, image, created_at, updated_at) values (93, 'Brown Boring Emotion No. 505', 38, 566122, 'Male Accessories', 69, 89, 65, 'fall.tiff', '2001-09-16 03:14:33', '2004-02-18 19:38:33');
insert into product (id, title, seller_id, price, category, length, width, height, image, created_at, updated_at) values (94, 'Mrs. Riveras Equal Till Gen. 649', 60, 822342, 'Girl Clothing and Accessories', 50, 81, 120, 'which.png', '2008-01-24 07:11:35', '2020-02-24 15:29:36');
insert into product (id, title, seller_id, price, category, length, width, height, image, created_at, updated_at) values (95, 'Mrs. Drakes Various Recommendation No. 924', 34, 711577, 'Ball Sports', 130, 13, 126, 'another.gif', '1971-05-09 10:39:06', '1988-04-23 10:25:07');
insert into product (id, title, seller_id, price, category, length, width, height, image, created_at, updated_at) values (96, 'Dr. Hughess Current Tennis Edition 283', 62, 379161, 'Wall Decoration', 55, 70, 96, 'mind.jpg', '1974-03-11 23:26:30', '2000-10-29 17:01:49');
insert into product (id, title, seller_id, price, category, length, width, height, image, created_at, updated_at) values (97, 'Franklin-Caldwells Remarkable Presentation Prototype #899', 89, 843770, 'Phone Accessories', 63, 87, 40, 'national.png', '2011-10-16 21:21:23', '2014-01-30 13:01:22');
insert into product (id, title, seller_id, price, category, length, width, height, image, created_at, updated_at) values (98, 'Reynolds, Williams and Wilsons National Argument Variance 837', 99, 626199, 'Bed', 123, 62, 16, 'cost.jpg', '1993-11-05 07:26:40', '2007-05-19 08:10:05');
insert into product (id, title, seller_id, price, category, length, width, height, image, created_at, updated_at) values (99, 'Mr. Cochrans Most Stage Prototype #776', 15, 249666, 'Male Clothing', 74, 49, 136, 'this.tiff', '1975-07-11 03:59:28', '1981-07-29 05:17:42');
insert into product (id, title, seller_id, price, category, length, width, height, image, created_at, updated_at) values (100, 'Mx. Mccanns Federal Word Edition 427', 50, 140720, 'TV', 104, 64, 132, 'day.jpg', '1994-05-27 06:40:18', '2021-05-10 01:57:40');
insert into product (id, title, seller_id, price, category, length, width, height, image, created_at, updated_at) values (101, 'Dr. Munozs Efficient Bunch MK 880', 35, 268713, 'TV', 143, 47, 80, 'wind.jpg', '1970-11-12 08:17:23', '2001-04-19 16:00:02');
insert into product (id, title, seller_id, price, category, length, width, height, image, created_at, updated_at) values (102, 'Dr. Gonzalezs Relevant Lecture Edition 146', 33, 549734, 'Phone', 120, 10, 138, 'civil.jpeg', '1992-03-03 20:19:51', '2015-03-23 21:16:12');
insert into product (id, title, seller_id, price, category, length, width, height, image, created_at, updated_at) values (103, 'DarkSalmon Practical Towel Variance 905', 51, 908800, 'Girl Clothing and Accessories', 50, 43, 83, 'human.gif', '1982-11-20 03:41:43', '1992-12-22 14:42:33');
insert into product (id, title, seller_id, price, category, length, width, height, image, created_at, updated_at) values (104, 'LightGray Slight Lack Variance 611', 99, 825144, 'Female Sportswear', 10, 34, 129, 'significant.png', '1971-09-09 18:12:50', '1991-09-16 22:29:48');
insert into product (id, title, seller_id, price, category, length, width, height, image, created_at, updated_at) values (105, 'Elliott, Moreno and Coopers Raw Path Prototype #241', 52, 207688, 'Male Clothing', 130, 22, 104, 'wind.png', '2017-03-14 06:37:21', '2021-10-21 05:49:38');
insert into product (id, title, seller_id, price, category, length, width, height, image, created_at, updated_at) values (106, 'Misc. Woodwards Thin Friendship Edition 161', 50, 607506, 'Racket Sports', 133, 44, 20, 'seem.tiff', '1984-04-18 13:13:10', '2018-09-24 07:40:10');
insert into product (id, title, seller_id, price, category, length, width, height, image, created_at, updated_at) values (107, 'Mx. Thorntons Local Oil Edition 212', 100, 688679, 'Boy Clothing and Accessories', 41, 74, 136, 'fill.bmp', '1970-10-29 21:15:18', '1993-08-28 06:11:25');
insert into product (id, title, seller_id, price, category, length, width, height, image, created_at, updated_at) values (108, 'Mrs. Dominguezs Clear Lake Prototype #611', 64, 372038, 'Female Clothing', 62, 12, 68, 'manager.jpg', '1976-07-12 07:36:50', '2007-07-13 06:12:46');
insert into product (id, title, seller_id, price, category, length, width, height, image, created_at, updated_at) values (109, 'SlateGray Certain Bus Variance 494', 55, 380526, 'Ball Sports', 149, 61, 87, 'especially.tiff', '1974-04-05 01:22:20', '2022-08-16 01:19:27');
insert into product (id, title, seller_id, price, category, length, width, height, image, created_at, updated_at) values (110, 'Ind. Mejias Sick Country Gen. 962', 26, 511568, 'TV', 62, 70, 43, 'save.tiff', '2019-09-17 14:41:08', '2020-01-16 16:28:28');
insert into product (id, title, seller_id, price, category, length, width, height, image, created_at, updated_at) values (111, 'Born in Papua New Guinea: Hot Animal Prototype #24', 100, 796740, 'Ball Sports', 92, 63, 119, 'listen.jpg', '1994-08-14 23:22:34', '1994-09-20 00:50:45');
insert into product (id, title, seller_id, price, category, length, width, height, image, created_at, updated_at) values (112, 'Made in Tokelau: Difficult Character Edition 899', 57, 692085, 'Computer', 82, 42, 99, 'ability.tiff', '2005-05-02 06:34:32', '2013-09-03 12:18:18');
insert into product (id, title, seller_id, price, category, length, width, height, image, created_at, updated_at) values (113, 'Made in Bermuda: Pregnant Mall Variance 95', 99, 54382, 'Boy Clothing and Accessories', 33, 50, 55, 'physical.bmp', '1979-09-19 19:42:56', '2004-11-24 22:08:00');
insert into product (id, title, seller_id, price, category, length, width, height, image, created_at, updated_at) values (114, 'Made in Colombia: Beautiful Farm No. 872', 95, 118680, 'TV', 110, 76, 150, 'watch.jpeg', '2011-08-16 20:22:43', '2012-12-08 19:27:11');
insert into product (id, title, seller_id, price, category, length, width, height, image, created_at, updated_at) values (115, 'Made in Saint Martin: Commercial Resort Prototype #161', 95, 161992, 'Male Clothing', 52, 89, 150, 'key.png', '1997-04-23 10:36:18', '2022-04-02 15:22:55');
insert into product (id, title, seller_id, price, category, length, width, height, image, created_at, updated_at) values (116, 'Born in Korea: Psychological Respect Gen. 757', 94, 188961, 'Male Accessories', 26, 30, 85, 'citizen.jpeg', '1978-04-20 09:51:13', '2017-10-20 03:07:45');
insert into product (id, title, seller_id, price, category, length, width, height, image, created_at, updated_at) values (117, 'Born in Honduras: Careful Salary Prototype #567', 35, 331857, 'Female Clothing', 125, 25, 118, 'yes.tiff', '1995-05-25 15:53:46', '2020-10-20 07:52:29');
insert into product (id, title, seller_id, price, category, length, width, height, image, created_at, updated_at) values (118, 'Fox-Lesters Angry Sun Version 751', 57, 743289, 'Male Clothing', 60, 85, 148, 'around.jpeg', '1992-06-30 06:13:15', '1999-03-06 03:19:26');
insert into product (id, title, seller_id, price, category, length, width, height, image, created_at, updated_at) values (119, 'Made in Angola: Sensitive Award Prototype #577', 35, 821739, 'Wall Decoration', 34, 18, 41, 'ok.gif', '1981-03-05 07:31:09', '1985-01-01 06:48:08');
insert into product (id, title, seller_id, price, category, length, width, height, image, created_at, updated_at) values (120, 'Made in Chile: Negative Expert Prototype #610', 84, 952057, 'Female Clothing', 11, 29, 88, 'because.gif', '1982-12-21 14:29:58', '1992-10-15 21:58:39');
insert into product (id, title, seller_id, price, category, length, width, height, image, created_at, updated_at) values (121, 'Dr. Petersons Low Shirt Version 86', 64, 862696, 'Female Sportswear', 89, 20, 55, 'bit.gif', '1979-04-11 00:48:45', '2001-02-15 14:07:11');
insert into product (id, title, seller_id, price, category, length, width, height, image, created_at, updated_at) values (122, 'SeaShell Poor Champion Version 981', 11, 454840, 'Computer', 12, 59, 80, 'Mr.jpeg', '2015-06-16 05:18:43', '2019-05-06 01:11:20');
insert into product (id, title, seller_id, price, category, length, width, height, image, created_at, updated_at) values (123, 'Mr. Brays Simple Scene No. 994', 15, 204936, 'Bed', 83, 32, 65, 'trial.gif', '1989-04-04 09:08:59', '1991-12-30 22:33:16');
insert into product (id, title, seller_id, price, category, length, width, height, image, created_at, updated_at) values (124, 'Mr. Reeds Secret Library No. 782', 60, 821674, 'Phone Accessories', 125, 74, 22, 'capital.png', '1975-03-23 10:00:58', '2013-10-23 17:03:45');
insert into product (id, title, seller_id, price, category, length, width, height, image, created_at, updated_at) values (125, 'Mx. Williamss Mobile Interaction Version 853', 89, 451555, 'Cooker and Oven', 150, 75, 51, 'in.jpg', '1972-04-14 01:13:25', '1991-04-05 16:48:09');
insert into product (id, title, seller_id, price, category, length, width, height, image, created_at, updated_at) values (126, 'Ryan-Rosarios Several Appeal No. 431', 52, 236720, 'Female Clothing', 116, 16, 89, 'movie.tiff', '1971-08-03 09:59:46', '2003-07-11 06:03:40');
insert into product (id, title, seller_id, price, category, length, width, height, image, created_at, updated_at) values (127, 'Born in Cape Verde: Safe Role No. 778', 95, 507197, 'Male Clothing', 13, 77, 99, 'unit.jpg', '2015-05-07 21:42:58', '2015-12-04 18:43:16');
insert into product (id, title, seller_id, price, category, length, width, height, image, created_at, updated_at) values (128, 'LightGoldenRodYellow Silly Phone Variance 768', 64, 948634, 'Computer', 73, 78, 112, 'religious.bmp', '1989-01-16 11:11:38', '1989-09-30 00:00:47');
insert into product (id, title, seller_id, price, category, length, width, height, image, created_at, updated_at) values (129, 'LimeGreen Any Holiday Gen. 600', 74, 964921, 'Floor Decoration', 120, 83, 21, 'course.tiff', '2007-10-23 01:09:54', '2016-05-10 19:40:13');
insert into product (id, title, seller_id, price, category, length, width, height, image, created_at, updated_at) values (130, 'Mr. Griffins Little Living MK 500', 15, 180135, 'Male Sportswear', 120, 40, 18, 'pay.gif', '1978-08-16 17:16:18', '2016-05-05 19:53:54');
insert into product (id, title, seller_id, price, category, length, width, height, image, created_at, updated_at) values (131, 'Born in Lithuania: Nasty Pizza No. 488', 60, 894481, 'Male Accessories', 25, 56, 146, 'some.bmp', '1998-09-08 11:37:18', '2012-06-15 17:09:34');
insert into product (id, title, seller_id, price, category, length, width, height, image, created_at, updated_at) values (132, 'Garcia, Davis and Robbinss Correct Politics No. 752', 100, 400770, 'Girl Clothing and Accessories', 43, 37, 20, 'me.jpg', '1989-04-20 02:21:00', '1997-07-23 00:27:05');
insert into product (id, title, seller_id, price, category, length, width, height, image, created_at, updated_at) values (133, 'Middleton-Robinsons Pretty Distribution Version 259', 73, 603419, 'Wall Decoration', 135, 30, 138, 'run.gif', '1976-06-19 12:05:43', '2023-01-06 00:03:29');
insert into product (id, title, seller_id, price, category, length, width, height, image, created_at, updated_at) values (134, 'Plum International Bench Edition 226', 26, 642602, 'Racket Sports', 90, 35, 18, 'subject.jpeg', '1998-11-02 10:10:02', '2021-05-20 06:27:59');
insert into product (id, title, seller_id, price, category, length, width, height, image, created_at, updated_at) values (135, 'Made in India: Small Foundation Gen. 114', 34, 573947, 'Cooker and Oven', 44, 63, 26, 'hotel.bmp', '1990-01-11 07:55:41', '1993-06-20 21:49:55');
insert into product (id, title, seller_id, price, category, length, width, height, image, created_at, updated_at) values (136, 'Made in Northern Mariana Islands: Clear Vehicle Edition 117', 82, 11184, 'Lamps', 18, 31, 116, 'try.gif', '1990-01-11 14:29:12', '2004-07-26 06:54:02');
insert into product (id, title, seller_id, price, category, length, width, height, image, created_at, updated_at) values (137, 'Misc. Welchs Young Husband Prototype #535', 34, 651168, 'Phone', 76, 39, 81, 'herself.tiff', '1980-10-15 05:42:04', '2012-04-08 13:43:44');
insert into product (id, title, seller_id, price, category, length, width, height, image, created_at, updated_at) values (138, 'Mr. Robinsons Left Food Prototype #876', 84, 75197, 'Racket Sports', 11, 43, 75, 'skin.jpeg', '1991-03-11 11:38:16', '2009-05-12 17:41:06');
insert into product (id, title, seller_id, price, category, length, width, height, image, created_at, updated_at) values (139, 'Mx. Juarezs Excellent Couple No. 562', 26, 694030, 'Racket Sports', 136, 89, 139, 'station.jpeg', '2002-03-14 10:25:01', '2012-10-24 00:14:44');
insert into product (id, title, seller_id, price, category, length, width, height, image, created_at, updated_at) values (140, 'Mr. Reeds Sweet Month MK 855', 8, 504328, 'Racket Sports', 33, 32, 134, 'often.png', '1990-08-25 20:14:20', '1992-01-21 03:54:52');
insert into product (id, title, seller_id, price, category, length, width, height, image, created_at, updated_at) values (141, 'Born in Azerbaijan: Male Trip MK 617', 67, 678086, 'Refridgerator', 81, 36, 24, 'admit.gif', '1971-05-04 17:22:26', '1985-07-01 22:18:16');
insert into product (id, title, seller_id, price, category, length, width, height, image, created_at, updated_at) values (142, 'PaleGoldenRod Creative Scheme Gen. 473', 73, 280922, 'Female Accessories', 31, 71, 78, 'blue.bmp', '2020-04-25 14:32:14', '2021-06-22 04:25:09');
insert into product (id, title, seller_id, price, category, length, width, height, image, created_at, updated_at) values (143, 'DeepPink Helpful Alarm Prototype #305', 67, 102515, 'Chairs and Sofas', 37, 38, 93, 'speech.png', '2006-05-14 10:31:47', '2015-05-31 01:57:56');
insert into product (id, title, seller_id, price, category, length, width, height, image, created_at, updated_at) values (144, 'Watson, Anthony and Wilsons Inevitable Ball Prototype #697', 23, 389508, 'TV', 139, 35, 53, 'call.png', '1977-08-31 12:16:00', '1992-02-23 02:52:42');
insert into product (id, title, seller_id, price, category, length, width, height, image, created_at, updated_at) values (145, 'Mx. Berrys Simple Computer Prototype #365', 73, 90945, 'Female Accessories', 115, 39, 108, 'every.tiff', '1991-12-28 15:14:37', '2016-03-28 13:07:30');
insert into product (id, title, seller_id, price, category, length, width, height, image, created_at, updated_at) values (146, 'Made in Honduras: Straight Scheme Prototype #510', 15, 435373, 'Male Clothing', 45, 69, 141, 'provide.jpg', '2000-11-11 08:08:49', '2019-09-04 11:02:08');
insert into product (id, title, seller_id, price, category, length, width, height, image, created_at, updated_at) values (147, 'MediumBlue Adult Mail MK 886', 26, 614930, 'Cooker and Oven', 130, 43, 90, 'wait.png', '1978-05-13 20:04:24', '2003-02-22 09:30:54');
insert into product (id, title, seller_id, price, category, length, width, height, image, created_at, updated_at) values (148, 'RoyalBlue Psychological Half No. 201', 28, 629182, 'Phone', 139, 53, 132, 'executive.tiff', '1984-04-26 18:45:56', '2005-11-11 08:58:02');
insert into product (id, title, seller_id, price, category, length, width, height, image, created_at, updated_at) values (149, 'Davis Groups Grand Year Prototype #484', 23, 563869, 'Racket Sports', 49, 74, 11, 'sure.jpeg', '2007-07-27 23:29:48', '2011-03-24 02:19:43');
insert into product (id, title, seller_id, price, category, length, width, height, image, created_at, updated_at) values (150, 'Made in Dominica: Tight Presence Gen. 17', 28, 254948, 'Computer Accessories', 61, 88, 58, 'real.jpg', '1979-12-24 06:17:45', '2020-08-30 17:50:07');
insert into product (id, title, seller_id, price, category, length, width, height, image, created_at, updated_at) values (151, 'MidnightBlue Green Experience Version 436', 71, 867323, 'Male Clothing', 50, 40, 11, 'parent.tiff', '1976-07-06 14:58:09', '1987-07-03 20:30:36');
insert into product (id, title, seller_id, price, category, length, width, height, image, created_at, updated_at) values (152, 'Made in South Africa: Odd Software Edition 517', 35, 154758, 'Boy Clothing and Accessories', 79, 51, 116, 'course.jpg', '1988-01-18 18:12:01', '1996-12-25 02:55:03');
insert into product (id, title, seller_id, price, category, length, width, height, image, created_at, updated_at) values (153, 'Born in South Georgia and the South Sandwich Islands: Strong Meaning Variance 940', 38, 171866, 'Racket Sports', 65, 38, 92, 'success.png', '1972-03-18 17:56:16', '1998-07-14 21:56:21');
insert into product (id, title, seller_id, price, category, length, width, height, image, created_at, updated_at) values (154, 'Weaver PLCs Alone Mind Prototype #518', 34, 937449, 'Male Sportswear', 24, 64, 64, 'may.jpg', '2000-12-21 11:02:23', '2002-05-06 18:11:24');
insert into product (id, title, seller_id, price, category, length, width, height, image, created_at, updated_at) values (155, 'Mr. Stewarts Typical Reality MK 688', 57, 860906, 'Refridgerator', 124, 15, 128, 'same.jpg', '1975-12-19 17:54:17', '2002-06-20 18:16:50');
insert into product (id, title, seller_id, price, category, length, width, height, image, created_at, updated_at) values (156, 'Mr. Browns Responsible Parent MK 791', 66, 318932, 'Male Sportswear', 78, 38, 107, 'field.jpg', '1983-07-06 06:35:00', '1998-08-11 21:40:28');
insert into product (id, title, seller_id, price, category, length, width, height, image, created_at, updated_at) values (157, 'Burke and Sonss Many Union Edition 879', 16, 324285, 'Male Sportswear', 13, 81, 139, 'simply.gif', '1985-12-08 01:10:04', '2010-07-26 16:08:45');
insert into product (id, title, seller_id, price, category, length, width, height, image, created_at, updated_at) values (158, 'MediumOrchid Eastern Bit Gen. 151', 71, 202667, 'Male Sportswear', 65, 16, 95, 'very.jpg', '1995-10-28 08:17:39', '2020-11-25 14:57:52');
insert into product (id, title, seller_id, price, category, length, width, height, image, created_at, updated_at) values (159, 'DarkMagenta Able Mission Edition 944', 100, 407189, 'TV', 47, 44, 150, 'green.jpg', '1996-11-04 10:23:04', '2016-11-07 07:35:49');
insert into product (id, title, seller_id, price, category, length, width, height, image, created_at, updated_at) values (160, 'Mr. Kleins Fast Winner Edition 893', 34, 854917, 'Phone', 104, 66, 73, 'house.gif', '2017-03-22 00:10:58', '2023-04-16 16:37:46');
insert into product (id, title, seller_id, price, category, length, width, height, image, created_at, updated_at) values (161, 'Barker PLCs Alternative Story Version 988', 26, 416537, 'Phone', 105, 28, 138, 'power.tiff', '1982-10-27 12:25:03', '1998-01-06 02:30:41');
insert into product (id, title, seller_id, price, category, length, width, height, image, created_at, updated_at) values (162, 'Mcguire LLCs Royal Pipe Version 773', 100, 890595, 'Male Sportswear', 142, 11, 139, 'west.jpeg', '2002-01-18 11:08:09', '2008-08-05 20:11:36');
insert into product (id, title, seller_id, price, category, length, width, height, image, created_at, updated_at) values (163, 'Mrs. Millers Commercial Chest No. 981', 8, 769328, 'Male Sportswear', 59, 59, 135, 'management.jpg', '1989-03-22 08:10:48', '2014-03-16 22:16:05');
insert into product (id, title, seller_id, price, category, length, width, height, image, created_at, updated_at) values (164, 'Smith LLCs Proud Diamond MK 975', 57, 257403, 'Computer', 138, 85, 114, 'Democrat.gif', '2001-09-26 00:02:00', '2009-02-05 11:53:16');
insert into product (id, title, seller_id, price, category, length, width, height, image, created_at, updated_at) values (165, 'Made in Wallis and Futuna: Successful Inspector Prototype #609', 100, 340953, 'Ball Sports', 13, 65, 144, 'interest.jpeg', '1983-11-24 23:08:57', '2020-09-28 06:21:06');
insert into product (id, title, seller_id, price, category, length, width, height, image, created_at, updated_at) values (166, 'Mr. Rodriguezs Leading Lock Version 726', 11, 695221, 'Phone Accessories', 73, 77, 34, 'item.bmp', '1973-08-20 19:37:39', '1991-12-14 16:16:40');
insert into product (id, title, seller_id, price, category, length, width, height, image, created_at, updated_at) values (167, 'Mr. Rogerss Much Writing Edition 340', 84, 101081, 'TV', 64, 72, 130, 'assume.png', '1976-12-02 19:06:19', '2017-12-03 15:07:48');
insert into product (id, title, seller_id, price, category, length, width, height, image, created_at, updated_at) values (168, 'Barber PLCs Royal Parking MK 944', 60, 712491, 'Male Accessories', 135, 58, 51, 'poor.tiff', '1987-04-20 23:13:53', '2006-04-29 11:46:32');
insert into product (id, title, seller_id, price, category, length, width, height, image, created_at, updated_at) values (169, 'Mrs. Johnsons Next Bother Gen. 689', 71, 300383, 'Female Sportswear', 149, 84, 13, 'camera.bmp', '1977-08-17 07:42:41', '1993-03-10 08:45:41');
insert into product (id, title, seller_id, price, category, length, width, height, image, created_at, updated_at) values (170, 'Nelson, Black and Allisons Wise Blind Edition 961', 66, 363106, 'Refridgerator', 104, 15, 144, 'degree.png', '1972-12-18 03:33:27', '1984-06-01 09:42:41');
insert into product (id, title, seller_id, price, category, length, width, height, image, created_at, updated_at) values (171, 'Schaefer, Huber and Hoovers Ago Tourist Gen. 347', 67, 597079, 'Female Clothing', 42, 53, 115, 'garden.gif', '1976-10-08 23:34:36', '2006-10-16 20:36:10');
insert into product (id, title, seller_id, price, category, length, width, height, image, created_at, updated_at) values (172, 'Dr. Brookss Anxious Mess Edition 558', 64, 16604, 'Girl Clothing and Accessories', 21, 83, 15, 'laugh.bmp', '2011-04-16 03:07:35', '2015-09-25 11:20:51');
insert into product (id, title, seller_id, price, category, length, width, height, image, created_at, updated_at) values (173, 'Made in Bulgaria: Annual Orange Version 195', 8, 20957, 'Bed', 65, 63, 145, 'herself.png', '1988-10-13 11:28:04', '2010-07-11 01:16:19');
insert into product (id, title, seller_id, price, category, length, width, height, image, created_at, updated_at) values (174, 'Born in Venezuela: Exact Buddy MK 418', 52, 846636, 'Computer', 36, 68, 87, 'save.bmp', '2012-06-10 15:12:12', '2016-01-03 08:57:17');
insert into product (id, title, seller_id, price, category, length, width, height, image, created_at, updated_at) values (175, 'Mr. Powells Ordinary Soil Edition 799', 55, 532910, 'Refridgerator', 40, 64, 109, 'physical.jpg', '1979-04-17 13:34:13', '2005-12-12 02:27:51');
insert into product (id, title, seller_id, price, category, length, width, height, image, created_at, updated_at) values (176, 'Mr. Browns Stupid Week Edition 244', 82, 823252, 'Boy Clothing and Accessories', 43, 56, 145, 'policy.jpg', '2008-06-03 00:07:34', '2016-07-19 14:02:42');
insert into product (id, title, seller_id, price, category, length, width, height, image, created_at, updated_at) values (177, 'Born in Tanzania: Fit Sort Prototype #481', 57, 908342, 'Boy Clothing and Accessories', 23, 80, 40, 'already.tiff', '1972-04-24 15:30:33', '2005-09-04 10:56:23');
insert into product (id, title, seller_id, price, category, length, width, height, image, created_at, updated_at) values (178, 'Dr. Chaneys Former Material Variance 37', 57, 290019, 'TV', 17, 59, 78, 'music.jpg', '1990-12-28 22:23:05', '2001-08-29 07:43:27');
insert into product (id, title, seller_id, price, category, length, width, height, image, created_at, updated_at) values (179, 'LemonChiffon Cool Power Gen. 835', 66, 310548, 'Lamps', 41, 45, 111, 'lot.tiff', '1988-04-24 00:51:08', '2014-03-14 09:23:06');
insert into product (id, title, seller_id, price, category, length, width, height, image, created_at, updated_at) values (180, 'SlateBlue Sorry Phrase Gen. 146', 38, 26590, 'Chairs and Sofas', 31, 24, 116, 'character.jpg', '1972-05-27 00:54:08', '1979-07-09 14:45:54');
insert into product (id, title, seller_id, price, category, length, width, height, image, created_at, updated_at) values (181, 'Born in British Indian Ocean Territory (Chagos Archipelago): Positive Exam MK 68', 8, 563778, 'Female Accessories', 120, 13, 26, 'north.jpg', '1979-05-31 00:24:46', '2015-11-12 14:36:02');
insert into product (id, title, seller_id, price, category, length, width, height, image, created_at, updated_at) values (182, 'Turquoise Junior Cream Variance 939', 67, 491982, 'Female Sportswear', 67, 30, 15, 'vote.bmp', '1996-03-30 01:29:01', '2018-11-22 17:49:10');
insert into product (id, title, seller_id, price, category, length, width, height, image, created_at, updated_at) values (183, 'Made in Argentina: Eastern Story Version 577', 57, 476452, 'Female Accessories', 131, 22, 129, 'decision.jpeg', '1982-04-30 06:34:23', '1995-06-19 15:39:58');
insert into product (id, title, seller_id, price, category, length, width, height, image, created_at, updated_at) values (184, 'PaleTurquoise Extreme Draft No. 146', 57, 851417, 'Phone Accessories', 46, 59, 134, 'range.jpg', '1971-03-23 01:58:01', '2007-11-11 07:52:55');
insert into product (id, title, seller_id, price, category, length, width, height, image, created_at, updated_at) values (185, 'Mx. Petersons Brief Champion No. 424', 82, 192441, 'Female Sportswear', 42, 38, 145, 'perform.gif', '1978-03-09 23:00:35', '2018-12-02 20:00:53');
insert into product (id, title, seller_id, price, category, length, width, height, image, created_at, updated_at) values (186, 'MediumOrchid Fair Model Gen. 368', 5, 64581, 'Wall Decoration', 58, 63, 25, 'main.jpeg', '1996-03-04 07:22:28', '2016-07-23 09:31:24');
insert into product (id, title, seller_id, price, category, length, width, height, image, created_at, updated_at) values (187, 'LightPink Usual Union Edition 356', 64, 394817, 'Lamps', 71, 26, 128, 'effort.jpeg', '1989-05-28 22:22:14', '2021-04-17 07:46:00');
insert into product (id, title, seller_id, price, category, length, width, height, image, created_at, updated_at) values (188, 'Mr. Goods Informal Stomach Prototype #923', 28, 911333, 'Phone Accessories', 130, 61, 99, 'visit.bmp', '1983-03-31 09:27:12', '2008-01-02 11:01:17');
insert into product (id, title, seller_id, price, category, length, width, height, image, created_at, updated_at) values (189, 'Jones Incs Whole Result Version 30', 5, 875634, 'Phone Accessories', 28, 33, 130, 'mouth.bmp', '1985-02-01 20:00:18', '1986-09-03 18:05:38');
insert into product (id, title, seller_id, price, category, length, width, height, image, created_at, updated_at) values (190, 'Perez, Johnson and Williamsons Left Organization MK 317', 28, 361543, 'Ball Sports', 31, 79, 62, 'line.bmp', '1982-09-03 03:50:10', '1991-06-02 14:27:34');
insert into product (id, title, seller_id, price, category, length, width, height, image, created_at, updated_at) values (191, 'Bisque Competitive Study MK 570', 82, 580636, 'Refridgerator', 123, 29, 66, 'security.bmp', '1971-06-27 02:33:13', '2011-02-07 13:37:31');
insert into product (id, title, seller_id, price, category, length, width, height, image, created_at, updated_at) values (192, 'CornflowerBlue Suitable Switch Gen. 240', 60, 890782, 'Computer', 92, 89, 150, 'doctor.bmp', '2013-01-09 22:00:22', '2020-01-09 23:50:57');
insert into product (id, title, seller_id, price, category, length, width, height, image, created_at, updated_at) values (193, 'DarkSlateBlue Open Sense Version 281', 71, 890260, 'Male Clothing', 85, 76, 95, 'art.gif', '1980-06-08 05:54:38', '2002-02-05 02:43:57');
insert into product (id, title, seller_id, price, category, length, width, height, image, created_at, updated_at) values (194, 'MediumPurple Dry Article Variance 764', 75, 964527, 'Male Clothing', 122, 38, 11, 'finally.jpg', '1980-11-08 15:35:35', '1992-02-06 16:14:05');
insert into product (id, title, seller_id, price, category, length, width, height, image, created_at, updated_at) values (195, 'Mr. Smiths Annual Discipline Variance 853', 74, 149373, 'Lamps', 11, 54, 60, 'gun.jpg', '1975-02-25 19:21:24', '2017-05-19 17:30:15');
insert into product (id, title, seller_id, price, category, length, width, height, image, created_at, updated_at) values (196, 'SlateBlue Huge Communication Gen. 41', 100, 695142, 'Female Accessories', 65, 70, 101, 'food.jpg', '1981-04-02 22:05:35', '2018-03-27 05:18:11');
insert into product (id, title, seller_id, price, category, length, width, height, image, created_at, updated_at) values (197, 'Lee Groups Individual Buyer Edition 372', 95, 863235, 'Female Clothing', 48, 38, 43, 'everybody.gif', '1972-08-15 03:14:00', '1994-12-12 19:51:31');
insert into product (id, title, seller_id, price, category, length, width, height, image, created_at, updated_at) values (198, 'Johnston PLCs Ugly Salt No. 958', 35, 946112, 'Wall Decoration', 111, 59, 43, 'discover.jpg', '2014-01-31 22:26:01', '2016-05-29 18:58:20');
insert into product (id, title, seller_id, price, category, length, width, height, image, created_at, updated_at) values (199, 'Mr. Jacksons Alone Zone Prototype #613', 50, 731645, 'Computer Accessories', 19, 18, 119, 'social.jpeg', '2013-10-04 17:53:16', '2019-12-22 09:27:58');
insert into product (id, title, seller_id, price, category, length, width, height, image, created_at, updated_at) values (200, 'MediumBlue Ordinary County Edition 473', 38, 580022, 'Phone', 60, 34, 35, 'very.tiff', '1982-09-29 06:59:34', '1998-06-03 21:38:07');
insert into cart_details (customer_id, product_id, quantity) values (6, 43, 12);
insert into cart_details (customer_id, product_id, quantity) values (9, 45, 17);
insert into cart_details (customer_id, product_id, quantity) values (9, 17, 1);
insert into cart_details (customer_id, product_id, quantity) values (10, 59, 19);
insert into cart_details (customer_id, product_id, quantity) values (12, 142, 3);
insert into cart_details (customer_id, product_id, quantity) values (12, 171, 6);
insert into cart_details (customer_id, product_id, quantity) values (13, 99, 12);
insert into cart_details (customer_id, product_id, quantity) values (13, 188, 17);
insert into cart_details (customer_id, product_id, quantity) values (13, 177, 10);
insert into cart_details (customer_id, product_id, quantity) values (18, 72, 1);
insert into cart_details (customer_id, product_id, quantity) values (19, 25, 18);
insert into cart_details (customer_id, product_id, quantity) values (19, 146, 14);
insert into cart_details (customer_id, product_id, quantity) values (19, 108, 15);
insert into cart_details (customer_id, product_id, quantity) values (27, 83, 9);
insert into cart_details (customer_id, product_id, quantity) values (30, 114, 18);
insert into cart_details (customer_id, product_id, quantity) values (30, 48, 7);
insert into cart_details (customer_id, product_id, quantity) values (30, 118, 1);
insert into cart_details (customer_id, product_id, quantity) values (32, 151, 15);
insert into cart_details (customer_id, product_id, quantity) values (32, 69, 20);
insert into cart_details (customer_id, product_id, quantity) values (36, 61, 1);
insert into cart_details (customer_id, product_id, quantity) values (37, 178, 3);
insert into cart_details (customer_id, product_id, quantity) values (37, 167, 10);
insert into cart_details (customer_id, product_id, quantity) values (42, 29, 3);
insert into cart_details (customer_id, product_id, quantity) values (42, 22, 17);
insert into cart_details (customer_id, product_id, quantity) values (44, 14, 15);
insert into cart_details (customer_id, product_id, quantity) values (44, 199, 2);
insert into cart_details (customer_id, product_id, quantity) values (45, 26, 6);
insert into cart_details (customer_id, product_id, quantity) values (45, 153, 20);
insert into cart_details (customer_id, product_id, quantity) values (48, 157, 2);
insert into cart_details (customer_id, product_id, quantity) values (49, 87, 6);
insert into cart_details (customer_id, product_id, quantity) values (54, 164, 5);
insert into cart_details (customer_id, product_id, quantity) values (54, 186, 19);
insert into cart_details (customer_id, product_id, quantity) values (54, 69, 18);
insert into cart_details (customer_id, product_id, quantity) values (56, 128, 18);
insert into cart_details (customer_id, product_id, quantity) values (56, 94, 3);
insert into cart_details (customer_id, product_id, quantity) values (59, 84, 9);
insert into cart_details (customer_id, product_id, quantity) values (59, 126, 12);
insert into cart_details (customer_id, product_id, quantity) values (63, 29, 11);
insert into cart_details (customer_id, product_id, quantity) values (65, 70, 9);
insert into cart_details (customer_id, product_id, quantity) values (68, 3, 4);
insert into cart_details (customer_id, product_id, quantity) values (68, 31, 14);
insert into cart_details (customer_id, product_id, quantity) values (69, 65, 15);
insert into cart_details (customer_id, product_id, quantity) values (69, 20, 12);
insert into cart_details (customer_id, product_id, quantity) values (69, 110, 12);
insert into cart_details (customer_id, product_id, quantity) values (79, 24, 14);
insert into cart_details (customer_id, product_id, quantity) values (79, 74, 10);
insert into cart_details (customer_id, product_id, quantity) values (79, 68, 20);
insert into cart_details (customer_id, product_id, quantity) values (80, 198, 20);
insert into cart_details (customer_id, product_id, quantity) values (80, 200, 16);
insert into cart_details (customer_id, product_id, quantity) values (83, 173, 6);
insert into cart_details (customer_id, product_id, quantity) values (83, 108, 15);
insert into cart_details (customer_id, product_id, quantity) values (83, 58, 3);
insert into cart_details (customer_id, product_id, quantity) values (85, 75, 17);
insert into cart_details (customer_id, product_id, quantity) values (85, 116, 7);
insert into cart_details (customer_id, product_id, quantity) values (90, 55, 1);
insert into cart_details (customer_id, product_id, quantity) values (90, 53, 13);
insert into cart_details (customer_id, product_id, quantity) values (92, 31, 19);
insert into cart_details (customer_id, product_id, quantity) values (93, 25, 13);
insert into cart_details (customer_id, product_id, quantity) values (96, 135, 1);
insert into cart_details (customer_id, product_id, quantity) values (97, 46, 18);
insert into cart_details (customer_id, product_id, quantity) values (97, 132, 20);
insert into cart_details (customer_id, product_id, quantity) values (98, 184, 13);
insert into cart_details (customer_id, product_id, quantity) values (98, 166, 9);
insert into order_details (id, customer_id, status, total_price) values (1, 45, 'Inbound', 137145);
insert into order_details (id, customer_id, status, total_price) values (2, 96, 'Accepted', 510978);
insert into order_details (id, customer_id, status, total_price) values (3, 97, 'Inbound', 100324);
insert into order_details (id, customer_id, status, total_price) values (4, 63, 'Accepted', 997217);
insert into order_details (id, customer_id, status, total_price) values (5, 80, 'Inbound', 380606);
insert into order_details (id, customer_id, status, total_price) values (6, 45, 'Inbound', 171041);
insert into order_details (id, customer_id, status, total_price) values (7, 6, 'Accepted', 991236);
insert into order_details (id, customer_id, status, total_price) values (8, 59, 'Accepted', 235077);
insert into order_details (id, customer_id, status, total_price) values (9, 9, 'Inbound', 253874);
insert into order_details (id, customer_id, status, total_price) values (10, 32, 'Accepted', 235267);
insert into order_details (id, customer_id, status, total_price) values (11, 19, 'Rejected', 532284);
insert into order_details (id, customer_id, status, total_price) values (12, 32, 'Accepted', 385030);
insert into order_details (id, customer_id, status, total_price) values (13, 92, 'Rejected', 261616);
insert into order_details (id, customer_id, status, total_price) values (14, 9, 'Accepted', 296953);
insert into order_details (id, customer_id, status, total_price) values (15, 69, 'Rejected', 107546);
insert into order_details (id, customer_id, status, total_price) values (16, 6, 'Inbound', 123650);
insert into order_details (id, customer_id, status, total_price) values (17, 65, 'Rejected', 485819);
insert into order_details (id, customer_id, status, total_price) values (18, 96, 'Inbound', 858515);
insert into order_details (id, customer_id, status, total_price) values (19, 10, 'Accepted', 283315);
insert into order_details (id, customer_id, status, total_price) values (20, 80, 'Accepted', 842294);
insert into order_details (id, customer_id, status, total_price) values (21, 98, 'Accepted', 278201);
insert into order_details (id, customer_id, status, total_price) values (22, 68, 'Accepted', 970902);
insert into order_details (id, customer_id, status, total_price) values (23, 42, 'Inbound', 985656);
insert into order_details (id, customer_id, status, total_price) values (24, 19, 'Accepted', 705394);
insert into order_details (id, customer_id, status, total_price) values (25, 45, 'Accepted', 23177);
insert into order_details (id, customer_id, status, total_price) values (26, 13, 'Rejected', 506312);
insert into order_details (id, customer_id, status, total_price) values (27, 63, 'Inbound', 372616);
insert into order_details (id, customer_id, status, total_price) values (28, 65, 'Accepted', 993699);
insert into order_details (id, customer_id, status, total_price) values (29, 13, 'Accepted', 634777);
insert into order_details (id, customer_id, status, total_price) values (30, 37, 'Rejected', 268261);
insert into order_details (id, customer_id, status, total_price) values (31, 6, 'Inbound', 84857);
insert into order_details (id, customer_id, status, total_price) values (32, 85, 'Accepted', 154190);
insert into order_details (id, customer_id, status, total_price) values (33, 49, 'Rejected', 649365);
insert into order_details (id, customer_id, status, total_price) values (34, 90, 'Inbound', 782531);
insert into order_details (id, customer_id, status, total_price) values (35, 32, 'Rejected', 417243);
insert into order_details (id, customer_id, status, total_price) values (36, 42, 'Rejected', 725088);
insert into order_details (id, customer_id, status, total_price) values (37, 68, 'Inbound', 669509);
insert into order_details (id, customer_id, status, total_price) values (38, 97, 'Rejected', 64638);
insert into order_details (id, customer_id, status, total_price) values (39, 54, 'Accepted', 893877);
insert into order_details (id, customer_id, status, total_price) values (40, 45, 'Accepted', 805098);
insert into order_details (id, customer_id, status, total_price) values (41, 9, 'Accepted', 827532);
insert into order_details (id, customer_id, status, total_price) values (42, 12, 'Inbound', 342606);
insert into order_details (id, customer_id, status, total_price) values (43, 93, 'Inbound', 289057);
insert into order_details (id, customer_id, status, total_price) values (44, 80, 'Rejected', 231376);
insert into order_details (id, customer_id, status, total_price) values (45, 63, 'Inbound', 755628);
insert into order_details (id, customer_id, status, total_price) values (46, 85, 'Inbound', 462430);
insert into order_details (id, customer_id, status, total_price) values (47, 9, 'Accepted', 660915);
insert into order_details (id, customer_id, status, total_price) values (48, 48, 'Inbound', 67820);
insert into order_details (id, customer_id, status, total_price) values (49, 85, 'Inbound', 698895);
insert into order_details (id, customer_id, status, total_price) values (50, 68, 'Rejected', 993940);
insert into order_details (id, customer_id, status, total_price) values (51, 12, 'Rejected', 233262);
insert into order_details (id, customer_id, status, total_price) values (52, 63, 'Rejected', 726358);
insert into order_details (id, customer_id, status, total_price) values (53, 92, 'Inbound', 63701);
insert into order_details (id, customer_id, status, total_price) values (54, 9, 'Rejected', 943195);
insert into order_details (id, customer_id, status, total_price) values (55, 68, 'Accepted', 138264);
insert into order_details (id, customer_id, status, total_price) values (56, 54, 'Inbound', 27405);
insert into order_details (id, customer_id, status, total_price) values (57, 45, 'Accepted', 226660);
insert into order_details (id, customer_id, status, total_price) values (58, 49, 'Accepted', 884668);
insert into order_details (id, customer_id, status, total_price) values (59, 48, 'Rejected', 539947);
insert into order_details (id, customer_id, status, total_price) values (60, 98, 'Inbound', 454409);
insert into order_details (id, customer_id, status, total_price) values (61, 59, 'Accepted', 187255);
insert into order_details (id, customer_id, status, total_price) values (62, 18, 'Inbound', 159944);
insert into order_details (id, customer_id, status, total_price) values (63, 85, 'Accepted', 332615);
insert into order_details (id, customer_id, status, total_price) values (64, 85, 'Accepted', 330972);
insert into order_details (id, customer_id, status, total_price) values (65, 56, 'Accepted', 606542);
insert into order_details (id, customer_id, status, total_price) values (66, 65, 'Rejected', 666329);
insert into order_details (id, customer_id, status, total_price) values (67, 85, 'Accepted', 903128);
insert into order_details (id, customer_id, status, total_price) values (68, 13, 'Accepted', 251682);
insert into order_details (id, customer_id, status, total_price) values (69, 56, 'Accepted', 165774);
insert into order_details (id, customer_id, status, total_price) values (70, 49, 'Accepted', 242872);
insert into order_details (id, customer_id, status, total_price) values (71, 80, 'Accepted', 961553);
insert into order_details (id, customer_id, status, total_price) values (72, 37, 'Inbound', 257859);
insert into order_details (id, customer_id, status, total_price) values (73, 97, 'Accepted', 345983);
insert into order_details (id, customer_id, status, total_price) values (74, 48, 'Inbound', 826821);
insert into order_details (id, customer_id, status, total_price) values (75, 69, 'Accepted', 186105);
insert into order_details (id, customer_id, status, total_price) values (76, 98, 'Rejected', 148270);
insert into order_details (id, customer_id, status, total_price) values (77, 97, 'Inbound', 474609);
insert into order_details (id, customer_id, status, total_price) values (78, 6, 'Inbound', 538342);
insert into order_details (id, customer_id, status, total_price) values (79, 59, 'Accepted', 789979);
insert into order_details (id, customer_id, status, total_price) values (80, 45, 'Accepted', 876287);
insert into order_details (id, customer_id, status, total_price) values (81, 13, 'Accepted', 591045);
insert into order_details (id, customer_id, status, total_price) values (82, 97, 'Inbound', 233842);
insert into order_details (id, customer_id, status, total_price) values (83, 13, 'Accepted', 149075);
insert into order_details (id, customer_id, status, total_price) values (84, 12, 'Inbound', 697142);
insert into order_details (id, customer_id, status, total_price) values (85, 92, 'Inbound', 590172);
insert into order_details (id, customer_id, status, total_price) values (86, 83, 'Rejected', 451605);
insert into order_details (id, customer_id, status, total_price) values (87, 59, 'Accepted', 140991);
insert into order_details (id, customer_id, status, total_price) values (88, 9, 'Inbound', 393429);
insert into order_details (id, customer_id, status, total_price) values (89, 63, 'Rejected', 579044);
insert into order_details (id, customer_id, status, total_price) values (90, 19, 'Inbound', 498395);
insert into order_details (id, customer_id, status, total_price) values (91, 18, 'Inbound', 732324);
insert into order_details (id, customer_id, status, total_price) values (92, 59, 'Accepted', 480342);
insert into order_details (id, customer_id, status, total_price) values (93, 30, 'Inbound', 444578);
insert into order_details (id, customer_id, status, total_price) values (94, 93, 'Rejected', 864284);
insert into order_details (id, customer_id, status, total_price) values (95, 6, 'Inbound', 955285);
insert into order_details (id, customer_id, status, total_price) values (96, 30, 'Inbound', 875420);
insert into order_details (id, customer_id, status, total_price) values (97, 96, 'Inbound', 96203);
insert into order_details (id, customer_id, status, total_price) values (98, 59, 'Rejected', 385058);
insert into order_details (id, customer_id, status, total_price) values (99, 97, 'Rejected', 982418);
insert into order_details (id, customer_id, status, total_price) values (100, 96, 'Rejected', 83456);
insert into order_item (order_id, product_id, quantity) values (1, 33, 20);
insert into order_item (order_id, product_id, quantity) values (2, 25, 20);
insert into order_item (order_id, product_id, quantity) values (3, 54, 7);
insert into order_item (order_id, product_id, quantity) values (4, 98, 20);
insert into order_item (order_id, product_id, quantity) values (4, 94, 6);
insert into order_item (order_id, product_id, quantity) values (5, 32, 19);
insert into order_item (order_id, product_id, quantity) values (6, 59, 16);
insert into order_item (order_id, product_id, quantity) values (7, 6, 3);
insert into order_item (order_id, product_id, quantity) values (8, 14, 7);
insert into order_item (order_id, product_id, quantity) values (9, 35, 16);
insert into order_item (order_id, product_id, quantity) values (10, 54, 6);
insert into order_item (order_id, product_id, quantity) values (10, 2, 18);
insert into order_item (order_id, product_id, quantity) values (11, 69, 17);
insert into order_item (order_id, product_id, quantity) values (11, 91, 13);
insert into order_item (order_id, product_id, quantity) values (12, 22, 3);
insert into order_item (order_id, product_id, quantity) values (12, 43, 15);
insert into order_item (order_id, product_id, quantity) values (13, 62, 3);
insert into order_item (order_id, product_id, quantity) values (14, 50, 8);
insert into order_item (order_id, product_id, quantity) values (14, 13, 1);
insert into order_item (order_id, product_id, quantity) values (15, 86, 2);
insert into order_item (order_id, product_id, quantity) values (16, 83, 7);
insert into order_item (order_id, product_id, quantity) values (17, 29, 20);
insert into order_item (order_id, product_id, quantity) values (17, 8, 1);
insert into order_item (order_id, product_id, quantity) values (18, 69, 7);
insert into order_item (order_id, product_id, quantity) values (18, 100, 14);
insert into order_item (order_id, product_id, quantity) values (19, 26, 18);
insert into order_item (order_id, product_id, quantity) values (20, 71, 1);
insert into order_item (order_id, product_id, quantity) values (21, 33, 9);
insert into order_item (order_id, product_id, quantity) values (21, 67, 17);
insert into order_item (order_id, product_id, quantity) values (21, 71, 12);
insert into order_item (order_id, product_id, quantity) values (22, 55, 2);
insert into order_item (order_id, product_id, quantity) values (23, 18, 20);
insert into order_item (order_id, product_id, quantity) values (23, 35, 12);
insert into order_item (order_id, product_id, quantity) values (24, 86, 9);
insert into order_item (order_id, product_id, quantity) values (24, 93, 4);
insert into order_item (order_id, product_id, quantity) values (25, 95, 17);
insert into order_item (order_id, product_id, quantity) values (26, 51, 11);
insert into order_item (order_id, product_id, quantity) values (27, 67, 15);
insert into order_item (order_id, product_id, quantity) values (28, 94, 11);
insert into order_item (order_id, product_id, quantity) values (28, 27, 9);
insert into order_item (order_id, product_id, quantity) values (29, 25, 3);
insert into order_item (order_id, product_id, quantity) values (29, 63, 16);
insert into order_item (order_id, product_id, quantity) values (30, 99, 2);
insert into order_item (order_id, product_id, quantity) values (30, 60, 18);
insert into order_item (order_id, product_id, quantity) values (31, 36, 11);
insert into order_item (order_id, product_id, quantity) values (31, 73, 15);
insert into order_item (order_id, product_id, quantity) values (32, 15, 14);
insert into order_item (order_id, product_id, quantity) values (32, 69, 14);
insert into order_item (order_id, product_id, quantity) values (33, 72, 6);
insert into order_item (order_id, product_id, quantity) values (34, 28, 16);
insert into order_item (order_id, product_id, quantity) values (34, 94, 15);
insert into order_item (order_id, product_id, quantity) values (35, 92, 10);
insert into order_item (order_id, product_id, quantity) values (36, 7, 14);
insert into order_item (order_id, product_id, quantity) values (36, 91, 2);
insert into order_item (order_id, product_id, quantity) values (37, 23, 10);
insert into order_item (order_id, product_id, quantity) values (38, 93, 8);
insert into order_item (order_id, product_id, quantity) values (39, 18, 7);
insert into order_item (order_id, product_id, quantity) values (39, 3, 11);
insert into order_item (order_id, product_id, quantity) values (40, 16, 13);
insert into order_item (order_id, product_id, quantity) values (40, 46, 4);
insert into order_item (order_id, product_id, quantity) values (41, 78, 11);
insert into order_item (order_id, product_id, quantity) values (41, 9, 13);
insert into order_item (order_id, product_id, quantity) values (42, 48, 16);
insert into order_item (order_id, product_id, quantity) values (42, 59, 17);
insert into order_item (order_id, product_id, quantity) values (43, 86, 6);
insert into order_item (order_id, product_id, quantity) values (44, 45, 6);
insert into order_item (order_id, product_id, quantity) values (45, 7, 16);
insert into order_item (order_id, product_id, quantity) values (45, 2, 14);
insert into order_item (order_id, product_id, quantity) values (46, 46, 11);
insert into order_item (order_id, product_id, quantity) values (46, 67, 13);
insert into order_item (order_id, product_id, quantity) values (47, 75, 18);
insert into order_item (order_id, product_id, quantity) values (47, 11, 3);
insert into order_item (order_id, product_id, quantity) values (48, 4, 9);
insert into order_item (order_id, product_id, quantity) values (48, 83, 13);
insert into order_item (order_id, product_id, quantity) values (49, 93, 3);
insert into order_item (order_id, product_id, quantity) values (50, 32, 1);
insert into order_item (order_id, product_id, quantity) values (51, 40, 12);
insert into order_item (order_id, product_id, quantity) values (52, 54, 19);
insert into order_item (order_id, product_id, quantity) values (53, 58, 17);
insert into order_item (order_id, product_id, quantity) values (54, 26, 15);
insert into order_item (order_id, product_id, quantity) values (54, 56, 11);
insert into order_item (order_id, product_id, quantity) values (55, 95, 12);
insert into order_item (order_id, product_id, quantity) values (56, 98, 14);
insert into order_item (order_id, product_id, quantity) values (56, 92, 13);
insert into order_item (order_id, product_id, quantity) values (57, 69, 2);
insert into order_item (order_id, product_id, quantity) values (58, 76, 16);
insert into order_item (order_id, product_id, quantity) values (59, 38, 18);
insert into order_item (order_id, product_id, quantity) values (59, 52, 10);
insert into order_item (order_id, product_id, quantity) values (60, 25, 19);
insert into order_item (order_id, product_id, quantity) values (60, 38, 7);
insert into order_item (order_id, product_id, quantity) values (61, 17, 10);
insert into order_item (order_id, product_id, quantity) values (62, 22, 1);
insert into order_item (order_id, product_id, quantity) values (62, 1, 13);
insert into order_item (order_id, product_id, quantity) values (62, 21, 16);
insert into order_item (order_id, product_id, quantity) values (63, 65, 1);
insert into order_item (order_id, product_id, quantity) values (63, 86, 18);
insert into order_item (order_id, product_id, quantity) values (64, 90, 6);
insert into order_item (order_id, product_id, quantity) values (65, 86, 19);
insert into order_item (order_id, product_id, quantity) values (65, 38, 9);
insert into order_item (order_id, product_id, quantity) values (66, 57, 3);
insert into order_item (order_id, product_id, quantity) values (66, 10, 4);
insert into order_item (order_id, product_id, quantity) values (67, 82, 20);
insert into order_item (order_id, product_id, quantity) values (68, 15, 17);
insert into order_item (order_id, product_id, quantity) values (69, 100, 7);
insert into order_item (order_id, product_id, quantity) values (70, 31, 7);
insert into order_item (order_id, product_id, quantity) values (71, 35, 14);
insert into order_item (order_id, product_id, quantity) values (71, 29, 3);
insert into order_item (order_id, product_id, quantity) values (72, 58, 3);
insert into order_item (order_id, product_id, quantity) values (72, 84, 14);
insert into order_item (order_id, product_id, quantity) values (73, 63, 15);
insert into order_item (order_id, product_id, quantity) values (73, 89, 13);
insert into order_item (order_id, product_id, quantity) values (73, 78, 1);
insert into order_item (order_id, product_id, quantity) values (74, 39, 5);
insert into order_item (order_id, product_id, quantity) values (74, 61, 7);
insert into order_item (order_id, product_id, quantity) values (75, 43, 13);
insert into order_item (order_id, product_id, quantity) values (75, 82, 16);
insert into order_item (order_id, product_id, quantity) values (76, 12, 6);
insert into order_item (order_id, product_id, quantity) values (76, 30, 6);
insert into order_item (order_id, product_id, quantity) values (77, 90, 8);
insert into order_item (order_id, product_id, quantity) values (78, 93, 9);
insert into order_item (order_id, product_id, quantity) values (78, 65, 14);
insert into order_item (order_id, product_id, quantity) values (79, 32, 20);
insert into order_item (order_id, product_id, quantity) values (79, 53, 15);
insert into order_item (order_id, product_id, quantity) values (80, 57, 14);
insert into order_item (order_id, product_id, quantity) values (81, 75, 19);
insert into order_item (order_id, product_id, quantity) values (82, 59, 15);
insert into order_item (order_id, product_id, quantity) values (83, 2, 14);
insert into order_item (order_id, product_id, quantity) values (83, 93, 19);
insert into order_item (order_id, product_id, quantity) values (83, 3, 5);
insert into order_item (order_id, product_id, quantity) values (84, 51, 8);
insert into order_item (order_id, product_id, quantity) values (84, 28, 7);
insert into order_item (order_id, product_id, quantity) values (85, 55, 15);
insert into order_item (order_id, product_id, quantity) values (85, 47, 8);
insert into order_item (order_id, product_id, quantity) values (86, 43, 6);
insert into order_item (order_id, product_id, quantity) values (87, 64, 14);
insert into order_item (order_id, product_id, quantity) values (87, 88, 15);
insert into order_item (order_id, product_id, quantity) values (87, 65, 6);
insert into order_item (order_id, product_id, quantity) values (88, 19, 2);
insert into order_item (order_id, product_id, quantity) values (88, 67, 7);
insert into order_item (order_id, product_id, quantity) values (89, 67, 17);
insert into order_item (order_id, product_id, quantity) values (89, 2, 9);
insert into order_item (order_id, product_id, quantity) values (90, 23, 11);
insert into order_item (order_id, product_id, quantity) values (91, 30, 18);
insert into order_item (order_id, product_id, quantity) values (92, 47, 13);
insert into order_item (order_id, product_id, quantity) values (92, 23, 5);
insert into order_item (order_id, product_id, quantity) values (93, 6, 13);
insert into order_item (order_id, product_id, quantity) values (94, 46, 11);
insert into order_item (order_id, product_id, quantity) values (94, 64, 13);
insert into order_item (order_id, product_id, quantity) values (94, 67, 14);
insert into order_item (order_id, product_id, quantity) values (95, 50, 4);
insert into order_item (order_id, product_id, quantity) values (96, 47, 20);
insert into order_item (order_id, product_id, quantity) values (97, 44, 10);
insert into order_item (order_id, product_id, quantity) values (98, 52, 6);
insert into order_item (order_id, product_id, quantity) values (98, 26, 6);
insert into order_item (order_id, product_id, quantity) values (99, 91, 4);
insert into order_item (order_id, product_id, quantity) values (99, 1, 4);
insert into order_item (order_id, product_id, quantity) values (100, 23, 17);
insert into order_item (order_id, product_id, quantity) values (100, 81, 7);
