-- REPLACE 'dbapp' with your DB schema

-- category
insert into dbapp.category (id, category_name, parent_category_id, attribute_name, attribute_value, required) values (1, 'Electronics', null, 'warranty', '6 months', 'True');
insert into dbapp.category (id, category_name, parent_category_id, attribute_name, attribute_value, required) values (2, 'Phone and Accessories', 1, 'return', '1 week', 'True');
insert into dbapp.category (id, category_name, parent_category_id, attribute_name, attribute_value, required) values (3, 'Laptop and Computer', 1, 'return', '1 month', 'True');
insert into dbapp.category (id, category_name, parent_category_id, attribute_name, attribute_value, required) values (4, 'Clothing', null, 'return', '1 week', 'True');
insert into dbapp.category (id, category_name, parent_category_id, attribute_name, attribute_value, required) values (5, 'Men''s Clothing', 4, 'discount on next purchase', '10%', 'False');
insert into dbapp.category (id, category_name, parent_category_id, attribute_name, attribute_value, required) values (6, 'Women''s Clothing', 4, 'discount on next purchase', '15%', 'True');


-- user
insert into dbapp.user (id, role, user_name, display_name, details, password_hash) values (1, 'seller', 'FirmGreat225', 'Wilson-Stewart', 'Goal technology evening and. Respond while whatever computer someone the water. Stand medical voice. Created on: 1979-10-15.', 'd0e9e95f7cf615743e223a3cd210bf3d');
insert into dbapp.user (id, role, user_name, display_name, details, password_hash) values (2, 'seller', 'InShe318', 'Patel PLC', 'You wrong still lose suffer among interest. Occur only artist dog office. Created on: 2012-02-20.', 'ff0f9af51845e60e99c2e288ce29d983');
insert into dbapp.user (id, role, user_name, display_name, details, password_hash) values (3, 'customer', 'IdeaImage85', 'Brian Beck', 'USCGC Hernandez, FPO AE 92023', 'f6cab7f96a8441fe26402a4edd031661');
insert into dbapp.user (id, role, user_name, display_name, details, password_hash) values (4, 'seller', 'OfficerYour278', 'Macdonald-Anderson', 'Probably value political on raise. There might state old under rise return peace. Created on: 1995-09-08.', '9288b58e7ca198fd79ce1886d3d7399c');
insert into dbapp.user (id, role, user_name, display_name, details, password_hash) values (5, 'warehouse admin', 'RegionWorry404', 'Harold Collins', '24', 'bb1107e59c7a2609312c5ff821406ce2');
insert into dbapp.user (id, role, user_name, display_name, details, password_hash) values (6, 'seller', 'SmallProbably741', 'Roy, Tapia and Wilkinson', 'Beyond student college trouble economic lead. Eye source past sea democratic. Exist growth college international usually group. Created on: 2012-12-19.', '2d65a91275eab9c9bee8af684df3d931');
insert into dbapp.user (id, role, user_name, display_name, details, password_hash) values (7, 'warehouse admin', 'CallIndicate268', 'Christopher Hill', '30', 'e0ef67a97e1adbd987124fea5c8e043d');
insert into dbapp.user (id, role, user_name, display_name, details, password_hash) values (8, 'seller', 'EarlyEnd950', 'Adams, Webster and Jones', 'Realize Mrs type feeling two grow. Far significant end simple. Team see imagine agreement public son interview. Created on: 2011-10-21.', 'ef75292815cd2c1b3c2ce88e8f48007c');
insert into dbapp.user (id, role, user_name, display_name, details, password_hash) values (9, 'customer', 'BoxTraditional835', 'Beverly Neal', '6434 Parker Mount Suite 657, Nicholsside, IL 78101', '29e566c19c511d18e45824d068047bfe');
insert into dbapp.user (id, role, user_name, display_name, details, password_hash) values (10, 'seller', 'StrategyNorth484', 'Jenkins-Lester', 'Through some box six start. Fact financial offer beautiful join feel hour they. Full wide suffer stock allow large. Beyond art leave gun strategy firm yourself. Created on: 2017-08-29.', 'd544d25430d07d91116359e88c119ee5');
insert into dbapp.user (id, role, user_name, display_name, details, password_hash) values (11, 'seller', 'AccordingHand310', 'Spencer PLC', 'Same coach either road sign admit. Created on: 2016-05-14.', 'd9917364ba38a719217f462312172b1c');
insert into dbapp.user (id, role, user_name, display_name, details, password_hash) values (12, 'customer', 'RiseMother64', 'Danielle Jackson', '883 Sean Gardens Suite 180, Millerfurt, MN 46951', 'db6ce4ed87289b737acc33252fda9885');
insert into dbapp.user (id, role, user_name, display_name, details, password_hash) values (13, 'customer', 'ForceThroughout998', 'Richard Solis', '392 Castro Stravenue, Lake Johnnyside, KS 65199', '14c701daafd684fea182839f30829f36');
insert into dbapp.user (id, role, user_name, display_name, details, password_hash) values (14, 'warehouse admin', 'PmNight259', 'Savannah Ortiz', '41', 'c2a89d4294a1c487ed43d7960d61f84b');
insert into dbapp.user (id, role, user_name, display_name, details, password_hash) values (15, 'seller', 'EnterCreate662', 'Sanchez-Moran', 'Magazine tax modern focus. Board natural current purpose term. Year word project maybe challenge. Created on: 1984-03-03.', 'd550074b828cd3c87c7c6dee4302c3da');
insert into dbapp.user (id, role, user_name, display_name, details, password_hash) values (16, 'warehouse admin', 'AfterRather687', 'Brian Lee', '20', '3644d7df8d949db0d76ff67d7714a97a');
insert into dbapp.user (id, role, user_name, display_name, details, password_hash) values (17, 'seller', 'GardenUse515', 'Long Inc', 'Happy democratic soon land poor bring many. May represent suddenly if explain interesting box. Created on: 2019-09-08.', 'e69df5691f5baae46025437750a1a02b');
insert into dbapp.user (id, role, user_name, display_name, details, password_hash) values (18, 'customer', 'HeartToday760', 'Leonard Rodriguez', '1485 Janice Stream Apt. 479, New Sharon, SC 95819', 'd8778037ff4eab92b9d15ad62e59825e');
insert into dbapp.user (id, role, user_name, display_name, details, password_hash) values (19, 'seller', 'RequireDo391', 'Brown Ltd', 'Tv energy you difference either bit. Yourself player his beautiful tend step. Created on: 1992-01-03.', 'b89804adf97e6cc2999f6fd578804d92');
insert into dbapp.user (id, role, user_name, display_name, details, password_hash) values (20, 'warehouse admin', 'SonLevel249', 'Marissa Smith', '14', 'e4df290327fe6cc2999adf9cb67d1c9b');
insert into dbapp.user (id, role, user_name, display_name, details, password_hash) values (21, 'seller', 'JobSpend750', 'Abbott, White and Bender', 'Poor water outside visit feel. Fall space owner idea pattern will manager. Walk card audience study fast remember. Created on: 1996-02-08.', '5d5f00debb492def1ff0a582eb39cc48');
insert into dbapp.user (id, role, user_name, display_name, details, password_hash) values (22, 'seller', 'WayNecessary963', 'Klein-Welch', 'Story than trouble box. Dark down choose. Town suggest guy sure individual difference entire. Created on: 2023-04-29.', '3997b3fc1bcd2d70cb2de0bc4fe23673');
insert into dbapp.user (id, role, user_name, display_name, details, password_hash) values (23, 'warehouse admin', 'LineAlthough353', 'Alice Phelps', '44', '483bea75462fcd921e40a9e0ffb82973');
insert into dbapp.user (id, role, user_name, display_name, details, password_hash) values (24, 'warehouse admin', 'ThirdList299', 'Charles Cooper', '10', '2dcca3aa228892253576f5c2ef1ee6d2');
insert into dbapp.user (id, role, user_name, display_name, details, password_hash) values (25, 'customer', 'NaturalInto257', 'Hunter Norris', '707 Tara Hills, Thomasberg, MD 16325', '488b8f08a0436fc56381a52a8e2784de');
insert into dbapp.user (id, role, user_name, display_name, details, password_hash) values (26, 'customer', 'CitizenInstead135', 'Mary Taylor', '712 Irwin Curve Apt. 444, South Edwardfort, WA 55097', 'ea52bbc6125f32140a39beeccf52c0e9');
insert into dbapp.user (id, role, user_name, display_name, details, password_hash) values (27, 'customer', 'LetterHave724', 'John Smith', '3056 Barry Plaza Suite 377, Tannerfort, WI 52949', '52b2da895f46fcd1bc220b58ef163d02');
insert into dbapp.user (id, role, user_name, display_name, details, password_hash) values (28, 'warehouse admin', 'TimeAttention344', 'Bonnie Harper', '14', 'e208f61e32e6cdd500d848d122252677');
insert into dbapp.user (id, role, user_name, display_name, details, password_hash) values (29, 'customer', 'CandidateMost968', 'Dr. Megan Lambert', '80140 Jennifer Bypass, Jonathanmouth, SD 60989', '75fca6b1c625441d541656c958af5e82');
insert into dbapp.user (id, role, user_name, display_name, details, password_hash) values (30, 'customer', 'CommunityExist149', 'William Wood', '621 Victor Drives Apt. 021, Hansonmouth, FM 53184', 'f03048450c64bca4d28e4db313fd6223');
insert into dbapp.user (id, role, user_name, display_name, details, password_hash) values (31, 'customer', 'HealthEveryone153', 'Tony Hogan', '8909 Brewer Brook, Sweeneyton, WY 89385', 'c51793a4743bfc133e2a7adb22e390de');
insert into dbapp.user (id, role, user_name, display_name, details, password_hash) values (32, 'seller', 'TwoExample46', 'Young, Villegas and Howard', 'From give animal throughout together region stock design. Daughter must budget degree. Book anything defense sport. Created on: 2019-11-03.', '8f3b0dcef4d89119ade33a4d7c08b8ce');
insert into dbapp.user (id, role, user_name, display_name, details, password_hash) values (33, 'customer', 'SummerQuality194', 'Sarah Hunt', '244 Smith Summit Apt. 860, West Matthewland, ID 66251', 'cc8b805a3e45caa0eb141a9d0f3928c0');
insert into dbapp.user (id, role, user_name, display_name, details, password_hash) values (34, 'seller', 'NowThese185', 'Green, Knox and Stewart', 'East court analysis almost budget report certain. Created on: 2002-09-07.', 'd222c7ef9985f4503d1bb3df66847353');
insert into dbapp.user (id, role, user_name, display_name, details, password_hash) values (35, 'warehouse admin', 'WithoutAppear843', 'Frank Salazar', '14', '73a83be762a0e320ea781c82de6bc584');
insert into dbapp.user (id, role, user_name, display_name, details, password_hash) values (36, 'seller', 'CoachOfficial480', 'Jennings, Charles and Reed', 'Human charge add should single voice. Between owner research inside. Created on: 1991-02-28.', 'd6109d5b71b3b7039d2f78b399c25871');
insert into dbapp.user (id, role, user_name, display_name, details, password_hash) values (37, 'customer', 'ImpactPossible267', 'Brandon Graham', '846 Kerry Place, Douglashaven, MI 10836', '876d75dfd0b80819fd752ced391abaab');
insert into dbapp.user (id, role, user_name, display_name, details, password_hash) values (38, 'warehouse admin', 'ShareHope753', 'Nicholas Mcdonald', '37', 'a01f0a803c70f37a52dc347012c8416b');
insert into dbapp.user (id, role, user_name, display_name, details, password_hash) values (39, 'customer', 'ReceivePolice635', 'Kenneth Martinez', '52935 Mclean Corner, West Adam, AR 65460', '62a449650fc019a44d2a3289f9f41230');
insert into dbapp.user (id, role, user_name, display_name, details, password_hash) values (40, 'customer', 'EightBest804', 'Lisa Greene', '9896 Pierce Ville Suite 643, Danielsland, MS 43447', 'a39f46fdb55c2ae632264d9f61009f46');
insert into dbapp.user (id, role, user_name, display_name, details, password_hash) values (41, 'seller', 'CourseDecision431', 'Peterson Group', 'Here drive have scene trip continue. Most bag media rule who argue anyone. Created on: 1998-05-31.', 'c1ca5bf1ab5bb3f9223eb499bda81207');
insert into dbapp.user (id, role, user_name, display_name, details, password_hash) values (42, 'seller', 'TestMight302', 'Davenport and Sons', 'Produce itself realize. Maybe property able by baby environment rather. Created on: 1970-05-21.', 'c17e59dc9cdc7dafbc479b1a4077f84d');
insert into dbapp.user (id, role, user_name, display_name, details, password_hash) values (43, 'seller', 'SoldierSecurity334', 'Castillo, Baker and Moore', 'Leg miss bring sure. Car area if some. Created on: 1981-02-20.', '7956929476cf2c0ffc75d2c0a831ce57');
insert into dbapp.user (id, role, user_name, display_name, details, password_hash) values (44, 'seller', 'GuyPartner235', 'Singleton, Anderson and Davidson', 'Reduce head street who put. Forget thousand learn seven toward field marriage. Created on: 2007-11-25.', 'e01fb11a6859cd7950b56df58ff02f18');
insert into dbapp.user (id, role, user_name, display_name, details, password_hash) values (45, 'warehouse admin', 'DifferentAhead367', 'Kyle Cortez', '36', '6991bc4105a5ff1c6d341ebd27fe2c1c');
insert into dbapp.user (id, role, user_name, display_name, details, password_hash) values (46, 'customer', 'CultureSomething479', 'Tiffany Morrison', '745 Willis Meadow, Charleshaven, AZ 38189', '9916ca7e624c58149e14f1c6cff951ee');
insert into dbapp.user (id, role, user_name, display_name, details, password_hash) values (47, 'customer', 'SuddenlyNear570', 'Angela Thomas', '2459 Sarah Centers Suite 895, Ramireztown, AR 79093', '3719821d0fae8fa8863bd7ae273bf9fb');
insert into dbapp.user (id, role, user_name, display_name, details, password_hash) values (48, 'seller', 'ReportBusiness657', 'Castillo-Riddle', 'Need pattern manager body stage support. Movie edge night whole arm or. Past friend she. Created on: 2022-04-28.', '1d1ee69fcfa26fe7a318cd9cb2a7ec47');
insert into dbapp.user (id, role, user_name, display_name, details, password_hash) values (49, 'customer', 'AgainSignificant954', 'Patrick Gonzalez', '0756 Allen Mill Suite 962, Francoton, CT 20713', '8dcd23574acfd07ea5fa6dba586d19dd');
insert into dbapp.user (id, role, user_name, display_name, details, password_hash) values (50, 'seller', 'FishOur672', 'Morris Inc', 'Public produce save which organization. Understand of themselves third edge accept. Created on: 2011-11-29.', '5829ee812541d0981e8713a3c4950268');

-- product
insert into dbapp.product (id, title, seller_id, price, category, length, width, height, image, created_at, updated_at) values (1, 'Rare Desk MK620', 4, 994783, 6, 79, 18, 69, 'key.jpg', '1994-06-17 11:12:46', '1993-03-19 03:54:27');
insert into dbapp.product (id, title, seller_id, price, category, length, width, height, image, created_at, updated_at) values (2, 'Busy Advertising MK366', 83, 67351, 6, 127, 89, 26, 'kind.bmp', '1980-11-14 10:06:54', '1998-06-02 09:09:13');
insert into dbapp.product (id, title, seller_id, price, category, length, width, height, image, created_at, updated_at) values (3, 'Pleasant Mess MK359', 95, 184513, 1, 70, 65, 18, 'others.jpg', '1993-04-24 20:53:07', '2018-06-08 00:46:00');
insert into dbapp.product (id, title, seller_id, price, category, length, width, height, image, created_at, updated_at) values (4, 'Guilty Chapter MK783', 53, 201552, 4, 139, 57, 121, 'no.tiff', '1970-09-02 15:03:15', '1982-12-20 02:12:32');
insert into dbapp.product (id, title, seller_id, price, category, length, width, height, image, created_at, updated_at) values (5, 'Substantial Eye MK933', 90, 283720, 1, 118, 74, 34, 'half.png', '1983-07-29 22:55:25', '2017-08-01 17:48:17');
insert into dbapp.product (id, title, seller_id, price, category, length, width, height, image, created_at, updated_at) values (6, 'Personal Morning MK276', 93, 514397, 4, 23, 72, 69, 'collection.gif', '1980-08-14 05:54:13', '2018-01-12 18:28:11');
insert into dbapp.product (id, title, seller_id, price, category, length, width, height, image, created_at, updated_at) values (7, 'Spare Sugar MK672', 71, 772372, 6, 98, 37, 27, 'couple.png', '2010-10-21 09:41:34', '2013-01-12 15:00:25');
insert into dbapp.product (id, title, seller_id, price, category, length, width, height, image, created_at, updated_at) values (8, 'Major Difficulty MK344', 16, 459638, 3, 62, 50, 125, 'sing.bmp', '1977-08-17 17:17:26', '2005-12-18 04:57:09');
insert into dbapp.product (id, title, seller_id, price, category, length, width, height, image, created_at, updated_at) values (9, 'Curious Speaker MK126', 80, 264148, 6, 66, 64, 58, 'key.jpg', '1992-06-13 07:45:42', '2021-11-23 19:09:44');
insert into dbapp.product (id, title, seller_id, price, category, length, width, height, image, created_at, updated_at) values (10, 'Quiet Oven MK9', 35, 111809, 1, 36, 18, 47, 'scientist.tiff', '2007-08-02 20:43:16', '1984-12-19 11:30:27');
insert into dbapp.product (id, title, seller_id, price, category, length, width, height, image, created_at, updated_at) values (11, 'Worth Exercise MK832', 95, 19330, 4, 111, 77, 47, 'other.png', '2005-05-04 06:01:43', '2005-09-17 10:48:35');
insert into dbapp.product (id, title, seller_id, price, category, length, width, height, image, created_at, updated_at) values (12, 'Accurate Coffee MK625', 85, 109214, 3, 56, 78, 12, 'watch.jpg', '1982-02-08 21:57:05', '2007-07-22 12:26:48');
insert into dbapp.product (id, title, seller_id, price, category, length, width, height, image, created_at, updated_at) values (13, 'Leading Glove MK616', 63, 494075, 2, 107, 19, 33, 'civil.tiff', '1975-03-19 17:47:10', '2013-12-02 08:24:52');
insert into dbapp.product (id, title, seller_id, price, category, length, width, height, image, created_at, updated_at) values (14, 'According Housing MK316', 41, 319934, 3, 52, 75, 17, 'who.jpeg', '2007-03-19 14:53:33', '2010-07-25 21:39:32');
insert into dbapp.product (id, title, seller_id, price, category, length, width, height, image, created_at, updated_at) values (15, 'Positive Contract MK304', 50, 318506, 3, 107, 37, 108, 'movement.gif', '2003-04-13 17:49:12', '2005-04-17 22:54:31');
insert into dbapp.product (id, title, seller_id, price, category, length, width, height, image, created_at, updated_at) values (16, 'Brave Pressure MK368', 81, 39828, 1, 82, 46, 115, 'think.gif', '2005-11-16 15:42:27', '1985-06-03 05:17:31');
insert into dbapp.product (id, title, seller_id, price, category, length, width, height, image, created_at, updated_at) values (17, 'Reasonable Exam MK434', 42, 857834, 2, 80, 11, 122, 'up.bmp', '2010-06-03 14:56:45', '1993-09-04 15:37:44');
insert into dbapp.product (id, title, seller_id, price, category, length, width, height, image, created_at, updated_at) values (18, 'Final String MK555', 75, 81857, 6, 145, 90, 133, 'begin.bmp', '2010-06-28 16:52:13', '2006-10-05 07:42:10');
insert into dbapp.product (id, title, seller_id, price, category, length, width, height, image, created_at, updated_at) values (19, 'Temporary Season MK121', 90, 816150, 2, 97, 80, 121, 'thus.bmp', '2013-12-06 16:08:39', '2010-03-26 18:44:42');
insert into dbapp.product (id, title, seller_id, price, category, length, width, height, image, created_at, updated_at) values (20, 'Serious Phrase MK175', 29, 489211, 6, 23, 76, 51, 'short.bmp', '1996-08-08 11:39:59', '1970-11-03 12:21:05');
insert into dbapp.product (id, title, seller_id, price, category, length, width, height, image, created_at, updated_at) values (21, 'Logical Salt MK124', 13, 743559, 2, 102, 50, 14, 'finish.jpeg', '2018-01-11 11:09:57', '2003-01-22 16:33:41');
insert into dbapp.product (id, title, seller_id, price, category, length, width, height, image, created_at, updated_at) values (22, 'Solid Map MK991', 94, 709923, 4, 39, 42, 57, 'all.tiff', '1973-12-02 12:00:24', '2002-10-06 01:53:16');
insert into dbapp.product (id, title, seller_id, price, category, length, width, height, image, created_at, updated_at) values (23, 'Male Box MK222', 33, 51169, 2, 84, 82, 85, 'agent.gif', '1979-12-20 18:30:44', '2006-04-21 10:54:49');
insert into dbapp.product (id, title, seller_id, price, category, length, width, height, image, created_at, updated_at) values (24, 'Electrical Candidate MK533', 47, 537011, 6, 140, 72, 141, 'address.bmp', '1976-10-23 16:49:03', '1998-11-26 03:01:47');
insert into dbapp.product (id, title, seller_id, price, category, length, width, height, image, created_at, updated_at) values (25, 'Immediate Map MK376', 35, 962652, 2, 106, 79, 111, 'try.gif', '1996-11-17 05:51:08', '2019-04-05 15:06:39');
insert into dbapp.product (id, title, seller_id, price, category, length, width, height, image, created_at, updated_at) values (26, 'Global Improvement MK165', 51, 337416, 6, 81, 59, 125, 'apply.gif', '2002-09-20 08:19:46', '1980-08-06 03:29:52');
insert into dbapp.product (id, title, seller_id, price, category, length, width, height, image, created_at, updated_at) values (27, 'Available Fan MK311', 2, 13030, 2, 48, 14, 23, 'I.jpeg', '1988-06-14 13:00:19', '1999-08-27 03:03:35');
insert into dbapp.product (id, title, seller_id, price, category, length, width, height, image, created_at, updated_at) values (28, 'Confident Sector MK264', 16, 379842, 6, 95, 17, 24, 'bed.png', '1985-12-30 20:58:13', '2012-02-09 12:15:28');
insert into dbapp.product (id, title, seller_id, price, category, length, width, height, image, created_at, updated_at) values (29, 'Initial Ease MK390', 61, 700203, 6, 106, 29, 126, 'which.jpg', '1980-07-06 07:15:20', '2008-12-20 22:25:57');
insert into dbapp.product (id, title, seller_id, price, category, length, width, height, image, created_at, updated_at) values (30, 'Eastern Orange MK546', 87, 581127, 1, 105, 48, 56, 'baby.jpg', '2015-07-10 05:00:21', '1981-01-01 21:18:53');
insert into dbapp.product (id, title, seller_id, price, category, length, width, height, image, created_at, updated_at) values (31, 'Southern Target MK408', 13, 203637, 1, 93, 90, 81, 'former.tiff', '1976-12-28 23:23:36', '2001-09-24 21:17:59');
insert into dbapp.product (id, title, seller_id, price, category, length, width, height, image, created_at, updated_at) values (32, 'Anxious Welcome MK953', 57, 527477, 6, 118, 43, 91, 'page.jpeg', '1979-04-19 17:13:14', '1996-04-10 18:47:10');
insert into dbapp.product (id, title, seller_id, price, category, length, width, height, image, created_at, updated_at) values (33, 'Conscious Feeling MK740', 28, 953619, 5, 122, 33, 91, 'plant.tiff', '2009-01-21 17:11:11', '2013-03-17 10:50:27');
insert into dbapp.product (id, title, seller_id, price, category, length, width, height, image, created_at, updated_at) values (34, 'Typical Blame MK807', 30, 696439, 1, 111, 44, 110, 'allow.tiff', '1986-07-22 19:58:41', '2014-11-09 18:59:19');
insert into dbapp.product (id, title, seller_id, price, category, length, width, height, image, created_at, updated_at) values (35, 'Bright Wife MK75', 22, 487040, 3, 34, 20, 49, 'step.gif', '2021-09-25 15:52:24', '2013-09-18 04:28:03');
insert into dbapp.product (id, title, seller_id, price, category, length, width, height, image, created_at, updated_at) values (36, 'Wooden Size MK10', 82, 290457, 3, 97, 37, 13, 'realize.jpg', '2006-09-29 22:25:47', '2014-05-24 16:33:34');
insert into dbapp.product (id, title, seller_id, price, category, length, width, height, image, created_at, updated_at) values (37, 'Slight Mom MK552', 85, 626769, 5, 11, 86, 69, 'grow.tiff', '1989-06-03 16:17:37', '2009-10-26 23:40:53');
insert into dbapp.product (id, title, seller_id, price, category, length, width, height, image, created_at, updated_at) values (38, 'Just Loan MK542', 13, 321015, 1, 90, 14, 12, 'professional.gif', '1979-12-27 14:31:17', '1996-02-29 03:55:17');
insert into dbapp.product (id, title, seller_id, price, category, length, width, height, image, created_at, updated_at) values (39, 'Easy Indication MK900', 60, 414725, 6, 90, 13, 94, 'no.jpeg', '2014-05-24 23:55:15', '2013-01-23 18:36:08');
insert into dbapp.product (id, title, seller_id, price, category, length, width, height, image, created_at, updated_at) values (40, 'Visual Rule MK155', 64, 729256, 2, 127, 65, 83, 'buy.png', '1979-01-16 15:49:53', '1998-07-01 19:34:12');
insert into dbapp.product (id, title, seller_id, price, category, length, width, height, image, created_at, updated_at) values (41, 'Boring Anxiety MK100', 46, 783367, 2, 106, 87, 40, 'financial.gif', '2020-01-24 19:18:48', '2002-05-26 20:22:16');
insert into dbapp.product (id, title, seller_id, price, category, length, width, height, image, created_at, updated_at) values (42, 'Own Television MK598', 58, 28769, 4, 94, 36, 37, 'no.png', '1981-10-07 02:14:34', '1980-08-31 22:44:33');
insert into dbapp.product (id, title, seller_id, price, category, length, width, height, image, created_at, updated_at) values (43, 'Complex Football MK355', 88, 439268, 1, 148, 34, 103, 'want.jpeg', '2014-03-07 01:43:48', '1995-09-12 00:25:20');
insert into dbapp.product (id, title, seller_id, price, category, length, width, height, image, created_at, updated_at) values (44, 'Hungry Host MK560', 59, 323137, 5, 136, 63, 23, 'final.png', '2018-05-08 00:24:01', '2019-07-21 00:04:38');
insert into dbapp.product (id, title, seller_id, price, category, length, width, height, image, created_at, updated_at) values (45, 'Administrative Emergency MK160', 34, 717565, 3, 57, 34, 105, 'cell.gif', '1986-01-18 17:17:47', '2008-01-13 15:03:31');
insert into dbapp.product (id, title, seller_id, price, category, length, width, height, image, created_at, updated_at) values (46, 'Sad Soup MK249', 100, 647275, 2, 131, 29, 44, 'that.jpg', '2016-11-19 02:56:12', '2011-08-01 09:13:45');
insert into dbapp.product (id, title, seller_id, price, category, length, width, height, image, created_at, updated_at) values (47, 'Unhappy Speed MK685', 45, 496666, 1, 86, 49, 102, 'science.tiff', '2009-09-07 19:20:28', '2002-01-11 02:43:49');
insert into dbapp.product (id, title, seller_id, price, category, length, width, height, image, created_at, updated_at) values (48, 'Historical Teaching MK195', 53, 331942, 4, 138, 70, 23, 'them.bmp', '1970-05-07 03:22:45', '1976-07-27 11:10:51');
insert into dbapp.product (id, title, seller_id, price, category, length, width, height, image, created_at, updated_at) values (49, 'Original Soup MK113', 38, 756309, 2, 148, 16, 102, 'final.bmp', '1974-07-09 00:13:35', '1988-12-25 10:16:26');
insert into dbapp.product (id, title, seller_id, price, category, length, width, height, image, created_at, updated_at) values (50, 'Capable Couple MK31', 78, 945124, 5, 97, 78, 69, 'create.gif', '1984-07-26 18:15:11', '1999-07-26 06:03:20');
insert into dbapp.product (id, title, seller_id, price, category, length, width, height, image, created_at, updated_at) values (51, 'Boring Title MK7', 38, 612439, 6, 80, 37, 101, 'trade.jpg', '1998-07-20 00:22:33', '1991-09-14 16:22:59');
insert into dbapp.product (id, title, seller_id, price, category, length, width, height, image, created_at, updated_at) values (52, 'Female Factor MK402', 18, 348172, 6, 140, 61, 88, 'dream.png', '1976-10-04 12:03:43', '1970-02-23 18:36:32');
insert into dbapp.product (id, title, seller_id, price, category, length, width, height, image, created_at, updated_at) values (53, 'Wonderful Foundation MK666', 49, 41710, 1, 13, 11, 61, 'again.tiff', '2003-11-25 19:42:29', '1990-06-14 06:07:53');
insert into dbapp.product (id, title, seller_id, price, category, length, width, height, image, created_at, updated_at) values (54, 'Comfortable Site MK221', 55, 983553, 6, 147, 17, 26, 'its.gif', '2010-01-26 00:05:26', '2022-12-08 17:28:13');
insert into dbapp.product (id, title, seller_id, price, category, length, width, height, image, created_at, updated_at) values (55, 'Less Exit MK192', 42, 42071, 6, 35, 10, 39, 'vote.tiff', '2009-04-27 15:53:19', '2019-05-22 18:35:15');
insert into dbapp.product (id, title, seller_id, price, category, length, width, height, image, created_at, updated_at) values (56, 'Slow Law MK420', 48, 951471, 3, 118, 32, 96, 'family.jpeg', '2020-02-29 16:41:05', '1973-01-02 17:59:18');
insert into dbapp.product (id, title, seller_id, price, category, length, width, height, image, created_at, updated_at) values (57, 'Great Imagination MK631', 82, 9421, 1, 17, 10, 26, 'follow.bmp', '2010-06-30 19:36:50', '2000-10-03 20:09:54');
insert into dbapp.product (id, title, seller_id, price, category, length, width, height, image, created_at, updated_at) values (58, 'Close Mountain MK679', 60, 602096, 1, 59, 42, 133, 'receive.jpg', '2012-10-13 09:33:24', '2010-09-27 05:03:03');
insert into dbapp.product (id, title, seller_id, price, category, length, width, height, image, created_at, updated_at) values (59, 'Desperate Departure MK778', 1, 600788, 4, 119, 18, 119, 'catch.jpg', '1995-10-26 23:55:15', '1977-12-10 09:26:24');
insert into dbapp.product (id, title, seller_id, price, category, length, width, height, image, created_at, updated_at) values (60, 'Logical Television MK299', 29, 212327, 4, 48, 50, 80, 'cold.png', '2012-01-17 23:34:39', '2001-03-26 15:06:41');
insert into dbapp.product (id, title, seller_id, price, category, length, width, height, image, created_at, updated_at) values (61, 'Similar Construction MK898', 75, 469057, 5, 137, 51, 39, 'each.jpeg', '2011-11-26 15:01:14', '2004-07-25 20:15:11');
insert into dbapp.product (id, title, seller_id, price, category, length, width, height, image, created_at, updated_at) values (62, 'Exact Period MK311', 60, 16511, 1, 88, 74, 138, 'ball.jpg', '1996-01-10 21:18:02', '1976-02-18 07:25:14');
insert into dbapp.product (id, title, seller_id, price, category, length, width, height, image, created_at, updated_at) values (63, 'Latter Health MK126', 71, 780391, 4, 33, 28, 27, 'seven.bmp', '2018-10-12 16:43:18', '2006-12-18 20:57:53');
insert into dbapp.product (id, title, seller_id, price, category, length, width, height, image, created_at, updated_at) values (64, 'Guilty Heat MK636', 89, 34141, 5, 50, 70, 124, 'tell.jpeg', '2023-02-06 01:15:09', '2020-08-12 11:37:01');
insert into dbapp.product (id, title, seller_id, price, category, length, width, height, image, created_at, updated_at) values (65, 'Ill Discount MK48', 59, 333033, 5, 121, 69, 139, 'call.jpg', '2005-12-09 06:30:56', '2023-06-19 15:25:05');
insert into dbapp.product (id, title, seller_id, price, category, length, width, height, image, created_at, updated_at) values (66, 'Total Market MK157', 68, 647462, 4, 35, 83, 150, 'share.jpg', '1992-07-28 05:34:19', '1971-07-05 11:38:55');
insert into dbapp.product (id, title, seller_id, price, category, length, width, height, image, created_at, updated_at) values (67, 'Healthy Midnight MK378', 68, 236534, 3, 66, 56, 59, 'explain.tiff', '2014-08-28 11:04:17', '2022-05-16 02:11:43');
insert into dbapp.product (id, title, seller_id, price, category, length, width, height, image, created_at, updated_at) values (68, 'Beautiful Month MK253', 56, 525815, 1, 28, 67, 79, 'me.png', '1991-07-02 19:30:09', '2005-11-18 04:12:09');
insert into dbapp.product (id, title, seller_id, price, category, length, width, height, image, created_at, updated_at) values (69, 'Impressive Environment MK49', 49, 90809, 1, 38, 36, 36, 'argue.tiff', '2010-06-29 23:21:43', '1995-03-18 11:49:51');
insert into dbapp.product (id, title, seller_id, price, category, length, width, height, image, created_at, updated_at) values (70, 'Dead Switch MK19', 20, 820087, 6, 143, 82, 49, 'age.jpeg', '2011-12-29 07:53:09', '2019-08-13 10:25:09');
insert into dbapp.product (id, title, seller_id, price, category, length, width, height, image, created_at, updated_at) values (71, 'Wrong Lab MK679', 94, 253282, 4, 10, 41, 116, 'own.gif', '2006-05-04 18:58:17', '2021-06-05 00:09:54');
insert into dbapp.product (id, title, seller_id, price, category, length, width, height, image, created_at, updated_at) values (72, 'Fair Measurement MK4', 14, 451791, 5, 36, 64, 38, 'soon.bmp', '2022-05-25 09:18:57', '1974-02-08 20:33:58');
insert into dbapp.product (id, title, seller_id, price, category, length, width, height, image, created_at, updated_at) values (73, 'Temporary Excitement MK335', 74, 369633, 3, 108, 52, 122, 'great.jpg', '2015-12-09 14:01:55', '1975-11-24 18:20:29');
insert into dbapp.product (id, title, seller_id, price, category, length, width, height, image, created_at, updated_at) values (74, 'Local Sign MK207', 10, 522658, 3, 126, 21, 45, 'begin.jpeg', '2007-03-04 07:29:51', '2019-06-25 15:16:31');
insert into dbapp.product (id, title, seller_id, price, category, length, width, height, image, created_at, updated_at) values (75, 'Dirty Promotion MK608', 74, 278211, 1, 106, 33, 51, 'whole.jpg', '1982-11-02 07:25:24', '1972-08-22 04:51:50');
insert into dbapp.product (id, title, seller_id, price, category, length, width, height, image, created_at, updated_at) values (76, 'Bright Ground MK801', 100, 537136, 4, 134, 47, 18, 'almost.bmp', '1996-08-25 09:34:59', '2005-01-29 18:22:46');
insert into dbapp.product (id, title, seller_id, price, category, length, width, height, image, created_at, updated_at) values (77, 'Stupid Comparison MK605', 45, 772149, 1, 45, 82, 127, 'apply.tiff', '2010-05-12 05:45:34', '1972-11-17 10:30:55');
insert into dbapp.product (id, title, seller_id, price, category, length, width, height, image, created_at, updated_at) values (78, 'Cheap Performance MK929', 68, 538246, 3, 61, 62, 126, 'imagine.bmp', '1983-06-02 11:51:15', '2000-06-22 06:22:18');
insert into dbapp.product (id, title, seller_id, price, category, length, width, height, image, created_at, updated_at) values (79, 'Strong Game MK651', 98, 130721, 5, 79, 17, 147, 'anything.bmp', '2002-03-13 04:24:13', '2011-10-07 12:05:39');
insert into dbapp.product (id, title, seller_id, price, category, length, width, height, image, created_at, updated_at) values (80, 'Long Disaster MK821', 22, 527809, 1, 131, 47, 142, 'economy.gif', '1981-08-14 16:11:53', '1992-08-15 18:10:50');
insert into dbapp.product (id, title, seller_id, price, category, length, width, height, image, created_at, updated_at) values (81, 'Sharp Contact MK947', 54, 709154, 1, 108, 61, 91, 'room.gif', '2011-04-22 01:36:30', '2006-12-31 12:06:03');
insert into dbapp.product (id, title, seller_id, price, category, length, width, height, image, created_at, updated_at) values (82, 'Good Information MK866', 78, 871237, 6, 94, 27, 136, 'house.jpeg', '2004-04-26 22:56:43', '1984-05-19 00:38:29');
insert into dbapp.product (id, title, seller_id, price, category, length, width, height, image, created_at, updated_at) values (83, 'Spare Baby MK180', 45, 470445, 5, 80, 27, 34, 'former.tiff', '2021-04-13 16:06:35', '2019-01-04 07:08:37');
insert into dbapp.product (id, title, seller_id, price, category, length, width, height, image, created_at, updated_at) values (84, 'Numerous Water MK483', 77, 823880, 4, 87, 26, 34, 'difference.jpeg', '1987-09-05 05:26:05', '1990-01-26 19:34:35');
insert into dbapp.product (id, title, seller_id, price, category, length, width, height, image, created_at, updated_at) values (85, 'According Party MK520', 98, 563233, 4, 49, 70, 75, 'far.gif', '2013-06-28 07:33:35', '1972-01-09 02:43:21');
insert into dbapp.product (id, title, seller_id, price, category, length, width, height, image, created_at, updated_at) values (86, 'Sorry Fire MK552', 18, 267021, 6, 147, 23, 144, 'note.bmp', '2007-02-10 04:24:38', '2000-06-15 19:58:26');
insert into dbapp.product (id, title, seller_id, price, category, length, width, height, image, created_at, updated_at) values (87, 'Usual South MK59', 49, 187465, 4, 96, 62, 25, 'social.png', '1982-02-08 03:11:33', '1971-08-14 19:51:02');
insert into dbapp.product (id, title, seller_id, price, category, length, width, height, image, created_at, updated_at) values (88, 'Adult Series MK877', 68, 677472, 3, 70, 31, 45, 'culture.tiff', '2002-01-25 11:51:07', '2017-07-04 19:16:54');
insert into dbapp.product (id, title, seller_id, price, category, length, width, height, image, created_at, updated_at) values (89, 'Correct Passenger MK437', 72, 256185, 5, 55, 27, 126, 'parent.gif', '2007-10-02 22:55:08', '1984-08-02 03:28:47');
insert into dbapp.product (id, title, seller_id, price, category, length, width, height, image, created_at, updated_at) values (90, 'Necessary River MK372', 48, 648715, 3, 45, 24, 99, 'north.png', '1981-08-25 21:18:07', '1994-01-03 22:30:35');
insert into dbapp.product (id, title, seller_id, price, category, length, width, height, image, created_at, updated_at) values (91, 'Suitable Health MK142', 64, 784127, 3, 111, 29, 13, 'operation.jpeg', '2014-05-12 00:48:06', '2003-07-06 23:31:01');
insert into dbapp.product (id, title, seller_id, price, category, length, width, height, image, created_at, updated_at) values (92, 'Sweet Wave MK618', 61, 188912, 1, 79, 38, 97, 'lawyer.gif', '2006-10-23 07:03:39', '1974-01-11 18:58:52');
insert into dbapp.product (id, title, seller_id, price, category, length, width, height, image, created_at, updated_at) values (93, 'Rich Minimum MK963', 38, 546321, 5, 70, 30, 123, 'unit.gif', '2012-04-09 01:56:23', '1975-08-21 10:19:30');
insert into dbapp.product (id, title, seller_id, price, category, length, width, height, image, created_at, updated_at) values (94, 'Downtown Mood MK995', 88, 569992, 1, 132, 49, 67, 'thought.bmp', '2013-11-21 16:22:28', '2003-07-07 06:04:54');
insert into dbapp.product (id, title, seller_id, price, category, length, width, height, image, created_at, updated_at) values (95, 'Secret Swimming MK465', 98, 378476, 6, 136, 88, 120, 'bring.jpg', '1981-11-12 19:42:26', '1981-04-13 10:44:26');
insert into dbapp.product (id, title, seller_id, price, category, length, width, height, image, created_at, updated_at) values (96, 'Perfect Youth MK923', 53, 775025, 2, 146, 29, 24, 'official.jpg', '2017-08-11 22:41:13', '2008-06-04 01:02:18');
insert into dbapp.product (id, title, seller_id, price, category, length, width, height, image, created_at, updated_at) values (97, 'Constant Tool MK15', 44, 77400, 4, 88, 27, 136, 'cultural.bmp', '1992-06-09 15:26:51', '1999-09-26 13:34:43');
insert into dbapp.product (id, title, seller_id, price, category, length, width, height, image, created_at, updated_at) values (98, 'Cute Interest MK156', 22, 63441, 5, 91, 36, 32, 'sound.bmp', '2002-01-23 07:14:58', '1994-12-01 18:42:37');
insert into dbapp.product (id, title, seller_id, price, category, length, width, height, image, created_at, updated_at) values (99, 'Familiar Log MK387', 100, 632495, 2, 100, 53, 45, 'high.jpeg', '1999-06-26 12:47:33', '2012-01-04 08:30:39');
insert into dbapp.product (id, title, seller_id, price, category, length, width, height, image, created_at, updated_at) values (100, 'New Variety MK280', 54, 293105, 4, 71, 57, 42, 'cost.gif', '1971-10-11 19:08:03', '1995-04-13 12:05:38');
insert into dbapp.product (id, title, seller_id, price, category, length, width, height, image, created_at, updated_at) values (101, 'Primary Coat MK513', 95, 395800, 3, 131, 83, 46, 'message.jpg', '2009-02-16 04:59:28', '1998-05-24 23:05:01');
insert into dbapp.product (id, title, seller_id, price, category, length, width, height, image, created_at, updated_at) values (102, 'Mental Plant MK34', 69, 608486, 5, 94, 57, 20, 'author.jpg', '2001-07-23 15:09:55', '1987-01-06 17:51:52');
insert into dbapp.product (id, title, seller_id, price, category, length, width, height, image, created_at, updated_at) values (103, 'Yellow Tree MK28', 39, 243323, 5, 21, 29, 101, 'future.jpg', '2008-06-28 12:31:31', '2005-01-31 01:08:44');
insert into dbapp.product (id, title, seller_id, price, category, length, width, height, image, created_at, updated_at) values (104, 'Capable Memory MK275', 79, 506030, 5, 121, 36, 49, 'somebody.tiff', '2016-06-26 12:44:27', '2014-06-19 09:37:33');
insert into dbapp.product (id, title, seller_id, price, category, length, width, height, image, created_at, updated_at) values (105, 'Neat Alarm MK331', 37, 61254, 1, 15, 81, 143, 'interesting.jpg', '1974-04-02 14:58:46', '1978-06-27 19:35:37');
insert into dbapp.product (id, title, seller_id, price, category, length, width, height, image, created_at, updated_at) values (106, 'Dramatic Oven MK806', 25, 806972, 5, 56, 65, 86, 'program.jpeg', '2013-10-21 03:46:18', '1981-04-06 11:16:53');
insert into dbapp.product (id, title, seller_id, price, category, length, width, height, image, created_at, updated_at) values (107, 'Little Plenty MK720', 57, 201836, 6, 67, 73, 90, 'usually.bmp', '1971-07-23 03:16:41', '1994-08-27 07:08:20');
insert into dbapp.product (id, title, seller_id, price, category, length, width, height, image, created_at, updated_at) values (108, 'Fit Rope MK184', 96, 160763, 2, 20, 35, 48, 'teacher.jpeg', '1995-05-28 00:20:09', '2001-03-22 09:56:15');
insert into dbapp.product (id, title, seller_id, price, category, length, width, height, image, created_at, updated_at) values (109, 'Best Seat MK630', 14, 556552, 1, 49, 45, 80, 'once.jpg', '2007-09-05 23:43:33', '2006-08-12 22:34:51');
insert into dbapp.product (id, title, seller_id, price, category, length, width, height, image, created_at, updated_at) values (110, 'Such Strategy MK869', 92, 258980, 5, 21, 84, 80, 'manager.jpeg', '2021-02-25 15:12:12', '2017-12-07 19:09:38');
insert into dbapp.product (id, title, seller_id, price, category, length, width, height, image, created_at, updated_at) values (111, 'Embarrassed Hope MK956', 24, 174503, 3, 63, 56, 120, 'grow.gif', '1981-01-18 10:59:27', '1999-05-27 06:16:58');
insert into dbapp.product (id, title, seller_id, price, category, length, width, height, image, created_at, updated_at) values (112, 'Used Piano MK206', 12, 83112, 2, 109, 46, 51, 'nature.tiff', '2009-12-04 10:41:04', '1989-03-11 09:28:37');
insert into dbapp.product (id, title, seller_id, price, category, length, width, height, image, created_at, updated_at) values (113, 'Minor Soup MK741', 54, 596353, 6, 117, 19, 138, 'even.tiff', '2017-09-24 11:17:48', '2021-05-27 23:00:34');
insert into dbapp.product (id, title, seller_id, price, category, length, width, height, image, created_at, updated_at) values (114, 'Bright Relative MK741', 87, 211678, 3, 59, 21, 92, 'suddenly.tiff', '1970-10-26 21:18:00', '1985-07-04 19:41:46');
insert into dbapp.product (id, title, seller_id, price, category, length, width, height, image, created_at, updated_at) values (115, 'Desperate Principle MK264', 90, 602527, 4, 55, 56, 10, 'seven.gif', '1995-02-21 02:46:31', '2007-06-19 04:01:53');
insert into dbapp.product (id, title, seller_id, price, category, length, width, height, image, created_at, updated_at) values (116, 'Sad Relation MK4', 67, 802523, 4, 42, 80, 103, 'goal.jpeg', '1975-06-10 17:06:19', '2010-05-04 06:12:28');
insert into dbapp.product (id, title, seller_id, price, category, length, width, height, image, created_at, updated_at) values (117, 'False Care MK162', 84, 140494, 2, 89, 80, 104, 'success.jpg', '1999-08-12 22:14:54', '2015-05-04 01:06:28');
insert into dbapp.product (id, title, seller_id, price, category, length, width, height, image, created_at, updated_at) values (118, 'Pregnant Initiative MK730', 47, 325699, 5, 77, 14, 141, 'matter.bmp', '1994-04-21 19:39:55', '2013-12-20 21:31:58');
insert into dbapp.product (id, title, seller_id, price, category, length, width, height, image, created_at, updated_at) values (119, 'Other Penalty MK18', 95, 485602, 5, 67, 51, 81, 'improve.gif', '2004-04-14 01:05:42', '1985-05-09 09:16:32');
insert into dbapp.product (id, title, seller_id, price, category, length, width, height, image, created_at, updated_at) values (120, 'Even Knife MK474', 95, 748046, 1, 64, 85, 36, 'address.gif', '1996-10-17 07:42:23', '1982-08-17 04:49:46');
insert into dbapp.product (id, title, seller_id, price, category, length, width, height, image, created_at, updated_at) values (121, 'Weird Guest MK143', 29, 728823, 2, 122, 81, 138, 'simply.jpeg', '2011-09-30 04:42:41', '2005-01-29 10:51:37');
insert into dbapp.product (id, title, seller_id, price, category, length, width, height, image, created_at, updated_at) values (122, 'Little Examination MK27', 83, 79440, 5, 73, 13, 108, 'growth.jpg', '2002-08-29 16:52:04', '1979-12-04 07:55:39');
insert into dbapp.product (id, title, seller_id, price, category, length, width, height, image, created_at, updated_at) values (123, 'Raw Dinner MK473', 97, 805852, 4, 102, 75, 41, 'cell.png', '1989-06-12 15:37:10', '2010-04-24 16:56:17');
insert into dbapp.product (id, title, seller_id, price, category, length, width, height, image, created_at, updated_at) values (124, 'Alive University MK410', 26, 759552, 5, 13, 17, 53, 'step.tiff', '2003-01-10 07:11:22', '1987-11-26 20:38:02');
insert into dbapp.product (id, title, seller_id, price, category, length, width, height, image, created_at, updated_at) values (125, 'Internal Subject MK26', 55, 753164, 3, 46, 57, 90, 'book.tiff', '2016-07-06 17:29:27', '2010-12-16 12:02:54');
insert into dbapp.product (id, title, seller_id, price, category, length, width, height, image, created_at, updated_at) values (126, 'Secure Sandwich MK541', 73, 330866, 6, 82, 72, 45, 'play.gif', '2013-02-12 10:15:20', '2007-09-04 07:25:52');
insert into dbapp.product (id, title, seller_id, price, category, length, width, height, image, created_at, updated_at) values (127, 'Prior Buddy MK787', 62, 367109, 5, 98, 64, 90, 'away.tiff', '1988-07-10 01:29:45', '1986-03-09 06:43:01');
insert into dbapp.product (id, title, seller_id, price, category, length, width, height, image, created_at, updated_at) values (128, 'Friendly Singer MK153', 93, 579885, 2, 118, 65, 54, 'risk.png', '1983-09-19 18:21:12', '2018-01-08 23:05:32');
insert into dbapp.product (id, title, seller_id, price, category, length, width, height, image, created_at, updated_at) values (129, 'Spare Relationship MK250', 54, 857837, 6, 40, 33, 130, 'carry.jpeg', '2018-02-14 08:38:53', '1987-04-12 18:47:12');
insert into dbapp.product (id, title, seller_id, price, category, length, width, height, image, created_at, updated_at) values (130, 'Slight Committee MK867', 8, 570687, 1, 80, 79, 94, 'country.png', '2015-12-12 21:42:16', '2015-03-17 11:50:05');
insert into dbapp.product (id, title, seller_id, price, category, length, width, height, image, created_at, updated_at) values (131, 'Former Brick MK370', 70, 206473, 3, 91, 12, 63, 'field.tiff', '1992-10-23 04:37:59', '1975-09-24 06:57:46');
insert into dbapp.product (id, title, seller_id, price, category, length, width, height, image, created_at, updated_at) values (132, 'Physical Attitude MK72', 60, 139453, 2, 37, 32, 33, 'effort.png', '1989-06-24 17:42:03', '1977-09-17 12:14:43');
insert into dbapp.product (id, title, seller_id, price, category, length, width, height, image, created_at, updated_at) values (133, 'Able Bonus MK976', 36, 430892, 5, 132, 64, 129, 'beyond.png', '1991-06-18 23:49:34', '1977-08-23 12:57:02');
insert into dbapp.product (id, title, seller_id, price, category, length, width, height, image, created_at, updated_at) values (134, 'Valuable Fact MK265', 97, 413892, 2, 78, 24, 118, 'group.jpg', '1972-08-21 06:43:45', '2004-06-23 04:18:34');
insert into dbapp.product (id, title, seller_id, price, category, length, width, height, image, created_at, updated_at) values (135, 'Serious Boot MK798', 85, 349880, 5, 142, 49, 76, 'keep.tiff', '2002-05-04 06:54:50', '1980-03-22 15:35:00');
insert into dbapp.product (id, title, seller_id, price, category, length, width, height, image, created_at, updated_at) values (136, 'Just Bake MK104', 26, 321938, 4, 67, 78, 136, 'most.gif', '1973-11-27 17:59:01', '2022-09-23 11:14:22');
insert into dbapp.product (id, title, seller_id, price, category, length, width, height, image, created_at, updated_at) values (137, 'Visual Sir MK190', 7, 245490, 5, 55, 42, 59, 'avoid.jpeg', '1990-11-05 14:06:51', '2015-12-16 03:29:29');
insert into dbapp.product (id, title, seller_id, price, category, length, width, height, image, created_at, updated_at) values (138, 'Better Prize MK658', 37, 627864, 2, 150, 85, 147, 'indicate.jpg', '1992-02-13 23:46:11', '2001-02-17 09:44:05');
insert into dbapp.product (id, title, seller_id, price, category, length, width, height, image, created_at, updated_at) values (139, 'Careful Price MK599', 57, 136581, 5, 86, 68, 140, 'magazine.bmp', '2006-08-03 16:17:58', '1985-01-04 09:51:39');
insert into dbapp.product (id, title, seller_id, price, category, length, width, height, image, created_at, updated_at) values (140, 'Practical Patience MK500', 12, 210826, 1, 29, 32, 18, 'rule.gif', '1976-06-08 03:13:01', '2003-07-08 21:00:21');
insert into dbapp.product (id, title, seller_id, price, category, length, width, height, image, created_at, updated_at) values (141, 'Narrow Row MK764', 70, 615881, 3, 139, 23, 137, 'cover.png', '2020-09-01 08:40:31', '2018-04-04 22:42:54');
insert into dbapp.product (id, title, seller_id, price, category, length, width, height, image, created_at, updated_at) values (142, 'Capable Fortune MK915', 49, 513660, 1, 124, 10, 101, 'best.jpg', '2008-01-02 06:01:08', '2013-09-05 17:32:10');
insert into dbapp.product (id, title, seller_id, price, category, length, width, height, image, created_at, updated_at) values (143, 'Famous Milk MK683', 55, 719813, 4, 70, 51, 144, 'short.png', '2001-08-12 20:18:09', '1986-04-22 13:13:31');
insert into dbapp.product (id, title, seller_id, price, category, length, width, height, image, created_at, updated_at) values (144, 'Weak Value MK514', 62, 667574, 5, 26, 71, 35, 'energy.tiff', '1975-08-28 10:22:09', '2012-02-03 17:12:26');
insert into dbapp.product (id, title, seller_id, price, category, length, width, height, image, created_at, updated_at) values (145, 'Complete Tackle MK565', 61, 264754, 2, 47, 15, 12, 'baby.jpg', '1981-05-13 20:12:22', '2015-07-05 23:08:17');
insert into dbapp.product (id, title, seller_id, price, category, length, width, height, image, created_at, updated_at) values (146, 'Current Sex MK809', 59, 307161, 4, 136, 87, 18, 'heavy.jpeg', '1989-03-26 05:34:32', '2006-04-08 04:10:17');
insert into dbapp.product (id, title, seller_id, price, category, length, width, height, image, created_at, updated_at) values (147, 'Many Physics MK216', 65, 348809, 2, 12, 34, 54, 'include.jpg', '1975-04-24 05:16:49', '1998-05-01 23:01:40');
insert into dbapp.product (id, title, seller_id, price, category, length, width, height, image, created_at, updated_at) values (148, 'Senior Member MK124', 89, 967515, 1, 123, 49, 54, 'world.bmp', '2018-06-11 07:48:48', '2006-11-07 09:48:16');
insert into dbapp.product (id, title, seller_id, price, category, length, width, height, image, created_at, updated_at) values (149, 'Smooth Respect MK491', 49, 777302, 2, 146, 71, 64, 'onto.png', '1993-07-08 09:22:51', '1970-06-22 13:36:42');
insert into dbapp.product (id, title, seller_id, price, category, length, width, height, image, created_at, updated_at) values (150, 'Open Art MK99', 19, 691741, 5, 11, 23, 105, 'situation.tiff', '2005-06-21 14:52:02', '1970-10-29 13:29:09');


-- warehouse
insert into dbapp.warehouse (id, name, address, total_area, remaining_area) values (1, 'Andersonchester 92', '2931 Harris Port, Richardsonberg, TN 77467', 8586, 8037);
insert into dbapp.warehouse (id, name, address, total_area, remaining_area) values (2, 'Billmouth 32', '905 Tim Shoals, Mirandafort, MI 69208', 3483, 3219);
insert into dbapp.warehouse (id, name, address, total_area, remaining_area) values (3, 'West Maria 10', '874 Anderson Village, East Mike, WY 50011', 3569, 2589);
insert into dbapp.warehouse (id, name, address, total_area, remaining_area) values (4, 'East Henry 2', '74967 Sanchez Trace, Port Danielleborough, CO 58010', 3364, 2561);
insert into dbapp.warehouse (id, name, address, total_area, remaining_area) values (5, 'West Vicki 30', 'USNV Freeman, FPO AE 37459', 2206, 2170);
insert into dbapp.warehouse (id, name, address, total_area, remaining_area) values (6, 'Lewisland 95', '3217 Brittany Trafficway, Jacobsmouth, NY 98371', 4183, 3599);
insert into dbapp.warehouse (id, name, address, total_area, remaining_area) values (7, 'Port Lisa 67', '47036 Donald Ridges, West Courtney, WV 82275', 2231, 1907);
insert into dbapp.warehouse (id, name, address, total_area, remaining_area) values (8, 'New Stacy 80', '580 Cameron Tunnel, West Gregoryport, SD 57260', 11753, 10887);
insert into dbapp.warehouse (id, name, address, total_area, remaining_area) values (9, 'West Sydney 81', '693 Charles Stream Apt. 546, Port Jerryfurt, GA 74892', 2020, 1289);
insert into dbapp.warehouse (id, name, address, total_area, remaining_area) values (10, 'West Abigail 86', 'PSC 5097, Box 1871, APO AE 60288', 4259, 4189);
insert into dbapp.warehouse (id, name, address, total_area, remaining_area) values (11, 'Lisahaven 91', 'PSC 7679, Box 7725, APO AE 83282', 2675, 1843);
insert into dbapp.warehouse (id, name, address, total_area, remaining_area) values (12, 'Lake Christinaberg 69', '5658 Jason Point Suite 075, New Brandon, KY 24079', 2796, 2671);
insert into dbapp.warehouse (id, name, address, total_area, remaining_area) values (13, 'East Nancybury 85', '1594 Baker Throughway, Lake Johnberg, PW 19756', 4996, 4528);
insert into dbapp.warehouse (id, name, address, total_area, remaining_area) values (14, 'Port Christopherport 100', '4233 Dennis Prairie Suite 456, Cooperville, NE 69057', 11012, 10373);
insert into dbapp.warehouse (id, name, address, total_area, remaining_area) values (15, 'Mitchellview 88', 'USCGC Luna, FPO AA 60423', 9427, 9259);
insert into dbapp.warehouse (id, name, address, total_area, remaining_area) values (16, 'South Sandra 92', '722 Freeman Viaduct, North Pamelaland, OR 12810', 5842, 5668);
insert into dbapp.warehouse (id, name, address, total_area, remaining_area) values (17, 'Justinview 80', '5234 Odom Shores, Port Connor, ME 23005', 10854, 10780);
insert into dbapp.warehouse (id, name, address, total_area, remaining_area) values (18, 'Justinmouth 11', '544 Hayley Inlet Suite 726, Whiteside, NC 10720', 5537, 5061);
insert into dbapp.warehouse (id, name, address, total_area, remaining_area) values (19, 'North Paulamouth 53', '4568 Williams Loop Apt. 204, Kellyton, AR 63885', 1347, 1055);
insert into dbapp.warehouse (id, name, address, total_area, remaining_area) values (20, 'West David 32', '4907 Carter Centers, New Jason, MI 29247', 1549, 757);

-- cart details
insert into dbapp.cart_details (customer_id, product_id, quantity) values (1, 48, 6);
insert into dbapp.cart_details (customer_id, product_id, quantity) values (2, 81, 2);
insert into dbapp.cart_details (customer_id, product_id, quantity) values (3, 48, 10);
insert into dbapp.cart_details (customer_id, product_id, quantity) values (4, 64, 19);
insert into dbapp.cart_details (customer_id, product_id, quantity) values (5, 56, 5);
insert into dbapp.cart_details (customer_id, product_id, quantity) values (6, 68, 2);
insert into dbapp.cart_details (customer_id, product_id, quantity) values (7, 72, 5);
insert into dbapp.cart_details (customer_id, product_id, quantity) values (8, 13, 18);
insert into dbapp.cart_details (customer_id, product_id, quantity) values (9, 49, 14);
insert into dbapp.cart_details (customer_id, product_id, quantity) values (10, 33, 6);
insert into dbapp.cart_details (customer_id, product_id, quantity) values (11, 49, 13);
insert into dbapp.cart_details (customer_id, product_id, quantity) values (12, 43, 6);
insert into dbapp.cart_details (customer_id, product_id, quantity) values (13, 15, 6);
insert into dbapp.cart_details (customer_id, product_id, quantity) values (14, 82, 3);
insert into dbapp.cart_details (customer_id, product_id, quantity) values (15, 52, 9);
insert into dbapp.cart_details (customer_id, product_id, quantity) values (16, 39, 8);
insert into dbapp.cart_details (customer_id, product_id, quantity) values (17, 38, 2);
insert into dbapp.cart_details (customer_id, product_id, quantity) values (18, 100, 12);
insert into dbapp.cart_details (customer_id, product_id, quantity) values (19, 88, 13);
insert into dbapp.cart_details (customer_id, product_id, quantity) values (20, 60, 20);
insert into dbapp.cart_details (customer_id, product_id, quantity) values (21, 77, 10);
insert into dbapp.cart_details (customer_id, product_id, quantity) values (22, 33, 19);
insert into dbapp.cart_details (customer_id, product_id, quantity) values (23, 6, 12);
insert into dbapp.cart_details (customer_id, product_id, quantity) values (24, 37, 14);
insert into dbapp.cart_details (customer_id, product_id, quantity) values (25, 67, 10);
insert into dbapp.cart_details (customer_id, product_id, quantity) values (26, 65, 3);
insert into dbapp.cart_details (customer_id, product_id, quantity) values (27, 59, 16);
insert into dbapp.cart_details (customer_id, product_id, quantity) values (28, 66, 10);
insert into dbapp.cart_details (customer_id, product_id, quantity) values (29, 100, 2);
insert into dbapp.cart_details (customer_id, product_id, quantity) values (30, 70, 16);
insert into dbapp.cart_details (customer_id, product_id, quantity) values (31, 55, 11);
insert into dbapp.cart_details (customer_id, product_id, quantity) values (32, 54, 13);
insert into dbapp.cart_details (customer_id, product_id, quantity) values (33, 32, 6);
insert into dbapp.cart_details (customer_id, product_id, quantity) values (34, 84, 7);
insert into dbapp.cart_details (customer_id, product_id, quantity) values (35, 52, 16);
insert into dbapp.cart_details (customer_id, product_id, quantity) values (36, 46, 19);
insert into dbapp.cart_details (customer_id, product_id, quantity) values (37, 8, 14);
insert into dbapp.cart_details (customer_id, product_id, quantity) values (38, 65, 12);
insert into dbapp.cart_details (customer_id, product_id, quantity) values (39, 8, 8);
insert into dbapp.cart_details (customer_id, product_id, quantity) values (40, 70, 17);
insert into dbapp.cart_details (customer_id, product_id, quantity) values (41, 96, 5);
insert into dbapp.cart_details (customer_id, product_id, quantity) values (42, 54, 6);
insert into dbapp.cart_details (customer_id, product_id, quantity) values (43, 67, 3);
insert into dbapp.cart_details (customer_id, product_id, quantity) values (44, 51, 10);
insert into dbapp.cart_details (customer_id, product_id, quantity) values (45, 51, 20);
insert into dbapp.cart_details (customer_id, product_id, quantity) values (46, 36, 9);
insert into dbapp.cart_details (customer_id, product_id, quantity) values (47, 40, 11);
insert into dbapp.cart_details (customer_id, product_id, quantity) values (48, 43, 1);
insert into dbapp.cart_details (customer_id, product_id, quantity) values (49, 68, 8);
insert into dbapp.cart_details (customer_id, product_id, quantity) values (50, 100, 1);
insert into dbapp.cart_details (customer_id, product_id, quantity) values (51, 5, 8);
insert into dbapp.cart_details (customer_id, product_id, quantity) values (52, 82, 6);
insert into dbapp.cart_details (customer_id, product_id, quantity) values (53, 65, 18);
insert into dbapp.cart_details (customer_id, product_id, quantity) values (54, 32, 9);
insert into dbapp.cart_details (customer_id, product_id, quantity) values (55, 61, 14);
insert into dbapp.cart_details (customer_id, product_id, quantity) values (56, 46, 5);
insert into dbapp.cart_details (customer_id, product_id, quantity) values (57, 24, 12);
insert into dbapp.cart_details (customer_id, product_id, quantity) values (58, 4, 12);
insert into dbapp.cart_details (customer_id, product_id, quantity) values (59, 81, 2);
insert into dbapp.cart_details (customer_id, product_id, quantity) values (60, 77, 17);
insert into dbapp.cart_details (customer_id, product_id, quantity) values (61, 12, 18);
insert into dbapp.cart_details (customer_id, product_id, quantity) values (62, 84, 20);
insert into dbapp.cart_details (customer_id, product_id, quantity) values (63, 65, 10);
insert into dbapp.cart_details (customer_id, product_id, quantity) values (64, 75, 7);
insert into dbapp.cart_details (customer_id, product_id, quantity) values (65, 96, 16);
insert into dbapp.cart_details (customer_id, product_id, quantity) values (66, 73, 15);
insert into dbapp.cart_details (customer_id, product_id, quantity) values (67, 76, 6);
insert into dbapp.cart_details (customer_id, product_id, quantity) values (68, 57, 14);
insert into dbapp.cart_details (customer_id, product_id, quantity) values (69, 72, 4);
insert into dbapp.cart_details (customer_id, product_id, quantity) values (70, 10, 6);
insert into dbapp.cart_details (customer_id, product_id, quantity) values (71, 72, 1);
insert into dbapp.cart_details (customer_id, product_id, quantity) values (72, 97, 17);
insert into dbapp.cart_details (customer_id, product_id, quantity) values (73, 70, 11);
insert into dbapp.cart_details (customer_id, product_id, quantity) values (74, 44, 14);
insert into dbapp.cart_details (customer_id, product_id, quantity) values (75, 80, 1);
insert into dbapp.cart_details (customer_id, product_id, quantity) values (76, 54, 13);
insert into dbapp.cart_details (customer_id, product_id, quantity) values (77, 76, 20);
insert into dbapp.cart_details (customer_id, product_id, quantity) values (78, 93, 17);
insert into dbapp.cart_details (customer_id, product_id, quantity) values (79, 54, 20);
insert into dbapp.cart_details (customer_id, product_id, quantity) values (80, 80, 12);
insert into dbapp.cart_details (customer_id, product_id, quantity) values (81, 90, 12);
insert into dbapp.cart_details (customer_id, product_id, quantity) values (82, 80, 6);
insert into dbapp.cart_details (customer_id, product_id, quantity) values (83, 21, 8);
insert into dbapp.cart_details (customer_id, product_id, quantity) values (84, 19, 14);
insert into dbapp.cart_details (customer_id, product_id, quantity) values (85, 13, 4);
insert into dbapp.cart_details (customer_id, product_id, quantity) values (86, 72, 8);
insert into dbapp.cart_details (customer_id, product_id, quantity) values (87, 69, 19);
insert into dbapp.cart_details (customer_id, product_id, quantity) values (88, 51, 15);
insert into dbapp.cart_details (customer_id, product_id, quantity) values (89, 12, 8);
insert into dbapp.cart_details (customer_id, product_id, quantity) values (90, 39, 10);
insert into dbapp.cart_details (customer_id, product_id, quantity) values (91, 21, 16);
insert into dbapp.cart_details (customer_id, product_id, quantity) values (92, 72, 5);
insert into dbapp.cart_details (customer_id, product_id, quantity) values (93, 47, 2);
insert into dbapp.cart_details (customer_id, product_id, quantity) values (94, 38, 11);
insert into dbapp.cart_details (customer_id, product_id, quantity) values (95, 63, 6);
insert into dbapp.cart_details (customer_id, product_id, quantity) values (96, 99, 6);
insert into dbapp.cart_details (customer_id, product_id, quantity) values (97, 8, 9);
insert into dbapp.cart_details (customer_id, product_id, quantity) values (98, 53, 12);
insert into dbapp.cart_details (customer_id, product_id, quantity) values (99, 42, 7);
insert into dbapp.cart_details (customer_id, product_id, quantity) values (100, 29, 13);

-- order details
insert into dbapp.order_details (id, customer_id, status, total_price) values (1, 54, 'Accepted', 740988);
insert into dbapp.order_details (id, customer_id, status, total_price) values (2, 46, 'Inbound', 427620);
insert into dbapp.order_details (id, customer_id, status, total_price) values (3, 10, 'Accepted', 328977);
insert into dbapp.order_details (id, customer_id, status, total_price) values (4, 33, 'Rejected', 29438);
insert into dbapp.order_details (id, customer_id, status, total_price) values (5, 47, 'Rejected', 470695);
insert into dbapp.order_details (id, customer_id, status, total_price) values (6, 8, 'Accepted', 310193);
insert into dbapp.order_details (id, customer_id, status, total_price) values (7, 44, 'Inbound', 65629);
insert into dbapp.order_details (id, customer_id, status, total_price) values (8, 23, 'Rejected', 252848);
insert into dbapp.order_details (id, customer_id, status, total_price) values (9, 39, 'Inbound', 537177);
insert into dbapp.order_details (id, customer_id, status, total_price) values (10, 36, 'Inbound', 686959);
insert into dbapp.order_details (id, customer_id, status, total_price) values (11, 76, 'Inbound', 765230);
insert into dbapp.order_details (id, customer_id, status, total_price) values (12, 43, 'Inbound', 112133);
insert into dbapp.order_details (id, customer_id, status, total_price) values (13, 76, 'Inbound', 457044);
insert into dbapp.order_details (id, customer_id, status, total_price) values (14, 79, 'Rejected', 714617);
insert into dbapp.order_details (id, customer_id, status, total_price) values (15, 78, 'Rejected', 477425);
insert into dbapp.order_details (id, customer_id, status, total_price) values (16, 38, 'Accepted', 815173);
insert into dbapp.order_details (id, customer_id, status, total_price) values (17, 73, 'Rejected', 921730);
insert into dbapp.order_details (id, customer_id, status, total_price) values (18, 13, 'Rejected', 345547);
insert into dbapp.order_details (id, customer_id, status, total_price) values (19, 93, 'Rejected', 829288);
insert into dbapp.order_details (id, customer_id, status, total_price) values (20, 11, 'Accepted', 143068);
insert into dbapp.order_details (id, customer_id, status, total_price) values (21, 97, 'Accepted', 462575);
insert into dbapp.order_details (id, customer_id, status, total_price) values (22, 50, 'Rejected', 269315);
insert into dbapp.order_details (id, customer_id, status, total_price) values (23, 32, 'Accepted', 477993);
insert into dbapp.order_details (id, customer_id, status, total_price) values (24, 55, 'Rejected', 717139);
insert into dbapp.order_details (id, customer_id, status, total_price) values (25, 79, 'Accepted', 398513);
insert into dbapp.order_details (id, customer_id, status, total_price) values (26, 47, 'Inbound', 693273);
insert into dbapp.order_details (id, customer_id, status, total_price) values (27, 87, 'Accepted', 391115);
insert into dbapp.order_details (id, customer_id, status, total_price) values (28, 6, 'Inbound', 182886);
insert into dbapp.order_details (id, customer_id, status, total_price) values (29, 74, 'Accepted', 50334);
insert into dbapp.order_details (id, customer_id, status, total_price) values (30, 48, 'Inbound', 299688);
insert into dbapp.order_details (id, customer_id, status, total_price) values (31, 2, 'Inbound', 352235);
insert into dbapp.order_details (id, customer_id, status, total_price) values (32, 67, 'Rejected', 799709);
insert into dbapp.order_details (id, customer_id, status, total_price) values (33, 49, 'Accepted', 750065);
insert into dbapp.order_details (id, customer_id, status, total_price) values (34, 42, 'Inbound', 794967);
insert into dbapp.order_details (id, customer_id, status, total_price) values (35, 32, 'Accepted', 252888);
insert into dbapp.order_details (id, customer_id, status, total_price) values (36, 48, 'Inbound', 421272);
insert into dbapp.order_details (id, customer_id, status, total_price) values (37, 3, 'Accepted', 244392);
insert into dbapp.order_details (id, customer_id, status, total_price) values (38, 20, 'Rejected', 380509);
insert into dbapp.order_details (id, customer_id, status, total_price) values (39, 59, 'Accepted', 390993);
insert into dbapp.order_details (id, customer_id, status, total_price) values (40, 85, 'Rejected', 110507);
insert into dbapp.order_details (id, customer_id, status, total_price) values (41, 2, 'Inbound', 451818);
insert into dbapp.order_details (id, customer_id, status, total_price) values (42, 74, 'Inbound', 488966);
insert into dbapp.order_details (id, customer_id, status, total_price) values (43, 24, 'Rejected', 168453);
insert into dbapp.order_details (id, customer_id, status, total_price) values (44, 37, 'Rejected', 325821);
insert into dbapp.order_details (id, customer_id, status, total_price) values (45, 92, 'Rejected', 990432);
insert into dbapp.order_details (id, customer_id, status, total_price) values (46, 58, 'Inbound', 805333);
insert into dbapp.order_details (id, customer_id, status, total_price) values (47, 98, 'Accepted', 362945);
insert into dbapp.order_details (id, customer_id, status, total_price) values (48, 19, 'Accepted', 656454);
insert into dbapp.order_details (id, customer_id, status, total_price) values (49, 37, 'Inbound', 374047);
insert into dbapp.order_details (id, customer_id, status, total_price) values (50, 82, 'Accepted', 326384);
insert into dbapp.order_details (id, customer_id, status, total_price) values (51, 8, 'Accepted', 158013);
insert into dbapp.order_details (id, customer_id, status, total_price) values (52, 1, 'Rejected', 331869);
insert into dbapp.order_details (id, customer_id, status, total_price) values (53, 93, 'Inbound', 722681);
insert into dbapp.order_details (id, customer_id, status, total_price) values (54, 46, 'Rejected', 656121);
insert into dbapp.order_details (id, customer_id, status, total_price) values (55, 55, 'Accepted', 701124);
insert into dbapp.order_details (id, customer_id, status, total_price) values (56, 73, 'Rejected', 136616);
insert into dbapp.order_details (id, customer_id, status, total_price) values (57, 83, 'Rejected', 432548);
insert into dbapp.order_details (id, customer_id, status, total_price) values (58, 30, 'Accepted', 397803);
insert into dbapp.order_details (id, customer_id, status, total_price) values (59, 94, 'Rejected', 162581);
insert into dbapp.order_details (id, customer_id, status, total_price) values (60, 74, 'Accepted', 548194);
insert into dbapp.order_details (id, customer_id, status, total_price) values (61, 51, 'Accepted', 50062);
insert into dbapp.order_details (id, customer_id, status, total_price) values (62, 47, 'Accepted', 574259);
insert into dbapp.order_details (id, customer_id, status, total_price) values (63, 80, 'Inbound', 466441);
insert into dbapp.order_details (id, customer_id, status, total_price) values (64, 69, 'Accepted', 488170);
insert into dbapp.order_details (id, customer_id, status, total_price) values (65, 12, 'Inbound', 268123);
insert into dbapp.order_details (id, customer_id, status, total_price) values (66, 16, 'Rejected', 700005);
insert into dbapp.order_details (id, customer_id, status, total_price) values (67, 99, 'Rejected', 582548);
insert into dbapp.order_details (id, customer_id, status, total_price) values (68, 6, 'Accepted', 584311);
insert into dbapp.order_details (id, customer_id, status, total_price) values (69, 9, 'Rejected', 486216);
insert into dbapp.order_details (id, customer_id, status, total_price) values (70, 10, 'Accepted', 60087);
insert into dbapp.order_details (id, customer_id, status, total_price) values (71, 60, 'Inbound', 502251);
insert into dbapp.order_details (id, customer_id, status, total_price) values (72, 73, 'Inbound', 693919);
insert into dbapp.order_details (id, customer_id, status, total_price) values (73, 39, 'Rejected', 373794);
insert into dbapp.order_details (id, customer_id, status, total_price) values (74, 98, 'Accepted', 447516);
insert into dbapp.order_details (id, customer_id, status, total_price) values (75, 61, 'Accepted', 93034);
insert into dbapp.order_details (id, customer_id, status, total_price) values (76, 7, 'Accepted', 485496);
insert into dbapp.order_details (id, customer_id, status, total_price) values (77, 50, 'Inbound', 763358);
insert into dbapp.order_details (id, customer_id, status, total_price) values (78, 40, 'Rejected', 762430);
insert into dbapp.order_details (id, customer_id, status, total_price) values (79, 4, 'Inbound', 642064);
insert into dbapp.order_details (id, customer_id, status, total_price) values (80, 100, 'Inbound', 562944);
insert into dbapp.order_details (id, customer_id, status, total_price) values (81, 51, 'Accepted', 51090);
insert into dbapp.order_details (id, customer_id, status, total_price) values (82, 1, 'Rejected', 700868);
insert into dbapp.order_details (id, customer_id, status, total_price) values (83, 38, 'Rejected', 202306);
insert into dbapp.order_details (id, customer_id, status, total_price) values (84, 26, 'Accepted', 931544);
insert into dbapp.order_details (id, customer_id, status, total_price) values (85, 77, 'Inbound', 288790);
insert into dbapp.order_details (id, customer_id, status, total_price) values (86, 53, 'Rejected', 124976);
insert into dbapp.order_details (id, customer_id, status, total_price) values (87, 4, 'Inbound', 725885);
insert into dbapp.order_details (id, customer_id, status, total_price) values (88, 76, 'Rejected', 972919);
insert into dbapp.order_details (id, customer_id, status, total_price) values (89, 57, 'Rejected', 997035);
insert into dbapp.order_details (id, customer_id, status, total_price) values (90, 24, 'Inbound', 748311);
insert into dbapp.order_details (id, customer_id, status, total_price) values (91, 10, 'Rejected', 165255);
insert into dbapp.order_details (id, customer_id, status, total_price) values (92, 7, 'Inbound', 408665);
insert into dbapp.order_details (id, customer_id, status, total_price) values (93, 61, 'Accepted', 365438);
insert into dbapp.order_details (id, customer_id, status, total_price) values (94, 5, 'Accepted', 75475);
insert into dbapp.order_details (id, customer_id, status, total_price) values (95, 38, 'Rejected', 684752);
insert into dbapp.order_details (id, customer_id, status, total_price) values (96, 80, 'Accepted', 738351);
insert into dbapp.order_details (id, customer_id, status, total_price) values (97, 8, 'Rejected', 559681);
insert into dbapp.order_details (id, customer_id, status, total_price) values (98, 22, 'Rejected', 424901);
insert into dbapp.order_details (id, customer_id, status, total_price) values (99, 59, 'Rejected', 10660);
insert into dbapp.order_details (id, customer_id, status, total_price) values (100, 44, 'Rejected', 364797);

-- order item
insert into dbapp.order_item (id, product_id, quantity) values (3, 71, 20);
insert into dbapp.order_item (id, product_id, quantity) values (42, 54, 18);
insert into dbapp.order_item (id, product_id, quantity) values (63, 29, 20);
insert into dbapp.order_item (id, product_id, quantity) values (71, 15, 5);
insert into dbapp.order_item (id, product_id, quantity) values (18, 23, 14);
insert into dbapp.order_item (id, product_id, quantity) values (34, 76, 13);
insert into dbapp.order_item (id, product_id, quantity) values (3, 81, 6);
insert into dbapp.order_item (id, product_id, quantity) values (43, 29, 13);
insert into dbapp.order_item (id, product_id, quantity) values (2, 22, 14);
insert into dbapp.order_item (id, product_id, quantity) values (80, 74, 4);
insert into dbapp.order_item (id, product_id, quantity) values (92, 33, 20);
insert into dbapp.order_item (id, product_id, quantity) values (42, 12, 11);
insert into dbapp.order_item (id, product_id, quantity) values (2, 30, 13);
insert into dbapp.order_item (id, product_id, quantity) values (20, 88, 14);
insert into dbapp.order_item (id, product_id, quantity) values (8, 5, 12);
insert into dbapp.order_item (id, product_id, quantity) values (74, 83, 10);
insert into dbapp.order_item (id, product_id, quantity) values (49, 47, 13);
insert into dbapp.order_item (id, product_id, quantity) values (34, 92, 4);
insert into dbapp.order_item (id, product_id, quantity) values (63, 58, 14);
insert into dbapp.order_item (id, product_id, quantity) values (59, 61, 4);
insert into dbapp.order_item (id, product_id, quantity) values (29, 99, 3);
insert into dbapp.order_item (id, product_id, quantity) values (90, 85, 11);
insert into dbapp.order_item (id, product_id, quantity) values (9, 23, 19);
insert into dbapp.order_item (id, product_id, quantity) values (56, 33, 5);
insert into dbapp.order_item (id, product_id, quantity) values (70, 30, 6);
insert into dbapp.order_item (id, product_id, quantity) values (74, 12, 16);
insert into dbapp.order_item (id, product_id, quantity) values (10, 9, 16);
insert into dbapp.order_item (id, product_id, quantity) values (95, 46, 5);
insert into dbapp.order_item (id, product_id, quantity) values (63, 61, 2);
insert into dbapp.order_item (id, product_id, quantity) values (28, 29, 3);
insert into dbapp.order_item (id, product_id, quantity) values (40, 57, 3);
insert into dbapp.order_item (id, product_id, quantity) values (16, 95, 16);
insert into dbapp.order_item (id, product_id, quantity) values (99, 18, 16);
insert into dbapp.order_item (id, product_id, quantity) values (68, 4, 5);
insert into dbapp.order_item (id, product_id, quantity) values (65, 39, 7);
insert into dbapp.order_item (id, product_id, quantity) values (24, 50, 7);
insert into dbapp.order_item (id, product_id, quantity) values (25, 73, 18);
insert into dbapp.order_item (id, product_id, quantity) values (85, 100, 13);
insert into dbapp.order_item (id, product_id, quantity) values (56, 75, 1);
insert into dbapp.order_item (id, product_id, quantity) values (76, 77, 1);
insert into dbapp.order_item (id, product_id, quantity) values (49, 84, 14);
insert into dbapp.order_item (id, product_id, quantity) values (5, 25, 12);
insert into dbapp.order_item (id, product_id, quantity) values (26, 22, 7);
insert into dbapp.order_item (id, product_id, quantity) values (58, 24, 14);
insert into dbapp.order_item (id, product_id, quantity) values (55, 88, 14);
insert into dbapp.order_item (id, product_id, quantity) values (71, 90, 19);
insert into dbapp.order_item (id, product_id, quantity) values (78, 36, 8);
insert into dbapp.order_item (id, product_id, quantity) values (42, 50, 2);
insert into dbapp.order_item (id, product_id, quantity) values (34, 33, 9);
insert into dbapp.order_item (id, product_id, quantity) values (27, 96, 10);
insert into dbapp.order_item (id, product_id, quantity) values (9, 45, 9);
insert into dbapp.order_item (id, product_id, quantity) values (2, 29, 16);
insert into dbapp.order_item (id, product_id, quantity) values (82, 91, 8);
insert into dbapp.order_item (id, product_id, quantity) values (93, 35, 14);
insert into dbapp.order_item (id, product_id, quantity) values (30, 13, 16);
insert into dbapp.order_item (id, product_id, quantity) values (48, 3, 14);
insert into dbapp.order_item (id, product_id, quantity) values (37, 69, 19);
insert into dbapp.order_item (id, product_id, quantity) values (67, 78, 15);
insert into dbapp.order_item (id, product_id, quantity) values (38, 28, 18);
insert into dbapp.order_item (id, product_id, quantity) values (62, 11, 2);
insert into dbapp.order_item (id, product_id, quantity) values (12, 3, 13);
insert into dbapp.order_item (id, product_id, quantity) values (87, 63, 19);
insert into dbapp.order_item (id, product_id, quantity) values (26, 44, 16);
insert into dbapp.order_item (id, product_id, quantity) values (67, 30, 5);
insert into dbapp.order_item (id, product_id, quantity) values (19, 65, 1);
insert into dbapp.order_item (id, product_id, quantity) values (60, 62, 2);
insert into dbapp.order_item (id, product_id, quantity) values (52, 58, 15);
insert into dbapp.order_item (id, product_id, quantity) values (86, 96, 15);
insert into dbapp.order_item (id, product_id, quantity) values (13, 51, 5);
insert into dbapp.order_item (id, product_id, quantity) values (46, 28, 8);
insert into dbapp.order_item (id, product_id, quantity) values (45, 26, 1);
insert into dbapp.order_item (id, product_id, quantity) values (41, 79, 13);
insert into dbapp.order_item (id, product_id, quantity) values (88, 26, 3);
insert into dbapp.order_item (id, product_id, quantity) values (73, 65, 3);
insert into dbapp.order_item (id, product_id, quantity) values (6, 16, 8);
insert into dbapp.order_item (id, product_id, quantity) values (94, 47, 11);
insert into dbapp.order_item (id, product_id, quantity) values (32, 68, 7);
insert into dbapp.order_item (id, product_id, quantity) values (59, 100, 1);
insert into dbapp.order_item (id, product_id, quantity) values (57, 89, 16);
insert into dbapp.order_item (id, product_id, quantity) values (14, 50, 2);
insert into dbapp.order_item (id, product_id, quantity) values (42, 60, 5);
insert into dbapp.order_item (id, product_id, quantity) values (17, 71, 16);
insert into dbapp.order_item (id, product_id, quantity) values (59, 14, 20);
insert into dbapp.order_item (id, product_id, quantity) values (1, 13, 20);
insert into dbapp.order_item (id, product_id, quantity) values (68, 56, 6);
insert into dbapp.order_item (id, product_id, quantity) values (1, 18, 17);
insert into dbapp.order_item (id, product_id, quantity) values (9, 13, 1);
insert into dbapp.order_item (id, product_id, quantity) values (64, 30, 11);
insert into dbapp.order_item (id, product_id, quantity) values (63, 18, 4);
insert into dbapp.order_item (id, product_id, quantity) values (75, 89, 12);
insert into dbapp.order_item (id, product_id, quantity) values (31, 66, 14);
insert into dbapp.order_item (id, product_id, quantity) values (14, 26, 17);
insert into dbapp.order_item (id, product_id, quantity) values (33, 70, 7);
insert into dbapp.order_item (id, product_id, quantity) values (13, 6, 4);
insert into dbapp.order_item (id, product_id, quantity) values (86, 100, 11);
insert into dbapp.order_item (id, product_id, quantity) values (66, 47, 18);
insert into dbapp.order_item (id, product_id, quantity) values (58, 26, 1);
insert into dbapp.order_item (id, product_id, quantity) values (42, 94, 3);
insert into dbapp.order_item (id, product_id, quantity) values (21, 51, 3);
insert into dbapp.order_item (id, product_id, quantity) values (93, 98, 4);
