-- REPLACE 'dbapp' with your DB schema

-- category
insert into dbapp.category (id, category_name, parent_category_id, attribute_name, attribute_value, required) values (1, 'Electronics', 'none', 'warranty', '6 months', 'True');
insert into dbapp.category (id, category_name, parent_category_id, attribute_name, attribute_value, required) values (2, 'Phone and Accessories', 'Electronics', 'return', '1 week', 'True');
insert into dbapp.category (id, category_name, parent_category_id, attribute_name, attribute_value, required) values (3, 'Laptop and Computer', 'Electronics', 'return', '1 month', 'True');
insert into dbapp.category (id, category_name, parent_category_id, attribute_name, attribute_value, required) values (4, 'Clothing', 'none', 'return', '1 week', 'True');
insert into dbapp.category (id, category_name, parent_category_id, attribute_name, attribute_value, required) values (5, 'Men''s Clothing', 'Clothing', 'discount on next purchase', '10%', 'False');
insert into dbapp.category (id, category_name, parent_category_id, attribute_name, attribute_value, required) values (6, 'Women''s Clothing', 'Clothing', 'discount on next purchase', '15%', 'True');

-- user
insert into dbapp.user (id, role, user_name, display_name, details, password_hash) values (1, 'seller', 'FirmGreat225', 'Wilson-Stewart', 'Goal technology evening and. Respond while whatever computer someone the water. Stand medical voice. Created on: 1979-10-15.', 'd0e9e95f7cf615743e223a3cd210bf3d');
insert into dbapp.user (id, role, user_name, display_name, details, password_hash) values (2, 'seller', 'InShe318', 'Patel PLC', 'You wrong still lose suffer among interest. Occur only artist dog office. Created on: 2012-02-20.', 'ff0f9af51845e60e99c2e288ce29d983');
insert into dbapp.user (id, role, user_name, display_name, details, password_hash) values (3, 'customer', 'IdeaImage85', 'Brian Beck', 'USCGC Hernandez, FPO AE 92023', 'f6cab7f96a8441fe26402a4edd031661');
insert into dbapp.user (id, role, user_name, display_name, details, password_hash) values (4, 'seller', 'OfficerYour278', 'Macdonald-Anderson', 'Probably value political on raise. There might state old under rise return peace. Created on: 1995-09-08.', '9288b58e7ca198fd79ce1886d3d7399c');
insert into dbapp.user (id, role, user_name, display_name, details, password_hash) values (5, 'warehouse admin', 'RegionWorry404', 'Harold Collins', '24', 'bb1107e59c7a2609312c5ff821406ce2');
insert into dbapp.user (id, role, user_name, display_name, details, password_hash) values (6, 'seller', 'SmallProbably741', 'Roy, Tapia and Wilkinson', 'Beyond student college trouble economic lead. Eye source past sea democratic. Exist growth college international usually group. Created on: 2012-12-19.', '2d65a91275eab9c9bee8af684df3d931');
insert into dbapp.user (id, role, user_name, display_name, details, password_hash) values (7, 'warehouse admin', 'CallIndicate268', 'Christopher Hill', '30', 'e0ef67a97e1adbd987124fea5c8e043d');
insert into dbapp.user (id, role, user_name, display_name, details, password_hash) values (8, 'seller', 'EarlyEnd950', 'Adams, Webster and Jones', 'Realize Mrs type feeling two grow. Far significant end simple. Team see imagine agreement public son interview. Created on: 2011-10-21.', 'ef75292815cd2c1b3c2ce88e8f48007c');
insert into dbapp.user (id, role, user_name, display_name, details, password_hash) values (9, 'customer', 'BoxTraditional835', 'Beverly Neal', '6434 Parker Mount Suite 657, Nicholsside, IL 78101', '29e566c19c511d18e45824d068047bfe');
insert into dbapp.user (id, role, user_name, display_name, details, password_hash) values (10, 'seller', 'StrategyNorth484', 'Jenkins-Lester', 'Through some box six start. Fact financial offer beautiful join feel hour they. Full wide suffer stock allow large. Beyond art leave gun strategy firm yourself. Created on: 2017-08-29.', 'd544d25430d07d91116359e88c119ee5');
insert into dbapp.user (id, role, user_name, display_name, details, password_hash) values (11, 'seller', 'AccordingHand310', 'Spencer PLC', 'Same coach either road sign admit. Created on: 2016-05-14.', 'd9917364ba38a719217f462312172b1c');
insert into dbapp.user (id, role, user_name, display_name, details, password_hash) values (12, 'customer', 'RiseMother64', 'Danielle Jackson', '883 Sean Gardens Suite 180, Millerfurt, MN 46951', 'db6ce4ed87289b737acc33252fda9885');
insert into dbapp.user (id, role, user_name, display_name, details, password_hash) values (13, 'customer', 'ForceThroughout998', 'Richard Solis', '392 Castro Stravenue, Lake Johnnyside, KS 65199', '14c701daafd684fea182839f30829f36');
insert into dbapp.user (id, role, user_name, display_name, details, password_hash) values (14, 'warehouse admin', 'PmNight259', 'Savannah Ortiz', '41', 'c2a89d4294a1c487ed43d7960d61f84b');
insert into dbapp.user (id, role, user_name, display_name, details, password_hash) values (15, 'seller', 'EnterCreate662', 'Sanchez-Moran', 'Magazine tax modern focus. Board natural current purpose term. Year word project maybe challenge. Created on: 1984-03-03.', 'd550074b828cd3c87c7c6dee4302c3da');
insert into dbapp.user (id, role, user_name, display_name, details, password_hash) values (16, 'warehouse admin', 'AfterRather687', 'Brian Lee', '20', '3644d7df8d949db0d76ff67d7714a97a');
insert into dbapp.user (id, role, user_name, display_name, details, password_hash) values (17, 'seller', 'GardenUse515', 'Long Inc', 'Happy democratic soon land poor bring many. May represent suddenly if explain interesting box. Created on: 2019-09-08.', 'e69df5691f5baae46025437750a1a02b');
insert into dbapp.user (id, role, user_name, display_name, details, password_hash) values (18, 'customer', 'HeartToday760', 'Leonard Rodriguez', '1485 Janice Stream Apt. 479, New Sharon, SC 95819', 'd8778037ff4eab92b9d15ad62e59825e');
insert into dbapp.user (id, role, user_name, display_name, details, password_hash) values (19, 'seller', 'RequireDo391', 'Brown Ltd', 'Tv energy you difference either bit. Yourself player his beautiful tend step. Created on: 1992-01-03.', 'b89804adf97e6cc2999f6fd578804d92');
insert into dbapp.user (id, role, user_name, display_name, details, password_hash) values (20, 'warehouse admin', 'SonLevel249', 'Marissa Smith', '14', 'e4df290327fe6cc2999adf9cb67d1c9b');
insert into dbapp.user (id, role, user_name, display_name, details, password_hash) values (21, 'seller', 'JobSpend750', 'Abbott, White and Bender', 'Poor water outside visit feel. Fall space owner idea pattern will manager. Walk card audience study fast remember. Created on: 1996-02-08.', '5d5f00debb492def1ff0a582eb39cc48');
insert into dbapp.user (id, role, user_name, display_name, details, password_hash) values (22, 'seller', 'WayNecessary963', 'Klein-Welch', 'Story than trouble box. Dark down choose. Town suggest guy sure individual difference entire. Created on: 2023-04-29.', '3997b3fc1bcd2d70cb2de0bc4fe23673');
insert into dbapp.user (id, role, user_name, display_name, details, password_hash) values (23, 'warehouse admin', 'LineAlthough353', 'Alice Phelps', '44', '483bea75462fcd921e40a9e0ffb82973');
insert into dbapp.user (id, role, user_name, display_name, details, password_hash) values (24, 'warehouse admin', 'ThirdList299', 'Charles Cooper', '10', '2dcca3aa228892253576f5c2ef1ee6d2');
insert into dbapp.user (id, role, user_name, display_name, details, password_hash) values (25, 'customer', 'NaturalInto257', 'Hunter Norris', '707 Tara Hills, Thomasberg, MD 16325', '488b8f08a0436fc56381a52a8e2784de');
insert into dbapp.user (id, role, user_name, display_name, details, password_hash) values (26, 'customer', 'CitizenInstead135', 'Mary Taylor', '712 Irwin Curve Apt. 444, South Edwardfort, WA 55097', 'ea52bbc6125f32140a39beeccf52c0e9');
insert into dbapp.user (id, role, user_name, display_name, details, password_hash) values (27, 'customer', 'LetterHave724', 'John Smith', '3056 Barry Plaza Suite 377, Tannerfort, WI 52949', '52b2da895f46fcd1bc220b58ef163d02');
insert into dbapp.user (id, role, user_name, display_name, details, password_hash) values (28, 'warehouse admin', 'TimeAttention344', 'Bonnie Harper', '14', 'e208f61e32e6cdd500d848d122252677');
insert into dbapp.user (id, role, user_name, display_name, details, password_hash) values (29, 'customer', 'CandidateMost968', 'Dr. Megan Lambert', '80140 Jennifer Bypass, Jonathanmouth, SD 60989', '75fca6b1c625441d541656c958af5e82');
insert into dbapp.user (id, role, user_name, display_name, details, password_hash) values (30, 'customer', 'CommunityExist149', 'William Wood', '621 Victor Drives Apt. 021, Hansonmouth, FM 53184', 'f03048450c64bca4d28e4db313fd6223');
insert into dbapp.user (id, role, user_name, display_name, details, password_hash) values (31, 'customer', 'HealthEveryone153', 'Tony Hogan', '8909 Brewer Brook, Sweeneyton, WY 89385', 'c51793a4743bfc133e2a7adb22e390de');
insert into dbapp.user (id, role, user_name, display_name, details, password_hash) values (32, 'seller', 'TwoExample46', 'Young, Villegas and Howard', 'From give animal throughout together region stock design. Daughter must budget degree. Book anything defense sport. Created on: 2019-11-03.', '8f3b0dcef4d89119ade33a4d7c08b8ce');
insert into dbapp.user (id, role, user_name, display_name, details, password_hash) values (33, 'customer', 'SummerQuality194', 'Sarah Hunt', '244 Smith Summit Apt. 860, West Matthewland, ID 66251', 'cc8b805a3e45caa0eb141a9d0f3928c0');
insert into dbapp.user (id, role, user_name, display_name, details, password_hash) values (34, 'seller', 'NowThese185', 'Green, Knox and Stewart', 'East court analysis almost budget report certain. Created on: 2002-09-07.', 'd222c7ef9985f4503d1bb3df66847353');
insert into dbapp.user (id, role, user_name, display_name, details, password_hash) values (35, 'warehouse admin', 'WithoutAppear843', 'Frank Salazar', '14', '73a83be762a0e320ea781c82de6bc584');
insert into dbapp.user (id, role, user_name, display_name, details, password_hash) values (36, 'seller', 'CoachOfficial480', 'Jennings, Charles and Reed', 'Human charge add should single voice. Between owner research inside. Created on: 1991-02-28.', 'd6109d5b71b3b7039d2f78b399c25871');
insert into dbapp.user (id, role, user_name, display_name, details, password_hash) values (37, 'customer', 'ImpactPossible267', 'Brandon Graham', '846 Kerry Place, Douglashaven, MI 10836', '876d75dfd0b80819fd752ced391abaab');
insert into dbapp.user (id, role, user_name, display_name, details, password_hash) values (38, 'warehouse admin', 'ShareHope753', 'Nicholas Mcdonald', '37', 'a01f0a803c70f37a52dc347012c8416b');
insert into dbapp.user (id, role, user_name, display_name, details, password_hash) values (39, 'customer', 'ReceivePolice635', 'Kenneth Martinez', '52935 Mclean Corner, West Adam, AR 65460', '62a449650fc019a44d2a3289f9f41230');
insert into dbapp.user (id, role, user_name, display_name, details, password_hash) values (40, 'customer', 'EightBest804', 'Lisa Greene', '9896 Pierce Ville Suite 643, Danielsland, MS 43447', 'a39f46fdb55c2ae632264d9f61009f46');
insert into dbapp.user (id, role, user_name, display_name, details, password_hash) values (41, 'seller', 'CourseDecision431', 'Peterson Group', 'Here drive have scene trip continue. Most bag media rule who argue anyone. Created on: 1998-05-31.', 'c1ca5bf1ab5bb3f9223eb499bda81207');
insert into dbapp.user (id, role, user_name, display_name, details, password_hash) values (42, 'seller', 'TestMight302', 'Davenport and Sons', 'Produce itself realize. Maybe property able by baby environment rather. Created on: 1970-05-21.', 'c17e59dc9cdc7dafbc479b1a4077f84d');
insert into dbapp.user (id, role, user_name, display_name, details, password_hash) values (43, 'seller', 'SoldierSecurity334', 'Castillo, Baker and Moore', 'Leg miss bring sure. Car area if some. Created on: 1981-02-20.', '7956929476cf2c0ffc75d2c0a831ce57');
insert into dbapp.user (id, role, user_name, display_name, details, password_hash) values (44, 'seller', 'GuyPartner235', 'Singleton, Anderson and Davidson', 'Reduce head street who put. Forget thousand learn seven toward field marriage. Created on: 2007-11-25.', 'e01fb11a6859cd7950b56df58ff02f18');
insert into dbapp.user (id, role, user_name, display_name, details, password_hash) values (45, 'warehouse admin', 'DifferentAhead367', 'Kyle Cortez', '36', '6991bc4105a5ff1c6d341ebd27fe2c1c');
insert into dbapp.user (id, role, user_name, display_name, details, password_hash) values (46, 'customer', 'CultureSomething479', 'Tiffany Morrison', '745 Willis Meadow, Charleshaven, AZ 38189', '9916ca7e624c58149e14f1c6cff951ee');
insert into dbapp.user (id, role, user_name, display_name, details, password_hash) values (47, 'customer', 'SuddenlyNear570', 'Angela Thomas', '2459 Sarah Centers Suite 895, Ramireztown, AR 79093', '3719821d0fae8fa8863bd7ae273bf9fb');
insert into dbapp.user (id, role, user_name, display_name, details, password_hash) values (48, 'seller', 'ReportBusiness657', 'Castillo-Riddle', 'Need pattern manager body stage support. Movie edge night whole arm or. Past friend she. Created on: 2022-04-28.', '1d1ee69fcfa26fe7a318cd9cb2a7ec47');
insert into dbapp.user (id, role, user_name, display_name, details, password_hash) values (49, 'customer', 'AgainSignificant954', 'Patrick Gonzalez', '0756 Allen Mill Suite 962, Francoton, CT 20713', '8dcd23574acfd07ea5fa6dba586d19dd');
insert into dbapp.user (id, role, user_name, display_name, details, password_hash) values (50, 'seller', 'FishOur672', 'Morris Inc', 'Public produce save which organization. Understand of themselves third edge accept. Created on: 2011-11-29.', '5829ee812541d0981e8713a3c4950268');

-- product
insert into dbapp.product (id, title, seller_id, price, category, length, width, height, image, created_at, updated_at) values (1, 'Electrical Tax MK168', 26, 774390, 'Laptop and Computer', 83, 29, 46, 'name.png', '1997-05-31 01:43:56', '2018-10-25 01:11:33');
insert into dbapp.product (id, title, seller_id, price, category, length, width, height, image, created_at, updated_at) values (2, 'Realistic Marketing MK164', 15, 631819, 'Clothing', 22, 58, 33, 'policy.png', '2012-10-10 14:27:48', '1979-05-24 04:57:28');
insert into dbapp.product (id, title, seller_id, price, category, length, width, height, image, created_at, updated_at) values (3, 'Frequent Knife MK259', 52, 343096, 'Phone and Accessories', 87, 58, 50, 'two.jpg', '1992-10-31 07:39:01', '2023-08-08 08:42:37');
insert into dbapp.product (id, title, seller_id, price, category, length, width, height, image, created_at, updated_at) values (4, 'Wild Weather MK965', 26, 672812, 'Electronics', 131, 90, 111, 'nothing.gif', '1983-05-09 17:09:01', '2010-09-16 07:57:29');
insert into dbapp.product (id, title, seller_id, price, category, length, width, height, image, created_at, updated_at) values (5, 'Desperate Stuff MK283', 17, 911539, 'Men''s Clothing', 78, 15, 124, 'full.png', '2019-07-20 19:13:09', '1972-10-21 05:31:47');
insert into dbapp.product (id, title, seller_id, price, category, length, width, height, image, created_at, updated_at) values (6, 'Loose Step MK294', 88, 241974, 'Clothing', 27, 71, 135, 'popular.bmp', '1972-10-29 21:13:41', '1979-06-14 12:11:43');
insert into dbapp.product (id, title, seller_id, price, category, length, width, height, image, created_at, updated_at) values (7, 'Right Pound MK879', 90, 654474, 'Laptop and Computer', 91, 36, 21, 'under.gif', '1975-08-24 07:00:58', '1984-11-30 14:32:27');
insert into dbapp.product (id, title, seller_id, price, category, length, width, height, image, created_at, updated_at) values (8, 'Guilty Class MK742', 21, 785365, 'Laptop and Computer', 49, 90, 10, 'range.png', '2011-10-19 13:06:57', '2020-07-29 16:44:54');
insert into dbapp.product (id, title, seller_id, price, category, length, width, height, image, created_at, updated_at) values (9, 'Emotional Kind MK413', 82, 265300, 'Men''s Clothing', 89, 60, 103, 'attack.jpeg', '1975-05-25 04:19:12', '1992-12-12 02:01:04');
insert into dbapp.product (id, title, seller_id, price, category, length, width, height, image, created_at, updated_at) values (10, 'Ready Impression MK568', 8, 143983, 'Men''s Clothing', 93, 59, 136, 'mouth.jpg', '2007-02-03 00:42:20', '1991-02-18 03:43:02');
insert into dbapp.product (id, title, seller_id, price, category, length, width, height, image, created_at, updated_at) values (11, 'Pure Intention MK692', 43, 836847, 'Men''s Clothing', 74, 64, 32, 'none.jpg', '1992-09-20 05:28:09', '1989-02-25 10:14:00');
insert into dbapp.product (id, title, seller_id, price, category, length, width, height, image, created_at, updated_at) values (12, 'Present Spite MK848', 12, 534596, 'Women''s Clothing', 125, 27, 102, 'six.gif', '2015-03-17 09:34:26', '1993-12-03 09:05:45');
insert into dbapp.product (id, title, seller_id, price, category, length, width, height, image, created_at, updated_at) values (13, 'Active Truth MK303', 7, 91760, 'Clothing', 93, 82, 20, 'agreement.jpg', '1978-06-14 22:52:05', '1974-12-24 22:43:50');
insert into dbapp.product (id, title, seller_id, price, category, length, width, height, image, created_at, updated_at) values (14, 'Mad Building MK27', 75, 632356, 'Men''s Clothing', 103, 82, 83, 'reality.png', '1983-10-26 17:29:55', '1991-03-06 17:44:36');
insert into dbapp.product (id, title, seller_id, price, category, length, width, height, image, created_at, updated_at) values (15, 'Strict Father MK457', 5, 191890, 'Phone and Accessories', 55, 79, 36, 'rather.gif', '1979-09-08 06:45:00', '2004-07-02 03:29:13');
insert into dbapp.product (id, title, seller_id, price, category, length, width, height, image, created_at, updated_at) values (16, 'Mobile Strategy MK21', 90, 83979, 'Phone and Accessories', 28, 88, 84, 'south.jpeg', '1993-11-25 23:04:22', '2019-11-01 05:34:22');
insert into dbapp.product (id, title, seller_id, price, category, length, width, height, image, created_at, updated_at) values (17, 'Comprehensive Pin MK233', 16, 361248, 'Clothing', 23, 68, 91, 'strategy.bmp', '1993-08-06 10:39:37', '1971-03-19 17:48:40');
insert into dbapp.product (id, title, seller_id, price, category, length, width, height, image, created_at, updated_at) values (18, 'Extreme Menu MK887', 65, 481833, 'Laptop and Computer', 14, 29, 123, 'national.bmp', '1980-03-10 00:53:44', '2016-09-16 15:42:40');
insert into dbapp.product (id, title, seller_id, price, category, length, width, height, image, created_at, updated_at) values (19, 'Deep Poet MK830', 46, 485389, 'Men''s Clothing', 21, 40, 30, 'quickly.tiff', '1997-09-01 22:31:00', '2016-06-11 15:50:46');
insert into dbapp.product (id, title, seller_id, price, category, length, width, height, image, created_at, updated_at) values (20, 'Happy Nature MK638', 63, 31481, 'Laptop and Computer', 74, 21, 50, 'table.jpeg', '1988-04-12 08:34:52', '2015-03-16 23:36:25');
insert into dbapp.product (id, title, seller_id, price, category, length, width, height, image, created_at, updated_at) values (21, 'Asleep Foot MK146', 94, 699536, 'Clothing', 40, 54, 85, 'material.tiff', '2005-12-26 12:54:58', '2005-03-02 07:41:04');
insert into dbapp.product (id, title, seller_id, price, category, length, width, height, image, created_at, updated_at) values (22, 'Electronic Apple MK560', 34, 167969, 'Women''s Clothing', 124, 31, 105, 'box.gif', '2014-03-14 11:35:52', '1970-12-08 22:38:31');
insert into dbapp.product (id, title, seller_id, price, category, length, width, height, image, created_at, updated_at) values (23, 'Gross Program MK121', 7, 651194, 'Electronics', 105, 27, 112, 'sound.jpg', '2011-03-23 16:37:08', '2004-12-01 15:00:26');
insert into dbapp.product (id, title, seller_id, price, category, length, width, height, image, created_at, updated_at) values (24, 'Complex Cousin MK48', 5, 64593, 'Phone and Accessories', 94, 79, 149, 'loss.jpg', '2017-07-18 02:03:45', '2006-10-18 07:19:25');
insert into dbapp.product (id, title, seller_id, price, category, length, width, height, image, created_at, updated_at) values (25, 'Amazing Half MK741', 21, 395880, 'Clothing', 117, 41, 89, 'consider.gif', '2016-01-15 15:55:18', '2018-10-29 03:26:12');
insert into dbapp.product (id, title, seller_id, price, category, length, width, height, image, created_at, updated_at) values (26, 'Private Nurse MK997', 41, 411490, 'Men''s Clothing', 102, 50, 77, 'lay.png', '1995-03-12 15:44:30', '1987-09-08 19:28:28');
insert into dbapp.product (id, title, seller_id, price, category, length, width, height, image, created_at, updated_at) values (27, 'Complex Tea MK562', 38, 524720, 'Clothing', 120, 64, 84, 'step.png', '1983-10-20 02:19:43', '1990-11-26 19:10:54');
insert into dbapp.product (id, title, seller_id, price, category, length, width, height, image, created_at, updated_at) values (28, 'Critical Version MK520', 8, 996268, 'Laptop and Computer', 36, 13, 20, 'prove.tiff', '1979-12-10 14:16:47', '1999-04-05 14:21:03');
insert into dbapp.product (id, title, seller_id, price, category, length, width, height, image, created_at, updated_at) values (29, 'Hungry Ship MK767', 97, 257912, 'Men''s Clothing', 120, 56, 138, 'travel.bmp', '2021-06-08 02:19:26', '2010-01-04 06:46:10');
insert into dbapp.product (id, title, seller_id, price, category, length, width, height, image, created_at, updated_at) values (30, 'Total Attention MK210', 91, 217432, 'Electronics', 109, 43, 63, 'yes.tiff', '1999-04-06 04:13:28', '2004-02-07 15:17:13');
insert into dbapp.product (id, title, seller_id, price, category, length, width, height, image, created_at, updated_at) values (31, 'Massive Station MK764', 90, 835681, 'Men''s Clothing', 81, 13, 70, 'road.bmp', '2005-06-10 17:03:22', '1981-08-01 08:43:01');
insert into dbapp.product (id, title, seller_id, price, category, length, width, height, image, created_at, updated_at) values (32, 'Nasty Choice MK534', 37, 787446, 'Men''s Clothing', 93, 60, 116, 'improve.gif', '2007-09-12 04:27:11', '2018-12-13 00:49:57');
insert into dbapp.product (id, title, seller_id, price, category, length, width, height, image, created_at, updated_at) values (33, 'Mental Bottle MK979', 33, 479309, 'Women''s Clothing', 149, 57, 123, 'away.jpeg', '1987-12-10 05:23:52', '2002-04-15 16:13:13');
insert into dbapp.product (id, title, seller_id, price, category, length, width, height, image, created_at, updated_at) values (34, 'Remote Solution MK664', 29, 617857, 'Electronics', 31, 66, 105, 'special.bmp', '1985-06-04 19:59:20', '2018-12-05 16:21:52');
insert into dbapp.product (id, title, seller_id, price, category, length, width, height, image, created_at, updated_at) values (35, 'Unable Injury MK92', 12, 824672, 'Electronics', 58, 61, 140, 'yes.tiff', '2001-04-02 21:55:44', '1973-05-26 01:20:09');
insert into dbapp.product (id, title, seller_id, price, category, length, width, height, image, created_at, updated_at) values (36, 'Own Friend MK642', 14, 338711, 'Laptop and Computer', 70, 71, 27, 'happy.gif', '1991-06-29 18:06:52', '2020-03-08 00:09:37');
insert into dbapp.product (id, title, seller_id, price, category, length, width, height, image, created_at, updated_at) values (37, 'Spare Partner MK997', 52, 679739, 'Phone and Accessories', 34, 17, 126, 'article.png', '1987-03-26 13:53:43', '1980-09-09 02:14:53');
insert into dbapp.product (id, title, seller_id, price, category, length, width, height, image, created_at, updated_at) values (38, 'Suitable Transition MK852', 85, 141792, 'Men''s Clothing', 112, 34, 133, 'tell.gif', '1996-04-28 18:54:04', '1980-10-04 16:23:13');
insert into dbapp.product (id, title, seller_id, price, category, length, width, height, image, created_at, updated_at) values (39, 'New Message MK983', 37, 514221, 'Clothing', 97, 18, 88, 'office.bmp', '1997-04-30 03:47:31', '1972-10-04 12:39:10');
insert into dbapp.product (id, title, seller_id, price, category, length, width, height, image, created_at, updated_at) values (40, 'Wonderful Construction MK698', 73, 507955, 'Electronics', 118, 63, 105, 'cold.jpg', '1983-07-31 05:17:43', '1995-07-10 07:43:55');
insert into dbapp.product (id, title, seller_id, price, category, length, width, height, image, created_at, updated_at) values (41, 'Short Week MK528', 22, 343562, 'Men''s Clothing', 15, 23, 10, 'music.jpg', '1987-10-10 04:36:54', '2020-03-13 11:41:37');
insert into dbapp.product (id, title, seller_id, price, category, length, width, height, image, created_at, updated_at) values (42, 'Aggressive Writing MK263', 84, 387116, 'Phone and Accessories', 126, 53, 88, 'only.bmp', '2017-06-28 16:52:27', '1994-09-19 13:40:40');
insert into dbapp.product (id, title, seller_id, price, category, length, width, height, image, created_at, updated_at) values (43, 'Another Ticket MK472', 89, 348341, 'Clothing', 145, 50, 87, 'eat.bmp', '2008-04-12 16:46:34', '1979-08-01 00:03:52');
insert into dbapp.product (id, title, seller_id, price, category, length, width, height, image, created_at, updated_at) values (44, 'Efficient Guidance MK789', 1, 47680, 'Phone and Accessories', 75, 15, 150, 'cultural.png', '2012-03-24 22:24:46', '2006-01-24 16:07:53');
insert into dbapp.product (id, title, seller_id, price, category, length, width, height, image, created_at, updated_at) values (45, 'Fine Game MK217', 85, 8449, 'Women''s Clothing', 26, 40, 37, 'physical.gif', '2006-07-25 20:26:49', '1981-09-20 22:55:25');
insert into dbapp.product (id, title, seller_id, price, category, length, width, height, image, created_at, updated_at) values (46, 'Major Grandfather MK610', 12, 79569, 'Clothing', 76, 29, 10, 'pattern.tiff', '2022-03-12 06:05:09', '1989-12-29 08:22:33');
insert into dbapp.product (id, title, seller_id, price, category, length, width, height, image, created_at, updated_at) values (47, 'Automatic Airline MK801', 36, 991492, 'Laptop and Computer', 50, 46, 20, 'south.jpeg', '1983-01-30 19:34:48', '2023-07-01 22:28:03');
insert into dbapp.product (id, title, seller_id, price, category, length, width, height, image, created_at, updated_at) values (48, 'Smart Management MK979', 25, 507531, 'Electronics', 86, 32, 78, 'machine.tiff', '2000-05-13 20:38:59', '1975-06-23 20:55:36');
insert into dbapp.product (id, title, seller_id, price, category, length, width, height, image, created_at, updated_at) values (49, 'Different Unit MK653', 6, 253300, 'Laptop and Computer', 82, 51, 149, 'actually.gif', '2012-01-21 03:52:42', '2018-04-06 07:08:13');
insert into dbapp.product (id, title, seller_id, price, category, length, width, height, image, created_at, updated_at) values (50, 'Full Code MK789', 8, 540657, 'Women''s Clothing', 45, 30, 107, 'begin.tiff', '1971-12-18 09:27:57', '2021-12-14 08:10:26');
insert into dbapp.product (id, title, seller_id, price, category, length, width, height, image, created_at, updated_at) values (51, 'Both Republic MK855', 68, 260624, 'Phone and Accessories', 24, 24, 129, 'such.png', '2022-04-23 02:23:47', '1985-12-14 12:01:26');
insert into dbapp.product (id, title, seller_id, price, category, length, width, height, image, created_at, updated_at) values (52, 'Due Excitement MK539', 39, 49638, 'Phone and Accessories', 140, 46, 52, 'tree.jpeg', '2014-07-04 05:34:41', '1976-02-25 00:45:38');
insert into dbapp.product (id, title, seller_id, price, category, length, width, height, image, created_at, updated_at) values (53, 'Different Cigarette MK987', 2, 400864, 'Phone and Accessories', 79, 38, 88, 'produce.tiff', '1981-07-21 16:28:51', '2006-01-17 11:27:26');
insert into dbapp.product (id, title, seller_id, price, category, length, width, height, image, created_at, updated_at) values (54, 'Hungry Paint MK371', 98, 439341, 'Laptop and Computer', 54, 54, 100, 'morning.bmp', '2008-08-24 07:52:52', '1973-03-18 14:25:29');
insert into dbapp.product (id, title, seller_id, price, category, length, width, height, image, created_at, updated_at) values (55, 'Interesting Criticism MK222', 32, 592982, 'Electronics', 33, 77, 23, 'author.tiff', '1985-06-30 12:59:24', '2009-11-16 15:34:42');
insert into dbapp.product (id, title, seller_id, price, category, length, width, height, image, created_at, updated_at) values (56, 'Solid Efficiency MK295', 86, 690440, 'Electronics', 16, 76, 137, 'else.gif', '1994-04-19 15:34:11', '1980-03-10 00:17:56');
insert into dbapp.product (id, title, seller_id, price, category, length, width, height, image, created_at, updated_at) values (57, 'Boring Picture MK866', 61, 142461, 'Women''s Clothing', 34, 32, 72, 'professor.bmp', '1974-05-05 16:09:18', '1993-05-01 19:35:39');
insert into dbapp.product (id, title, seller_id, price, category, length, width, height, image, created_at, updated_at) values (58, 'Known Sympathy MK390', 85, 534660, 'Men''s Clothing', 117, 15, 144, 'see.gif', '2010-12-15 03:32:53', '2015-01-15 02:47:56');
insert into dbapp.product (id, title, seller_id, price, category, length, width, height, image, created_at, updated_at) values (59, 'Great Shape MK971', 56, 668900, 'Electronics', 34, 76, 18, 'leg.jpeg', '2011-04-04 21:23:19', '2005-10-07 04:05:30');
insert into dbapp.product (id, title, seller_id, price, category, length, width, height, image, created_at, updated_at) values (60, 'Many Buddy MK794', 68, 428990, 'Electronics', 142, 51, 22, 'better.bmp', '1984-03-06 09:21:46', '2021-08-30 05:32:18');
insert into dbapp.product (id, title, seller_id, price, category, length, width, height, image, created_at, updated_at) values (61, 'Heavy Vehicle MK763', 50, 589900, 'Electronics', 70, 82, 44, 'alone.jpg', '1997-06-01 04:15:07', '1995-08-13 22:10:58');
insert into dbapp.product (id, title, seller_id, price, category, length, width, height, image, created_at, updated_at) values (62, 'Logical Mind MK890', 13, 39226, 'Men''s Clothing', 74, 64, 61, 'particular.jpeg', '1991-06-26 09:59:33', '1997-10-05 20:47:13');
insert into dbapp.product (id, title, seller_id, price, category, length, width, height, image, created_at, updated_at) values (63, 'Massive Elevator MK924', 83, 230068, 'Clothing', 59, 89, 53, 'result.jpeg', '2017-10-08 23:28:22', '1973-08-01 08:18:22');
insert into dbapp.product (id, title, seller_id, price, category, length, width, height, image, created_at, updated_at) values (64, 'Unhappy Associate MK554', 94, 776282, 'Men''s Clothing', 83, 60, 94, 'difficult.bmp', '1990-08-31 15:45:16', '2006-09-01 18:16:47');
insert into dbapp.product (id, title, seller_id, price, category, length, width, height, image, created_at, updated_at) values (65, 'Less Charity MK113', 61, 669499, 'Clothing', 55, 80, 137, 'after.png', '2016-11-28 05:18:54', '2006-04-14 16:54:32');
insert into dbapp.product (id, title, seller_id, price, category, length, width, height, image, created_at, updated_at) values (66, 'All Crew MK194', 16, 163667, 'Electronics', 132, 29, 19, 'paper.bmp', '2014-11-14 22:08:36', '1998-02-24 18:28:55');
insert into dbapp.product (id, title, seller_id, price, category, length, width, height, image, created_at, updated_at) values (67, 'Tiny Satisfaction MK894', 67, 479366, 'Electronics', 32, 52, 10, 'memory.jpeg', '1983-03-25 17:08:18', '2023-02-04 06:19:23');
insert into dbapp.product (id, title, seller_id, price, category, length, width, height, image, created_at, updated_at) values (68, 'Sharp Relationship MK642', 41, 492645, 'Women''s Clothing', 76, 61, 128, 'we.jpeg', '1992-06-15 13:34:18', '1991-03-29 05:37:36');
insert into dbapp.product (id, title, seller_id, price, category, length, width, height, image, created_at, updated_at) values (69, 'Busy Ability MK372', 96, 547586, 'Men''s Clothing', 127, 60, 28, 'inside.bmp', '1998-05-12 13:13:01', '1972-02-03 18:43:55');
insert into dbapp.product (id, title, seller_id, price, category, length, width, height, image, created_at, updated_at) values (70, 'Desperate Boot MK966', 23, 302943, 'Men''s Clothing', 20, 74, 45, 'save.tiff', '2001-02-01 16:45:16', '1993-09-26 06:09:59');
insert into dbapp.product (id, title, seller_id, price, category, length, width, height, image, created_at, updated_at) values (71, 'Electronic Shirt MK141', 81, 719390, 'Clothing', 51, 56, 123, 'letter.png', '1980-01-25 17:07:24', '1972-02-14 10:10:14');
insert into dbapp.product (id, title, seller_id, price, category, length, width, height, image, created_at, updated_at) values (72, 'Green Coach MK51', 26, 389206, 'Women''s Clothing', 21, 82, 47, 'any.png', '2017-12-16 22:06:27', '2022-10-02 16:08:27');
insert into dbapp.product (id, title, seller_id, price, category, length, width, height, image, created_at, updated_at) values (73, 'New Sugar MK57', 100, 380860, 'Clothing', 26, 25, 139, 'prevent.jpg', '2002-01-22 16:56:55', '1994-09-07 14:05:59');
insert into dbapp.product (id, title, seller_id, price, category, length, width, height, image, created_at, updated_at) values (74, 'Prior Vegetable MK85', 66, 839006, 'Clothing', 99, 46, 42, 'firm.png', '2014-08-06 06:15:04', '1970-10-27 17:09:15');
insert into dbapp.product (id, title, seller_id, price, category, length, width, height, image, created_at, updated_at) values (75, 'Better Board MK329', 66, 658595, 'Women''s Clothing', 26, 19, 91, 'morning.gif', '1992-12-11 12:43:43', '1973-09-02 17:40:10');
insert into dbapp.product (id, title, seller_id, price, category, length, width, height, image, created_at, updated_at) values (76, 'Raw Diamond MK402', 46, 247084, 'Clothing', 96, 17, 69, 'program.tiff', '1971-12-17 13:45:35', '1987-08-06 02:23:36');
insert into dbapp.product (id, title, seller_id, price, category, length, width, height, image, created_at, updated_at) values (77, 'Potential Truck MK310', 59, 8612, 'Phone and Accessories', 123, 58, 73, 'important.tiff', '1990-05-19 04:08:49', '2021-08-18 11:08:05');
insert into dbapp.product (id, title, seller_id, price, category, length, width, height, image, created_at, updated_at) values (78, 'Deep Obligation MK770', 56, 520518, 'Women''s Clothing', 46, 77, 39, 'machine.gif', '2001-04-17 15:16:57', '2007-05-12 00:55:12');
insert into dbapp.product (id, title, seller_id, price, category, length, width, height, image, created_at, updated_at) values (79, 'Own Steak MK554', 90, 439697, 'Phone and Accessories', 106, 22, 15, 'say.tiff', '2021-10-15 17:28:01', '2008-02-15 02:01:19');
insert into dbapp.product (id, title, seller_id, price, category, length, width, height, image, created_at, updated_at) values (80, 'Lucky Knowledge MK636', 90, 545921, 'Laptop and Computer', 92, 39, 83, 'quite.bmp', '1986-01-30 11:40:09', '1982-08-20 18:37:49');
insert into dbapp.product (id, title, seller_id, price, category, length, width, height, image, created_at, updated_at) values (81, 'Professional Magazine MK256', 52, 306545, 'Laptop and Computer', 142, 41, 110, 'others.jpg', '2009-01-13 07:54:38', '1979-05-29 06:04:48');
insert into dbapp.product (id, title, seller_id, price, category, length, width, height, image, created_at, updated_at) values (82, 'Interesting Mirror MK15', 24, 943371, 'Men''s Clothing', 62, 83, 147, 'car.jpeg', '2003-04-01 07:29:57', '1979-11-30 11:26:55');
insert into dbapp.product (id, title, seller_id, price, category, length, width, height, image, created_at, updated_at) values (83, 'Dependent Business MK917', 16, 685511, 'Clothing', 41, 15, 84, 'goal.png', '2018-12-27 21:31:33', '2020-09-18 07:53:45');
insert into dbapp.product (id, title, seller_id, price, category, length, width, height, image, created_at, updated_at) values (84, 'Big Series MK20', 62, 855735, 'Clothing', 32, 48, 35, 'their.gif', '1976-04-24 19:08:02', '1971-12-15 00:45:00');
insert into dbapp.product (id, title, seller_id, price, category, length, width, height, image, created_at, updated_at) values (85, 'Guilty Steak MK155', 32, 154792, 'Phone and Accessories', 79, 90, 126, 'six.jpg', '1982-01-07 03:17:43', '2001-09-17 21:28:34');
insert into dbapp.product (id, title, seller_id, price, category, length, width, height, image, created_at, updated_at) values (86, 'Basic Standard MK62', 35, 572526, 'Electronics', 76, 15, 62, 'seek.bmp', '2018-12-08 04:52:06', '1972-10-29 00:35:02');
insert into dbapp.product (id, title, seller_id, price, category, length, width, height, image, created_at, updated_at) values (87, 'True Organization MK673', 22, 231988, 'Laptop and Computer', 36, 27, 83, 'level.jpg', '1975-04-05 06:05:04', '1985-03-23 02:09:24');
insert into dbapp.product (id, title, seller_id, price, category, length, width, height, image, created_at, updated_at) values (88, 'Healthy Singer MK944', 47, 772313, 'Women''s Clothing', 10, 12, 110, 'risk.jpg', '1974-01-14 19:24:42', '2001-03-24 05:05:29');
insert into dbapp.product (id, title, seller_id, price, category, length, width, height, image, created_at, updated_at) values (89, 'Severe Implement MK850', 23, 926946, 'Men''s Clothing', 23, 15, 13, 'late.gif', '2008-03-25 12:32:43', '1982-06-03 17:19:59');
insert into dbapp.product (id, title, seller_id, price, category, length, width, height, image, created_at, updated_at) values (90, 'Small Addition MK681', 65, 212900, 'Phone and Accessories', 57, 10, 38, 'worry.gif', '2006-09-12 15:01:00', '1984-10-02 00:51:44');
insert into dbapp.product (id, title, seller_id, price, category, length, width, height, image, created_at, updated_at) values (91, 'Western Frame MK420', 29, 229736, 'Phone and Accessories', 142, 15, 41, 'long.bmp', '2023-08-06 07:36:27', '1979-04-25 19:09:55');
insert into dbapp.product (id, title, seller_id, price, category, length, width, height, image, created_at, updated_at) values (92, 'Happy Telephone MK453', 46, 397450, 'Men''s Clothing', 37, 45, 107, 'person.jpeg', '1980-06-26 05:29:51', '1993-12-13 19:41:04');
insert into dbapp.product (id, title, seller_id, price, category, length, width, height, image, created_at, updated_at) values (93, 'Gross Duty MK278', 100, 31286, 'Women''s Clothing', 23, 39, 31, 'west.gif', '1999-07-09 05:04:00', '2002-09-08 10:17:28');
insert into dbapp.product (id, title, seller_id, price, category, length, width, height, image, created_at, updated_at) values (94, 'Warm Historian MK404', 92, 588189, 'Women''s Clothing', 59, 69, 25, 'around.png', '1999-07-25 17:54:28', '1999-10-08 12:03:33');
insert into dbapp.product (id, title, seller_id, price, category, length, width, height, image, created_at, updated_at) values (95, 'Dependent Art MK143', 84, 913486, 'Men''s Clothing', 64, 25, 91, 'yet.jpg', '1973-01-18 04:58:47', '1999-01-04 17:22:31');
insert into dbapp.product (id, title, seller_id, price, category, length, width, height, image, created_at, updated_at) values (96, 'Constant Inside MK230', 47, 820901, 'Women''s Clothing', 59, 80, 78, 'guy.gif', '1990-12-19 13:10:56', '1974-12-22 15:54:32');
insert into dbapp.product (id, title, seller_id, price, category, length, width, height, image, created_at, updated_at) values (97, 'Famous Rent MK218', 53, 6843, 'Electronics', 74, 60, 27, 'service.gif', '1995-07-13 00:13:28', '1978-05-22 08:50:32');
insert into dbapp.product (id, title, seller_id, price, category, length, width, height, image, created_at, updated_at) values (98, 'Healthy Couple MK700', 82, 577335, 'Laptop and Computer', 33, 53, 105, 'travel.gif', '1976-10-13 00:20:39', '2020-01-10 01:38:55');
insert into dbapp.product (id, title, seller_id, price, category, length, width, height, image, created_at, updated_at) values (99, 'Financial Noise MK726', 54, 353085, 'Laptop and Computer', 121, 84, 61, 'this.jpg', '1986-05-12 19:40:10', '1974-05-13 10:44:06');
insert into dbapp.product (id, title, seller_id, price, category, length, width, height, image, created_at, updated_at) values (100, 'Aware Number MK232', 74, 263939, 'Phone and Accessories', 91, 43, 98, 'son.jpeg', '2015-10-24 19:55:32', '2016-04-13 16:31:34');
insert into dbapp.product (id, title, seller_id, price, category, length, width, height, image, created_at, updated_at) values (101, 'Sorry Magazine MK71', 13, 100505, 'Electronics', 101, 59, 13, 'finally.png', '1987-01-14 09:29:29', '1995-07-14 13:45:01');
insert into dbapp.product (id, title, seller_id, price, category, length, width, height, image, created_at, updated_at) values (102, 'Right Desire MK265', 32, 40446, 'Electronics', 88, 20, 128, 'hair.tiff', '1990-04-30 08:57:14', '2000-09-12 21:48:54');
insert into dbapp.product (id, title, seller_id, price, category, length, width, height, image, created_at, updated_at) values (103, 'Still Republic MK693', 70, 809564, 'Phone and Accessories', 128, 57, 83, 'everything.jpg', '1981-04-05 06:53:41', '1991-06-01 05:56:24');
insert into dbapp.product (id, title, seller_id, price, category, length, width, height, image, created_at, updated_at) values (104, 'Weird Thanks MK846', 26, 3431, 'Clothing', 106, 16, 144, 'activity.gif', '2018-02-19 23:58:49', '1982-11-21 12:30:05');
insert into dbapp.product (id, title, seller_id, price, category, length, width, height, image, created_at, updated_at) values (105, 'Sick Face MK34', 63, 545332, 'Men''s Clothing', 146, 89, 95, 'these.bmp', '2017-07-30 07:39:33', '2003-09-18 15:51:56');
insert into dbapp.product (id, title, seller_id, price, category, length, width, height, image, created_at, updated_at) values (106, 'Smart Affair MK173', 82, 362288, 'Electronics', 11, 10, 66, 'theory.bmp', '1977-02-08 06:55:31', '2005-03-26 20:39:54');
insert into dbapp.product (id, title, seller_id, price, category, length, width, height, image, created_at, updated_at) values (107, 'Separate Code MK933', 61, 278300, 'Electronics', 149, 33, 31, 'husband.png', '2023-02-11 17:15:02', '1981-08-02 13:26:24');
insert into dbapp.product (id, title, seller_id, price, category, length, width, height, image, created_at, updated_at) values (108, 'More Glass MK278', 95, 403361, 'Laptop and Computer', 95, 88, 71, 'expert.png', '2012-04-26 23:18:12', '1990-01-11 20:25:04');
insert into dbapp.product (id, title, seller_id, price, category, length, width, height, image, created_at, updated_at) values (109, 'Lower Cause MK904', 2, 144296, 'Electronics', 78, 39, 51, 'standard.bmp', '1975-02-23 17:38:06', '2012-06-03 16:40:55');
insert into dbapp.product (id, title, seller_id, price, category, length, width, height, image, created_at, updated_at) values (110, 'Most Alarm MK61', 42, 972430, 'Clothing', 93, 10, 35, 'stock.gif', '2014-05-28 17:57:24', '1995-10-24 19:42:01');
insert into dbapp.product (id, title, seller_id, price, category, length, width, height, image, created_at, updated_at) values (111, 'Chemical Manager MK493', 57, 537660, 'Women''s Clothing', 120, 77, 116, 'morning.gif', '1997-11-10 08:23:06', '1989-12-11 22:31:59');
insert into dbapp.product (id, title, seller_id, price, category, length, width, height, image, created_at, updated_at) values (112, 'Last Spray MK582', 87, 289451, 'Phone and Accessories', 15, 30, 110, 'mission.png', '2004-04-24 19:46:18', '2000-02-18 21:12:51');
insert into dbapp.product (id, title, seller_id, price, category, length, width, height, image, created_at, updated_at) values (113, 'Wrong Passion MK846', 98, 385355, 'Clothing', 72, 80, 80, 'subject.jpeg', '1990-03-30 20:08:47', '1973-07-17 20:30:24');
insert into dbapp.product (id, title, seller_id, price, category, length, width, height, image, created_at, updated_at) values (114, 'Best Evening MK552', 70, 606372, 'Women''s Clothing', 43, 17, 104, 'picture.png', '2013-12-23 02:23:33', '1979-10-10 06:33:40');
insert into dbapp.product (id, title, seller_id, price, category, length, width, height, image, created_at, updated_at) values (115, 'Different Mind MK61', 92, 58203, 'Phone and Accessories', 40, 20, 86, 'to.gif', '1978-08-26 17:06:25', '1995-05-22 23:05:45');
insert into dbapp.product (id, title, seller_id, price, category, length, width, height, image, created_at, updated_at) values (116, 'Last Gene MK438', 32, 774689, 'Phone and Accessories', 125, 26, 138, 'community.tiff', '1988-06-23 12:05:57', '1978-12-02 18:50:20');
insert into dbapp.product (id, title, seller_id, price, category, length, width, height, image, created_at, updated_at) values (117, 'Spiritual Hook MK148', 48, 468077, 'Phone and Accessories', 91, 76, 110, 'share.png', '2008-05-19 16:06:35', '1988-02-17 02:23:17');
insert into dbapp.product (id, title, seller_id, price, category, length, width, height, image, created_at, updated_at) values (118, 'Wooden Discount MK547', 15, 270074, 'Laptop and Computer', 140, 38, 89, 'foreign.jpg', '2018-02-23 21:29:41', '1989-12-05 13:53:42');
insert into dbapp.product (id, title, seller_id, price, category, length, width, height, image, created_at, updated_at) values (119, 'According Scale MK844', 77, 79906, 'Electronics', 118, 85, 56, 'particular.tiff', '1997-05-23 17:18:59', '2020-10-24 08:25:32');
insert into dbapp.product (id, title, seller_id, price, category, length, width, height, image, created_at, updated_at) values (120, 'Wooden Variety MK877', 78, 564575, 'Clothing', 129, 57, 42, 'else.jpeg', '2011-06-20 17:43:09', '1981-09-19 17:44:43');
insert into dbapp.product (id, title, seller_id, price, category, length, width, height, image, created_at, updated_at) values (121, 'Competitive Trash MK174', 37, 973408, 'Women''s Clothing', 81, 14, 140, 'discuss.bmp', '1987-04-25 08:18:36', '1978-06-06 08:05:33');
insert into dbapp.product (id, title, seller_id, price, category, length, width, height, image, created_at, updated_at) values (122, 'True Arrival MK854', 11, 39031, 'Phone and Accessories', 73, 60, 142, 'modern.png', '2010-10-29 22:44:26', '2020-06-02 18:34:40');
insert into dbapp.product (id, title, seller_id, price, category, length, width, height, image, created_at, updated_at) values (123, 'Most Rent MK839', 79, 972981, 'Electronics', 77, 61, 69, 'turn.bmp', '2003-02-10 07:52:55', '2019-12-20 22:35:33');
insert into dbapp.product (id, title, seller_id, price, category, length, width, height, image, created_at, updated_at) values (124, 'Powerful Coffee MK432', 12, 457640, 'Laptop and Computer', 34, 57, 91, 'score.jpeg', '2013-04-15 19:46:10', '2022-09-18 19:23:41');
insert into dbapp.product (id, title, seller_id, price, category, length, width, height, image, created_at, updated_at) values (125, 'Alternative Transportation MK859', 71, 103832, 'Laptop and Computer', 51, 48, 96, 'analysis.jpeg', '1970-02-12 06:05:08', '1972-07-10 06:21:08');
insert into dbapp.product (id, title, seller_id, price, category, length, width, height, image, created_at, updated_at) values (126, 'Immediate Curve MK712', 22, 634708, 'Men''s Clothing', 65, 44, 73, 'degree.png', '2013-02-09 10:42:55', '1977-07-24 12:11:28');
insert into dbapp.product (id, title, seller_id, price, category, length, width, height, image, created_at, updated_at) values (127, 'Real Construction MK892', 16, 772575, 'Clothing', 145, 87, 80, 'support.gif', '2014-01-13 18:46:28', '1971-05-24 23:19:50');
insert into dbapp.product (id, title, seller_id, price, category, length, width, height, image, created_at, updated_at) values (128, 'Stupid Light MK271', 73, 337100, 'Women''s Clothing', 131, 34, 139, 'per.png', '1976-03-24 17:53:17', '2022-11-23 23:08:21');
insert into dbapp.product (id, title, seller_id, price, category, length, width, height, image, created_at, updated_at) values (129, 'Full Reason MK34', 59, 154002, 'Women''s Clothing', 90, 28, 62, 'government.gif', '2007-05-28 18:53:00', '2017-06-18 22:17:04');
insert into dbapp.product (id, title, seller_id, price, category, length, width, height, image, created_at, updated_at) values (130, 'Wrong Soil MK40', 36, 313191, 'Electronics', 82, 49, 110, 'few.jpeg', '1975-02-01 05:21:21', '2004-11-09 09:10:03');
insert into dbapp.product (id, title, seller_id, price, category, length, width, height, image, created_at, updated_at) values (131, 'Sick Campaign MK797', 49, 743493, 'Phone and Accessories', 121, 10, 98, 'guess.jpg', '1981-06-30 14:06:11', '1976-07-09 08:22:42');
insert into dbapp.product (id, title, seller_id, price, category, length, width, height, image, created_at, updated_at) values (132, 'Sensitive Extent MK443', 26, 366342, 'Laptop and Computer', 34, 49, 31, 'assume.tiff', '1977-01-29 22:43:59', '1993-10-22 23:27:22');
insert into dbapp.product (id, title, seller_id, price, category, length, width, height, image, created_at, updated_at) values (133, 'Beautiful Post MK44', 59, 516956, 'Electronics', 123, 16, 12, 'early.jpg', '1991-05-07 03:51:52', '2020-07-09 09:36:09');
insert into dbapp.product (id, title, seller_id, price, category, length, width, height, image, created_at, updated_at) values (134, 'Alive Rent MK605', 62, 953021, 'Women''s Clothing', 52, 10, 79, 'station.bmp', '1979-12-23 03:45:59', '2001-05-11 07:52:56');
insert into dbapp.product (id, title, seller_id, price, category, length, width, height, image, created_at, updated_at) values (135, 'Professional Society MK647', 13, 417214, 'Women''s Clothing', 38, 65, 127, 'science.jpeg', '1974-04-22 17:37:25', '1979-09-27 07:39:38');
insert into dbapp.product (id, title, seller_id, price, category, length, width, height, image, created_at, updated_at) values (136, 'Complex Efficiency MK940', 34, 131740, 'Phone and Accessories', 103, 45, 67, 'threat.gif', '1971-04-14 16:08:32', '1980-07-16 12:21:21');
insert into dbapp.product (id, title, seller_id, price, category, length, width, height, image, created_at, updated_at) values (137, 'Latter Sky MK256', 95, 14624, 'Electronics', 31, 65, 91, 'power.jpeg', '2012-09-29 08:26:28', '1980-11-11 05:56:27');
insert into dbapp.product (id, title, seller_id, price, category, length, width, height, image, created_at, updated_at) values (138, 'Same Border MK152', 9, 876033, 'Women''s Clothing', 53, 90, 29, 'head.png', '1994-07-08 23:46:59', '1973-12-25 10:14:52');
insert into dbapp.product (id, title, seller_id, price, category, length, width, height, image, created_at, updated_at) values (139, 'Downtown Air MK6', 39, 572949, 'Phone and Accessories', 116, 21, 24, 'special.jpg', '1978-06-20 12:45:26', '1995-04-12 03:41:14');
insert into dbapp.product (id, title, seller_id, price, category, length, width, height, image, created_at, updated_at) values (140, 'Personal Driver MK527', 15, 852251, 'Clothing', 83, 89, 131, 'laugh.jpg', '1976-06-06 10:11:27', '2012-09-13 09:42:09');
insert into dbapp.product (id, title, seller_id, price, category, length, width, height, image, created_at, updated_at) values (141, 'Wooden Attempt MK494', 51, 238264, 'Men''s Clothing', 13, 51, 123, 'bag.jpg', '2007-10-17 15:27:21', '2019-10-01 05:40:17');
insert into dbapp.product (id, title, seller_id, price, category, length, width, height, image, created_at, updated_at) values (142, 'Obvious Guy MK801', 97, 170606, 'Laptop and Computer', 12, 37, 36, 'exist.tiff', '1973-02-08 05:34:29', '2001-10-03 11:25:21');
insert into dbapp.product (id, title, seller_id, price, category, length, width, height, image, created_at, updated_at) values (143, 'Vast Pair MK848', 2, 564508, 'Electronics', 83, 78, 134, 'man.gif', '2005-01-11 02:58:39', '2021-12-23 09:56:33');
insert into dbapp.product (id, title, seller_id, price, category, length, width, height, image, created_at, updated_at) values (144, 'Financial Village MK434', 66, 275767, 'Men''s Clothing', 21, 25, 96, 'age.jpeg', '1985-02-18 23:27:07', '1977-11-14 15:02:24');
insert into dbapp.product (id, title, seller_id, price, category, length, width, height, image, created_at, updated_at) values (145, 'High Hour MK237', 28, 928356, 'Clothing', 135, 78, 14, 'available.bmp', '1991-07-16 04:49:09', '2008-11-15 15:55:11');
insert into dbapp.product (id, title, seller_id, price, category, length, width, height, image, created_at, updated_at) values (146, 'Negative Effort MK342', 41, 402104, 'Clothing', 75, 16, 64, 'church.png', '1998-02-16 12:27:35', '1970-05-15 05:45:05');
insert into dbapp.product (id, title, seller_id, price, category, length, width, height, image, created_at, updated_at) values (147, 'Just Writing MK864', 78, 158343, 'Clothing', 118, 86, 39, 'gas.tiff', '2018-04-01 05:49:13', '2016-04-27 21:02:43');
insert into dbapp.product (id, title, seller_id, price, category, length, width, height, image, created_at, updated_at) values (148, 'White Birthday MK583', 82, 188461, 'Men''s Clothing', 22, 49, 26, 'show.jpg', '1980-09-30 13:01:07', '2000-03-26 18:51:21');
insert into dbapp.product (id, title, seller_id, price, category, length, width, height, image, created_at, updated_at) values (149, 'Financial Partner MK835', 40, 993960, 'Laptop and Computer', 102, 84, 40, 'knowledge.jpg', '2016-04-07 09:42:56', '2010-09-26 15:26:23');
insert into dbapp.product (id, title, seller_id, price, category, length, width, height, image, created_at, updated_at) values (150, 'Constant Trade MK674', 93, 597133, 'Laptop and Computer', 103, 12, 95, 'cultural.bmp', '2022-03-05 10:11:01', '1998-09-07 14:24:46');

-- warehouse
insert into dbapp.warehouse (id, name, address, total_area, remaining_area) values (1, 'Andersonchester 92', '2931 Harris Port, Richardsonberg, TN 77467', 8586, 8037);
insert into dbapp.warehouse (id, name, address, total_area, remaining_area) values (2, 'Billmouth 32', '905 Tim Shoals, Mirandafort, MI 69208', 3483, 3219);
insert into dbapp.warehouse (id, name, address, total_area, remaining_area) values (3, 'West Maria 10', '874 Anderson Village, East Mike, WY 50011', 3569, 2589);
insert into dbapp.warehouse (id, name, address, total_area, remaining_area) values (4, 'East Henry 2', '74967 Sanchez Trace, Port Danielleborough, CO 58010', 3364, 2561);
insert into dbapp.warehouse (id, name, address, total_area, remaining_area) values (5, 'West Vicki 30', 'USNV Freeman, FPO AE 37459', 2206, 2170);
insert into dbapp.warehouse (id, name, address, total_area, remaining_area) values (6, 'Lewisland 95', '3217 Brittany Trafficway, Jacobsmouth, NY 98371', 4183, 3599);
insert into dbapp.warehouse (id, name, address, total_area, remaining_area) values (7, 'Port Lisa 67', '47036 Donald Ridges, West Courtney, WV 82275', 2231, 1907);
insert into dbapp.warehouse (id, name, address, total_area, remaining_area) values (8, 'New Stacy 80', '580 Cameron Tunnel, West Gregoryport, SD 57260', 11753, 10887);
insert into dbapp.warehouse (id, name, address, total_area, remaining_area) values (9, 'West Sydney 81', '693 Charles Stream Apt. 546, Port Jerryfurt, GA 74892', 2020, 1289);
insert into dbapp.warehouse (id, name, address, total_area, remaining_area) values (10, 'West Abigail 86', 'PSC 5097, Box 1871, APO AE 60288', 4259, 4189);
insert into dbapp.warehouse (id, name, address, total_area, remaining_area) values (11, 'Lisahaven 91', 'PSC 7679, Box 7725, APO AE 83282', 2675, 1843);
insert into dbapp.warehouse (id, name, address, total_area, remaining_area) values (12, 'Lake Christinaberg 69', '5658 Jason Point Suite 075, New Brandon, KY 24079', 2796, 2671);
insert into dbapp.warehouse (id, name, address, total_area, remaining_area) values (13, 'East Nancybury 85', '1594 Baker Throughway, Lake Johnberg, PW 19756', 4996, 4528);
insert into dbapp.warehouse (id, name, address, total_area, remaining_area) values (14, 'Port Christopherport 100', '4233 Dennis Prairie Suite 456, Cooperville, NE 69057', 11012, 10373);
insert into dbapp.warehouse (id, name, address, total_area, remaining_area) values (15, 'Mitchellview 88', 'USCGC Luna, FPO AA 60423', 9427, 9259);
insert into dbapp.warehouse (id, name, address, total_area, remaining_area) values (16, 'South Sandra 92', '722 Freeman Viaduct, North Pamelaland, OR 12810', 5842, 5668);
insert into dbapp.warehouse (id, name, address, total_area, remaining_area) values (17, 'Justinview 80', '5234 Odom Shores, Port Connor, ME 23005', 10854, 10780);
insert into dbapp.warehouse (id, name, address, total_area, remaining_area) values (18, 'Justinmouth 11', '544 Hayley Inlet Suite 726, Whiteside, NC 10720', 5537, 5061);
insert into dbapp.warehouse (id, name, address, total_area, remaining_area) values (19, 'North Paulamouth 53', '4568 Williams Loop Apt. 204, Kellyton, AR 63885', 1347, 1055);
insert into dbapp.warehouse (id, name, address, total_area, remaining_area) values (20, 'West David 32', '4907 Carter Centers, New Jason, MI 29247', 1549, 757);

-- cart details
insert into dbapp.cart_details (customer_id, product_id, quantity) values (1, 48, 6);
insert into dbapp.cart_details (customer_id, product_id, quantity) values (2, 81, 2);
insert into dbapp.cart_details (customer_id, product_id, quantity) values (3, 48, 10);
insert into dbapp.cart_details (customer_id, product_id, quantity) values (4, 64, 19);
insert into dbapp.cart_details (customer_id, product_id, quantity) values (5, 56, 5);
insert into dbapp.cart_details (customer_id, product_id, quantity) values (6, 68, 2);
insert into dbapp.cart_details (customer_id, product_id, quantity) values (7, 72, 5);
insert into dbapp.cart_details (customer_id, product_id, quantity) values (8, 13, 18);
insert into dbapp.cart_details (customer_id, product_id, quantity) values (9, 49, 14);
insert into dbapp.cart_details (customer_id, product_id, quantity) values (10, 33, 6);
insert into dbapp.cart_details (customer_id, product_id, quantity) values (11, 49, 13);
insert into dbapp.cart_details (customer_id, product_id, quantity) values (12, 43, 6);
insert into dbapp.cart_details (customer_id, product_id, quantity) values (13, 15, 6);
insert into dbapp.cart_details (customer_id, product_id, quantity) values (14, 82, 3);
insert into dbapp.cart_details (customer_id, product_id, quantity) values (15, 52, 9);
insert into dbapp.cart_details (customer_id, product_id, quantity) values (16, 39, 8);
insert into dbapp.cart_details (customer_id, product_id, quantity) values (17, 38, 2);
insert into dbapp.cart_details (customer_id, product_id, quantity) values (18, 100, 12);
insert into dbapp.cart_details (customer_id, product_id, quantity) values (19, 88, 13);
insert into dbapp.cart_details (customer_id, product_id, quantity) values (20, 60, 20);
insert into dbapp.cart_details (customer_id, product_id, quantity) values (21, 77, 10);
insert into dbapp.cart_details (customer_id, product_id, quantity) values (22, 33, 19);
insert into dbapp.cart_details (customer_id, product_id, quantity) values (23, 6, 12);
insert into dbapp.cart_details (customer_id, product_id, quantity) values (24, 37, 14);
insert into dbapp.cart_details (customer_id, product_id, quantity) values (25, 67, 10);
insert into dbapp.cart_details (customer_id, product_id, quantity) values (26, 65, 3);
insert into dbapp.cart_details (customer_id, product_id, quantity) values (27, 59, 16);
insert into dbapp.cart_details (customer_id, product_id, quantity) values (28, 66, 10);
insert into dbapp.cart_details (customer_id, product_id, quantity) values (29, 100, 2);
insert into dbapp.cart_details (customer_id, product_id, quantity) values (30, 70, 16);
insert into dbapp.cart_details (customer_id, product_id, quantity) values (31, 55, 11);
insert into dbapp.cart_details (customer_id, product_id, quantity) values (32, 54, 13);
insert into dbapp.cart_details (customer_id, product_id, quantity) values (33, 32, 6);
insert into dbapp.cart_details (customer_id, product_id, quantity) values (34, 84, 7);
insert into dbapp.cart_details (customer_id, product_id, quantity) values (35, 52, 16);
insert into dbapp.cart_details (customer_id, product_id, quantity) values (36, 46, 19);
insert into dbapp.cart_details (customer_id, product_id, quantity) values (37, 8, 14);
insert into dbapp.cart_details (customer_id, product_id, quantity) values (38, 65, 12);
insert into dbapp.cart_details (customer_id, product_id, quantity) values (39, 8, 8);
insert into dbapp.cart_details (customer_id, product_id, quantity) values (40, 70, 17);
insert into dbapp.cart_details (customer_id, product_id, quantity) values (41, 96, 5);
insert into dbapp.cart_details (customer_id, product_id, quantity) values (42, 54, 6);
insert into dbapp.cart_details (customer_id, product_id, quantity) values (43, 67, 3);
insert into dbapp.cart_details (customer_id, product_id, quantity) values (44, 51, 10);
insert into dbapp.cart_details (customer_id, product_id, quantity) values (45, 51, 20);
insert into dbapp.cart_details (customer_id, product_id, quantity) values (46, 36, 9);
insert into dbapp.cart_details (customer_id, product_id, quantity) values (47, 40, 11);
insert into dbapp.cart_details (customer_id, product_id, quantity) values (48, 43, 1);
insert into dbapp.cart_details (customer_id, product_id, quantity) values (49, 68, 8);
insert into dbapp.cart_details (customer_id, product_id, quantity) values (50, 100, 1);
insert into dbapp.cart_details (customer_id, product_id, quantity) values (51, 5, 8);
insert into dbapp.cart_details (customer_id, product_id, quantity) values (52, 82, 6);
insert into dbapp.cart_details (customer_id, product_id, quantity) values (53, 65, 18);
insert into dbapp.cart_details (customer_id, product_id, quantity) values (54, 32, 9);
insert into dbapp.cart_details (customer_id, product_id, quantity) values (55, 61, 14);
insert into dbapp.cart_details (customer_id, product_id, quantity) values (56, 46, 5);
insert into dbapp.cart_details (customer_id, product_id, quantity) values (57, 24, 12);
insert into dbapp.cart_details (customer_id, product_id, quantity) values (58, 4, 12);
insert into dbapp.cart_details (customer_id, product_id, quantity) values (59, 81, 2);
insert into dbapp.cart_details (customer_id, product_id, quantity) values (60, 77, 17);
insert into dbapp.cart_details (customer_id, product_id, quantity) values (61, 12, 18);
insert into dbapp.cart_details (customer_id, product_id, quantity) values (62, 84, 20);
insert into dbapp.cart_details (customer_id, product_id, quantity) values (63, 65, 10);
insert into dbapp.cart_details (customer_id, product_id, quantity) values (64, 75, 7);
insert into dbapp.cart_details (customer_id, product_id, quantity) values (65, 96, 16);
insert into dbapp.cart_details (customer_id, product_id, quantity) values (66, 73, 15);
insert into dbapp.cart_details (customer_id, product_id, quantity) values (67, 76, 6);
insert into dbapp.cart_details (customer_id, product_id, quantity) values (68, 57, 14);
insert into dbapp.cart_details (customer_id, product_id, quantity) values (69, 72, 4);
insert into dbapp.cart_details (customer_id, product_id, quantity) values (70, 10, 6);
insert into dbapp.cart_details (customer_id, product_id, quantity) values (71, 72, 1);
insert into dbapp.cart_details (customer_id, product_id, quantity) values (72, 97, 17);
insert into dbapp.cart_details (customer_id, product_id, quantity) values (73, 70, 11);
insert into dbapp.cart_details (customer_id, product_id, quantity) values (74, 44, 14);
insert into dbapp.cart_details (customer_id, product_id, quantity) values (75, 80, 1);
insert into dbapp.cart_details (customer_id, product_id, quantity) values (76, 54, 13);
insert into dbapp.cart_details (customer_id, product_id, quantity) values (77, 76, 20);
insert into dbapp.cart_details (customer_id, product_id, quantity) values (78, 93, 17);
insert into dbapp.cart_details (customer_id, product_id, quantity) values (79, 54, 20);
insert into dbapp.cart_details (customer_id, product_id, quantity) values (80, 80, 12);
insert into dbapp.cart_details (customer_id, product_id, quantity) values (81, 90, 12);
insert into dbapp.cart_details (customer_id, product_id, quantity) values (82, 80, 6);
insert into dbapp.cart_details (customer_id, product_id, quantity) values (83, 21, 8);
insert into dbapp.cart_details (customer_id, product_id, quantity) values (84, 19, 14);
insert into dbapp.cart_details (customer_id, product_id, quantity) values (85, 13, 4);
insert into dbapp.cart_details (customer_id, product_id, quantity) values (86, 72, 8);
insert into dbapp.cart_details (customer_id, product_id, quantity) values (87, 69, 19);
insert into dbapp.cart_details (customer_id, product_id, quantity) values (88, 51, 15);
insert into dbapp.cart_details (customer_id, product_id, quantity) values (89, 12, 8);
insert into dbapp.cart_details (customer_id, product_id, quantity) values (90, 39, 10);
insert into dbapp.cart_details (customer_id, product_id, quantity) values (91, 21, 16);
insert into dbapp.cart_details (customer_id, product_id, quantity) values (92, 72, 5);
insert into dbapp.cart_details (customer_id, product_id, quantity) values (93, 47, 2);
insert into dbapp.cart_details (customer_id, product_id, quantity) values (94, 38, 11);
insert into dbapp.cart_details (customer_id, product_id, quantity) values (95, 63, 6);
insert into dbapp.cart_details (customer_id, product_id, quantity) values (96, 99, 6);
insert into dbapp.cart_details (customer_id, product_id, quantity) values (97, 8, 9);
insert into dbapp.cart_details (customer_id, product_id, quantity) values (98, 53, 12);
insert into dbapp.cart_details (customer_id, product_id, quantity) values (99, 42, 7);
insert into dbapp.cart_details (customer_id, product_id, quantity) values (100, 29, 13);

-- order details
insert into dbapp.order_details (order_id, customer_id, status, total_price) values (1, 54, 'Accepted', 740988);
insert into dbapp.order_details (order_id, customer_id, status, total_price) values (2, 46, 'Inbound', 427620);
insert into dbapp.order_details (order_id, customer_id, status, total_price) values (3, 10, 'Accepted', 328977);
insert into dbapp.order_details (order_id, customer_id, status, total_price) values (4, 33, 'Rejected', 29438);
insert into dbapp.order_details (order_id, customer_id, status, total_price) values (5, 47, 'Rejected', 470695);
insert into dbapp.order_details (order_id, customer_id, status, total_price) values (6, 8, 'Accepted', 310193);
insert into dbapp.order_details (order_id, customer_id, status, total_price) values (7, 44, 'Inbound', 65629);
insert into dbapp.order_details (order_id, customer_id, status, total_price) values (8, 23, 'Rejected', 252848);
insert into dbapp.order_details (order_id, customer_id, status, total_price) values (9, 39, 'Inbound', 537177);
insert into dbapp.order_details (order_id, customer_id, status, total_price) values (10, 36, 'Inbound', 686959);
insert into dbapp.order_details (order_id, customer_id, status, total_price) values (11, 76, 'Inbound', 765230);
insert into dbapp.order_details (order_id, customer_id, status, total_price) values (12, 43, 'Inbound', 112133);
insert into dbapp.order_details (order_id, customer_id, status, total_price) values (13, 76, 'Inbound', 457044);
insert into dbapp.order_details (order_id, customer_id, status, total_price) values (14, 79, 'Rejected', 714617);
insert into dbapp.order_details (order_id, customer_id, status, total_price) values (15, 78, 'Rejected', 477425);
insert into dbapp.order_details (order_id, customer_id, status, total_price) values (16, 38, 'Accepted', 815173);
insert into dbapp.order_details (order_id, customer_id, status, total_price) values (17, 73, 'Rejected', 921730);
insert into dbapp.order_details (order_id, customer_id, status, total_price) values (18, 13, 'Rejected', 345547);
insert into dbapp.order_details (order_id, customer_id, status, total_price) values (19, 93, 'Rejected', 829288);
insert into dbapp.order_details (order_id, customer_id, status, total_price) values (20, 11, 'Accepted', 143068);
insert into dbapp.order_details (order_id, customer_id, status, total_price) values (21, 97, 'Accepted', 462575);
insert into dbapp.order_details (order_id, customer_id, status, total_price) values (22, 50, 'Rejected', 269315);
insert into dbapp.order_details (order_id, customer_id, status, total_price) values (23, 32, 'Accepted', 477993);
insert into dbapp.order_details (order_id, customer_id, status, total_price) values (24, 55, 'Rejected', 717139);
insert into dbapp.order_details (order_id, customer_id, status, total_price) values (25, 79, 'Accepted', 398513);
insert into dbapp.order_details (order_id, customer_id, status, total_price) values (26, 47, 'Inbound', 693273);
insert into dbapp.order_details (order_id, customer_id, status, total_price) values (27, 87, 'Accepted', 391115);
insert into dbapp.order_details (order_id, customer_id, status, total_price) values (28, 6, 'Inbound', 182886);
insert into dbapp.order_details (order_id, customer_id, status, total_price) values (29, 74, 'Accepted', 50334);
insert into dbapp.order_details (order_id, customer_id, status, total_price) values (30, 48, 'Inbound', 299688);
insert into dbapp.order_details (order_id, customer_id, status, total_price) values (31, 2, 'Inbound', 352235);
insert into dbapp.order_details (order_id, customer_id, status, total_price) values (32, 67, 'Rejected', 799709);
insert into dbapp.order_details (order_id, customer_id, status, total_price) values (33, 49, 'Accepted', 750065);
insert into dbapp.order_details (order_id, customer_id, status, total_price) values (34, 42, 'Inbound', 794967);
insert into dbapp.order_details (order_id, customer_id, status, total_price) values (35, 32, 'Accepted', 252888);
insert into dbapp.order_details (order_id, customer_id, status, total_price) values (36, 48, 'Inbound', 421272);
insert into dbapp.order_details (order_id, customer_id, status, total_price) values (37, 3, 'Accepted', 244392);
insert into dbapp.order_details (order_id, customer_id, status, total_price) values (38, 20, 'Rejected', 380509);
insert into dbapp.order_details (order_id, customer_id, status, total_price) values (39, 59, 'Accepted', 390993);
insert into dbapp.order_details (order_id, customer_id, status, total_price) values (40, 85, 'Rejected', 110507);
insert into dbapp.order_details (order_id, customer_id, status, total_price) values (41, 2, 'Inbound', 451818);
insert into dbapp.order_details (order_id, customer_id, status, total_price) values (42, 74, 'Inbound', 488966);
insert into dbapp.order_details (order_id, customer_id, status, total_price) values (43, 24, 'Rejected', 168453);
insert into dbapp.order_details (order_id, customer_id, status, total_price) values (44, 37, 'Rejected', 325821);
insert into dbapp.order_details (order_id, customer_id, status, total_price) values (45, 92, 'Rejected', 990432);
insert into dbapp.order_details (order_id, customer_id, status, total_price) values (46, 58, 'Inbound', 805333);
insert into dbapp.order_details (order_id, customer_id, status, total_price) values (47, 98, 'Accepted', 362945);
insert into dbapp.order_details (order_id, customer_id, status, total_price) values (48, 19, 'Accepted', 656454);
insert into dbapp.order_details (order_id, customer_id, status, total_price) values (49, 37, 'Inbound', 374047);
insert into dbapp.order_details (order_id, customer_id, status, total_price) values (50, 82, 'Accepted', 326384);
insert into dbapp.order_details (order_id, customer_id, status, total_price) values (51, 8, 'Accepted', 158013);
insert into dbapp.order_details (order_id, customer_id, status, total_price) values (52, 1, 'Rejected', 331869);
insert into dbapp.order_details (order_id, customer_id, status, total_price) values (53, 93, 'Inbound', 722681);
insert into dbapp.order_details (order_id, customer_id, status, total_price) values (54, 46, 'Rejected', 656121);
insert into dbapp.order_details (order_id, customer_id, status, total_price) values (55, 55, 'Accepted', 701124);
insert into dbapp.order_details (order_id, customer_id, status, total_price) values (56, 73, 'Rejected', 136616);
insert into dbapp.order_details (order_id, customer_id, status, total_price) values (57, 83, 'Rejected', 432548);
insert into dbapp.order_details (order_id, customer_id, status, total_price) values (58, 30, 'Accepted', 397803);
insert into dbapp.order_details (order_id, customer_id, status, total_price) values (59, 94, 'Rejected', 162581);
insert into dbapp.order_details (order_id, customer_id, status, total_price) values (60, 74, 'Accepted', 548194);
insert into dbapp.order_details (order_id, customer_id, status, total_price) values (61, 51, 'Accepted', 50062);
insert into dbapp.order_details (order_id, customer_id, status, total_price) values (62, 47, 'Accepted', 574259);
insert into dbapp.order_details (order_id, customer_id, status, total_price) values (63, 80, 'Inbound', 466441);
insert into dbapp.order_details (order_id, customer_id, status, total_price) values (64, 69, 'Accepted', 488170);
insert into dbapp.order_details (order_id, customer_id, status, total_price) values (65, 12, 'Inbound', 268123);
insert into dbapp.order_details (order_id, customer_id, status, total_price) values (66, 16, 'Rejected', 700005);
insert into dbapp.order_details (order_id, customer_id, status, total_price) values (67, 99, 'Rejected', 582548);
insert into dbapp.order_details (order_id, customer_id, status, total_price) values (68, 6, 'Accepted', 584311);
insert into dbapp.order_details (order_id, customer_id, status, total_price) values (69, 9, 'Rejected', 486216);
insert into dbapp.order_details (order_id, customer_id, status, total_price) values (70, 10, 'Accepted', 60087);
insert into dbapp.order_details (order_id, customer_id, status, total_price) values (71, 60, 'Inbound', 502251);
insert into dbapp.order_details (order_id, customer_id, status, total_price) values (72, 73, 'Inbound', 693919);
insert into dbapp.order_details (order_id, customer_id, status, total_price) values (73, 39, 'Rejected', 373794);
insert into dbapp.order_details (order_id, customer_id, status, total_price) values (74, 98, 'Accepted', 447516);
insert into dbapp.order_details (order_id, customer_id, status, total_price) values (75, 61, 'Accepted', 93034);
insert into dbapp.order_details (order_id, customer_id, status, total_price) values (76, 7, 'Accepted', 485496);
insert into dbapp.order_details (order_id, customer_id, status, total_price) values (77, 50, 'Inbound', 763358);
insert into dbapp.order_details (order_id, customer_id, status, total_price) values (78, 40, 'Rejected', 762430);
insert into dbapp.order_details (order_id, customer_id, status, total_price) values (79, 4, 'Inbound', 642064);
insert into dbapp.order_details (order_id, customer_id, status, total_price) values (80, 100, 'Inbound', 562944);
insert into dbapp.order_details (order_id, customer_id, status, total_price) values (81, 51, 'Accepted', 51090);
insert into dbapp.order_details (order_id, customer_id, status, total_price) values (82, 1, 'Rejected', 700868);
insert into dbapp.order_details (order_id, customer_id, status, total_price) values (83, 38, 'Rejected', 202306);
insert into dbapp.order_details (order_id, customer_id, status, total_price) values (84, 26, 'Accepted', 931544);
insert into dbapp.order_details (order_id, customer_id, status, total_price) values (85, 77, 'Inbound', 288790);
insert into dbapp.order_details (order_id, customer_id, status, total_price) values (86, 53, 'Rejected', 124976);
insert into dbapp.order_details (order_id, customer_id, status, total_price) values (87, 4, 'Inbound', 725885);
insert into dbapp.order_details (order_id, customer_id, status, total_price) values (88, 76, 'Rejected', 972919);
insert into dbapp.order_details (order_id, customer_id, status, total_price) values (89, 57, 'Rejected', 997035);
insert into dbapp.order_details (order_id, customer_id, status, total_price) values (90, 24, 'Inbound', 748311);
insert into dbapp.order_details (order_id, customer_id, status, total_price) values (91, 10, 'Rejected', 165255);
insert into dbapp.order_details (order_id, customer_id, status, total_price) values (92, 7, 'Inbound', 408665);
insert into dbapp.order_details (order_id, customer_id, status, total_price) values (93, 61, 'Accepted', 365438);
insert into dbapp.order_details (order_id, customer_id, status, total_price) values (94, 5, 'Accepted', 75475);
insert into dbapp.order_details (order_id, customer_id, status, total_price) values (95, 38, 'Rejected', 684752);
insert into dbapp.order_details (order_id, customer_id, status, total_price) values (96, 80, 'Accepted', 738351);
insert into dbapp.order_details (order_id, customer_id, status, total_price) values (97, 8, 'Rejected', 559681);
insert into dbapp.order_details (order_id, customer_id, status, total_price) values (98, 22, 'Rejected', 424901);
insert into dbapp.order_details (order_id, customer_id, status, total_price) values (99, 59, 'Rejected', 10660);
insert into dbapp.order_details (order_id, customer_id, status, total_price) values (100, 44, 'Rejected', 364797);

-- order item
insert into dbapp.order_item (order_id, product_id, quantity) values (3, 71, 20);
insert into dbapp.order_item (order_id, product_id, quantity) values (42, 54, 18);
insert into dbapp.order_item (order_id, product_id, quantity) values (63, 29, 20);
insert into dbapp.order_item (order_id, product_id, quantity) values (71, 15, 5);
insert into dbapp.order_item (order_id, product_id, quantity) values (18, 23, 14);
insert into dbapp.order_item (order_id, product_id, quantity) values (34, 76, 13);
insert into dbapp.order_item (order_id, product_id, quantity) values (3, 81, 6);
insert into dbapp.order_item (order_id, product_id, quantity) values (43, 29, 13);
insert into dbapp.order_item (order_id, product_id, quantity) values (2, 22, 14);
insert into dbapp.order_item (order_id, product_id, quantity) values (80, 74, 4);
insert into dbapp.order_item (order_id, product_id, quantity) values (92, 33, 20);
insert into dbapp.order_item (order_id, product_id, quantity) values (42, 12, 11);
insert into dbapp.order_item (order_id, product_id, quantity) values (2, 30, 13);
insert into dbapp.order_item (order_id, product_id, quantity) values (20, 88, 14);
insert into dbapp.order_item (order_id, product_id, quantity) values (8, 5, 12);
insert into dbapp.order_item (order_id, product_id, quantity) values (74, 83, 10);
insert into dbapp.order_item (order_id, product_id, quantity) values (49, 47, 13);
insert into dbapp.order_item (order_id, product_id, quantity) values (34, 92, 4);
insert into dbapp.order_item (order_id, product_id, quantity) values (63, 58, 14);
insert into dbapp.order_item (order_id, product_id, quantity) values (59, 61, 4);
insert into dbapp.order_item (order_id, product_id, quantity) values (29, 99, 3);
insert into dbapp.order_item (order_id, product_id, quantity) values (90, 85, 11);
insert into dbapp.order_item (order_id, product_id, quantity) values (9, 23, 19);
insert into dbapp.order_item (order_id, product_id, quantity) values (56, 33, 5);
insert into dbapp.order_item (order_id, product_id, quantity) values (70, 30, 6);
insert into dbapp.order_item (order_id, product_id, quantity) values (74, 12, 16);
insert into dbapp.order_item (order_id, product_id, quantity) values (10, 9, 16);
insert into dbapp.order_item (order_id, product_id, quantity) values (95, 46, 5);
insert into dbapp.order_item (order_id, product_id, quantity) values (63, 61, 2);
insert into dbapp.order_item (order_id, product_id, quantity) values (28, 29, 3);
insert into dbapp.order_item (order_id, product_id, quantity) values (40, 57, 3);
insert into dbapp.order_item (order_id, product_id, quantity) values (16, 95, 16);
insert into dbapp.order_item (order_id, product_id, quantity) values (99, 18, 16);
insert into dbapp.order_item (order_id, product_id, quantity) values (68, 4, 5);
insert into dbapp.order_item (order_id, product_id, quantity) values (65, 39, 7);
insert into dbapp.order_item (order_id, product_id, quantity) values (24, 50, 7);
insert into dbapp.order_item (order_id, product_id, quantity) values (25, 73, 18);
insert into dbapp.order_item (order_id, product_id, quantity) values (85, 100, 13);
insert into dbapp.order_item (order_id, product_id, quantity) values (56, 75, 1);
insert into dbapp.order_item (order_id, product_id, quantity) values (76, 77, 1);
insert into dbapp.order_item (order_id, product_id, quantity) values (49, 84, 14);
insert into dbapp.order_item (order_id, product_id, quantity) values (5, 25, 12);
insert into dbapp.order_item (order_id, product_id, quantity) values (26, 22, 7);
insert into dbapp.order_item (order_id, product_id, quantity) values (58, 24, 14);
insert into dbapp.order_item (order_id, product_id, quantity) values (55, 88, 14);
insert into dbapp.order_item (order_id, product_id, quantity) values (71, 90, 19);
insert into dbapp.order_item (order_id, product_id, quantity) values (78, 36, 8);
insert into dbapp.order_item (order_id, product_id, quantity) values (42, 50, 2);
insert into dbapp.order_item (order_id, product_id, quantity) values (34, 33, 9);
insert into dbapp.order_item (order_id, product_id, quantity) values (27, 96, 10);
insert into dbapp.order_item (order_id, product_id, quantity) values (9, 45, 9);
insert into dbapp.order_item (order_id, product_id, quantity) values (2, 29, 16);
insert into dbapp.order_item (order_id, product_id, quantity) values (82, 91, 8);
insert into dbapp.order_item (order_id, product_id, quantity) values (93, 35, 14);
insert into dbapp.order_item (order_id, product_id, quantity) values (30, 13, 16);
insert into dbapp.order_item (order_id, product_id, quantity) values (48, 3, 14);
insert into dbapp.order_item (order_id, product_id, quantity) values (37, 69, 19);
insert into dbapp.order_item (order_id, product_id, quantity) values (67, 78, 15);
insert into dbapp.order_item (order_id, product_id, quantity) values (38, 28, 18);
insert into dbapp.order_item (order_id, product_id, quantity) values (62, 11, 2);
insert into dbapp.order_item (order_id, product_id, quantity) values (12, 3, 13);
insert into dbapp.order_item (order_id, product_id, quantity) values (87, 63, 19);
insert into dbapp.order_item (order_id, product_id, quantity) values (26, 44, 16);
insert into dbapp.order_item (order_id, product_id, quantity) values (67, 30, 5);
insert into dbapp.order_item (order_id, product_id, quantity) values (19, 65, 1);
insert into dbapp.order_item (order_id, product_id, quantity) values (60, 62, 2);
insert into dbapp.order_item (order_id, product_id, quantity) values (52, 58, 15);
insert into dbapp.order_item (order_id, product_id, quantity) values (86, 96, 15);
insert into dbapp.order_item (order_id, product_id, quantity) values (13, 51, 5);
insert into dbapp.order_item (order_id, product_id, quantity) values (46, 28, 8);
insert into dbapp.order_item (order_id, product_id, quantity) values (45, 26, 1);
insert into dbapp.order_item (order_id, product_id, quantity) values (41, 79, 13);
insert into dbapp.order_item (order_id, product_id, quantity) values (88, 26, 3);
insert into dbapp.order_item (order_id, product_id, quantity) values (73, 65, 3);
insert into dbapp.order_item (order_id, product_id, quantity) values (6, 16, 8);
insert into dbapp.order_item (order_id, product_id, quantity) values (94, 47, 11);
insert into dbapp.order_item (order_id, product_id, quantity) values (32, 68, 7);
insert into dbapp.order_item (order_id, product_id, quantity) values (59, 100, 1);
insert into dbapp.order_item (order_id, product_id, quantity) values (57, 89, 16);
insert into dbapp.order_item (order_id, product_id, quantity) values (14, 50, 2);
insert into dbapp.order_item (order_id, product_id, quantity) values (42, 60, 5);
insert into dbapp.order_item (order_id, product_id, quantity) values (17, 71, 16);
insert into dbapp.order_item (order_id, product_id, quantity) values (59, 14, 20);
insert into dbapp.order_item (order_id, product_id, quantity) values (1, 13, 20);
insert into dbapp.order_item (order_id, product_id, quantity) values (68, 56, 6);
insert into dbapp.order_item (order_id, product_id, quantity) values (1, 18, 17);
insert into dbapp.order_item (order_id, product_id, quantity) values (9, 13, 1);
insert into dbapp.order_item (order_id, product_id, quantity) values (64, 30, 11);
insert into dbapp.order_item (order_id, product_id, quantity) values (63, 18, 4);
insert into dbapp.order_item (order_id, product_id, quantity) values (75, 89, 12);
insert into dbapp.order_item (order_id, product_id, quantity) values (31, 66, 14);
insert into dbapp.order_item (order_id, product_id, quantity) values (14, 26, 17);
insert into dbapp.order_item (order_id, product_id, quantity) values (33, 70, 7);
insert into dbapp.order_item (order_id, product_id, quantity) values (13, 6, 4);
insert into dbapp.order_item (order_id, product_id, quantity) values (86, 100, 11);
insert into dbapp.order_item (order_id, product_id, quantity) values (66, 47, 18);
insert into dbapp.order_item (order_id, product_id, quantity) values (58, 26, 1);
insert into dbapp.order_item (order_id, product_id, quantity) values (42, 94, 3);
insert into dbapp.order_item (order_id, product_id, quantity) values (21, 51, 3);
insert into dbapp.order_item (order_id, product_id, quantity) values (93, 98, 4);
