insert into user (id, role, user_name, display_name, details, password_hash) values (1, 'Warehouse Admin', 'robertsstacy', 'Curtis Johnson', '18', '$2b$10$2gDXTIXQWHp38KXcXbCh/eSrXAWeNCh3Fi5PrXfo/gPh3Rzk4QxN2');
insert into user (id, role, user_name, display_name, details, password_hash) values (2, 'Warehouse Admin', 'laurendavis', 'Melissa Williams', '46', 'e5b05daaf4f96d7ae139e07479492158');
insert into user (id, role, user_name, display_name, details, password_hash) values (3, 'Warehouse Admin', 'kmathis', 'Nicholas Jacobson', '18', '4f5dc60f84711729532f55ccc743061d');
insert into user (id, role, user_name, display_name, details, password_hash) values (4, 'Warehouse Admin', 'hansongary', 'Adrienne Trujillo', '41', '8e9a71b5563adc5fd20756cfc49bc3b5');
insert into user (id, role, user_name, display_name, details, password_hash) values (5, 'Seller', 'john05', 'French and Sons', 'Right account business fight. Somebody agency by these. Statement similar four send environmental past main. Created on: 1991-09-17.', '8c52be5b4213b9927ee5d5ae35e65580');
insert into user (id, role, user_name, display_name, details, password_hash) values (6, 'Customer', 'roneill', 'Jimmy Guerra', '711 Amy Inlet Apt. 867, Wongport, NH 55362', '9327e12592a4b49543597856c1773b5e');
insert into user (id, role, user_name, display_name, details, password_hash) values (7, 'Warehouse Admin', 'bishopbeth', 'Joseph Baker', '31', 'f17b87a71791a6f40d9ce4858753aa9f');
insert into user (id, role, user_name, display_name, details, password_hash) values (8, 'Seller', 'richard21', 'Brown, Smith and Smith', 'Mrs hour various democratic generation national use. Happy hope material. See middle expect same suggest less writer. Created on: 2004-09-16.', '1e5685a4724090f64b66b5326866513a');
insert into user (id, role, user_name, display_name, details, password_hash) values (9, 'Customer', 'smithbridget', 'Rebecca Evans', '73316 Tyler Corner Suite 336, Amyshire, HI 81467', '9ef070328cb6015da7493bb088d66911');
insert into user (id, role, user_name, display_name, details, password_hash) values (10, 'Customer', 'zbutler', 'Tami Carson', '1156 Hodges Road Suite 658, North Tracyside, TX 67480', '64b89eabb9e234a415e6cada378953cd');
insert into user (id, role, user_name, display_name, details, password_hash) values (11, 'Seller', 'ofrank', 'Walters, Foster and Miller', 'Good customer responsibility high husband collection. Set second some glass star worker remember. If rather brother. Created on: 1987-02-17.', '0fb6b6f91c80d744cb3cbb35b562f230');
insert into user (id, role, user_name, display_name, details, password_hash) values (12, 'Customer', 'mario30', 'Robert Arroyo', '34303 Martin Flat Apt. 750, East Josephborough, DC 25773', 'a6ae2ea419c5a4f7be81e549e2b9332f');
insert into user (id, role, user_name, display_name, details, password_hash) values (13, 'Customer', 'donnarussell', 'Anthony Owens DDS', 'PSC 2341, Box 0389, APO AE 95594', 'c9e5bbd8c1588a0d48b1c201a2346cc8');
insert into user (id, role, user_name, display_name, details, password_hash) values (14, 'Warehouse Admin', 'dpalmer', 'Randy Smith', '5', '34d562c72271ec7199f623d8b7ab8c45');
insert into user (id, role, user_name, display_name, details, password_hash) values (15, 'Seller', 'ramseywilliam', 'Williams-Jenkins', 'Than then light have possible anyone. Job number wrong now hard consumer. Stop nation part bring local production air across. Created on: 2020-10-08.', 'ea192b7e43cef1561d625c70666f3f1e');
insert into user (id, role, user_name, display_name, details, password_hash) values (16, 'Seller', 'mcmahonashley', 'Gomez-Walter', 'Girl require economic. Machine car wife factor charge. Created on: 2011-07-24.', '7c373feee90588d170d9885da54e72f4');
insert into user (id, role, user_name, display_name, details, password_hash) values (17, 'Warehouse Admin', 'oanderson', 'Brent Jones', '2', '46828b5d71a27a76cea49b930e113ad4');
insert into user (id, role, user_name, display_name, details, password_hash) values (18, 'Customer', 'laura17', 'Vanessa Tucker', '068 Michael Ford Suite 867, Chungfort, TX 58550', 'bcc6effd68827fc10051bb840c42600f');
insert into user (id, role, user_name, display_name, details, password_hash) values (19, 'Customer', 'dorothy28', 'Allen Martinez', '317 Griffith Village, South Michaelbury, CT 16521', '$2b$10$YK3MB31FPqYYcgbNksMj4u4KgdxlpX8SifMUCFd3yAurZGkkJxBDG');
insert into user (id, role, user_name, display_name, details, password_hash) values (20, 'Warehouse Admin', 'andersonalbert', 'Michelle Lin', '7', 'f5011924229a2e7ee72824e05af81380');
insert into user (id, role, user_name, display_name, details, password_hash) values (21, 'Warehouse Admin', 'stricklandmargaret', 'Brandon Gonzalez', '18', 'ada7c2b6b4d2606b4bf7eeffe1f4704f');
insert into user (id, role, user_name, display_name, details, password_hash) values (22, 'Warehouse Admin', 'sanchezdaniel', 'Heather White', '19', 'c670896583e9617891da912cc5b224b2');
insert into user (id, role, user_name, display_name, details, password_hash) values (23, 'Seller', 'johnny69', 'Moore Group', 'Say figure song image particular sometimes event. Week time church public ok. Effect hour necessary threat music miss door. Created on: 1971-08-06.', 'a1dc7d15a81917df1f3db38c95c9d410');
insert into user (id, role, user_name, display_name, details, password_hash) values (24, 'Warehouse Admin', 'leedennis', 'Katie Strong', '36', 'a4c6a60c517210f5c6d0509715ef49ad');
insert into user (id, role, user_name, display_name, details, password_hash) values (25, 'Warehouse Admin', 'sdavis', 'Jesse Cross', '14', 'a3c101de51d3935dff0c55110ee5210f');
insert into user (id, role, user_name, display_name, details, password_hash) values (26, 'Seller', 'weavergilbert', 'Brown LLC', 'Black loss have technology suddenly well. Wall mean mouth young could. Interest sea young run wrong. Created on: 2011-07-29.', 'd02da8e5e1890d6c5294f541fd8c4c3d');
insert into user (id, role, user_name, display_name, details, password_hash) values (27, 'Customer', 'allen82', 'Crystal Henry', '838 Berry Inlet, South Sara, CO 38997', 'ce62444176539ba1a01f87f54c159c0b');
insert into user (id, role, user_name, display_name, details, password_hash) values (28, 'Seller', 'joneslance', 'Watkins-Rodriguez', 'Particularly yes morning less. Public benefit which reflect clearly. Created on: 2006-06-13.', '9ef04810f7755dc8aa7ac943f8a1f6ef');
insert into user (id, role, user_name, display_name, details, password_hash) values (29, 'Warehouse Admin', 'xrivera', 'Michael Moore', '40', 'eb3497460b655c5e7f4727c8ec429bbb');
insert into user (id, role, user_name, display_name, details, password_hash) values (30, 'Customer', 'qsantos', 'Stephanie Mccann', '0538 Garcia Curve, North Alison, RI 71461', '2c956f6cf766ccb721413b6f39af1f37');
insert into user (id, role, user_name, display_name, details, password_hash) values (31, 'Warehouse Admin', 'lindsey38', 'Neil Schroeder', '32', '745c73be1c0c0567009292e42272a0cc');
insert into user (id, role, user_name, display_name, details, password_hash) values (32, 'Customer', 'whitecynthia', 'Jonathan Campbell', '3803 Mccann Street Apt. 039, Millerhaven, AL 91944', '95db6cae63a87c77b2fe3a4c4bb5cbe3');
insert into user (id, role, user_name, display_name, details, password_hash) values (33, 'Seller', 'stevenrobertson', 'Johnson Ltd', 'Form art light security. Magazine group under little organization see. Created on: 1973-01-16.', 'cbe150a02492e8579726d04226d6c2fc');
insert into user (id, role, user_name, display_name, details, password_hash) values (34, 'Seller', 'epearson', 'Foster Inc', 'Try whatever my cost region maintain. People at claim personal center reality try. Wish conference nation let. Created on: 2014-06-30.', '9bddfbad2a55f9556922af480ef1f6e0');
insert into user (id, role, user_name, display_name, details, password_hash) values (35, 'Seller', 'brownmark', 'Huynh, Hernandez and Bates', 'On old prove fact trip big. Us show back pick decision reality director. Created on: 1997-11-03.', '9b9d581a748b289762189e190a184d24');
insert into user (id, role, user_name, display_name, details, password_hash) values (36, 'Customer', 'ksavage', 'James Robles', '188 Suzanne Stravenue Apt. 047, Morganmouth, KS 16662', '65f4103c3e77308dd82460355b6185e8');
insert into user (id, role, user_name, display_name, details, password_hash) values (37, 'Customer', 'mosleystephanie', 'Ashley Sheppard', 'USCGC Austin, FPO AA 44865', 'cba9e338522d666d1bc22e694ad493ed');
insert into user (id, role, user_name, display_name, details, password_hash) values (38, 'Seller', 'johnanderson', 'Simon-Donaldson', 'Tree threat employee notice bed. War including next treat. Created on: 2012-01-09.', '08fffbb91efefcd4979b7ccb1f11ea14');
insert into user (id, role, user_name, display_name, details, password_hash) values (39, 'Warehouse Admin', 'cortezbonnie', 'Brian Harris', '50', '3f8b01e6d33368e500425ad2407f8a90');
insert into user (id, role, user_name, display_name, details, password_hash) values (40, 'Warehouse Admin', 'christopher15', 'David Hayes', '45', '2bdd925454b096462dea4d2f8b246f77');
insert into user (id, role, user_name, display_name, details, password_hash) values (41, 'Seller', 'susanrodriguez', 'Edwards, Bailey and Hall', 'For as I nation exist something. Thing data strategy within. Created on: 1983-12-12.', '3131163162471485be801f4f4e650510');
insert into user (id, role, user_name, display_name, details, password_hash) values (42, 'Customer', 'melissa70', 'Alicia Fernandez', '3251 Wilson Fall Suite 576, Dickersonburgh, GU 73293', '8dd00f357ce980359fac150a4461406d');
insert into user (id, role, user_name, display_name, details, password_hash) values (43, 'Warehouse Admin', 'kimberlylopez', 'Jennifer Bradshaw', '38', '69bb8058d31dd281b53fd4d9799e85a7');
insert into user (id, role, user_name, display_name, details, password_hash) values (44, 'Customer', 'rebecca94', 'Julie Estrada', '3051 Mark Forges Apt. 344, Hudsonchester, VA 82765', '0702c88c3b58ebf6c3d536b27835a2fa');
insert into user (id, role, user_name, display_name, details, password_hash) values (45, 'Customer', 'david20', 'Ryan Torres', '57956 Parks Spring Suite 437, New Justinborough, HI 78964', '49286c3c13c92a62d51dfcd069fa62c5');
insert into user (id, role, user_name, display_name, details, password_hash) values (46, 'Warehouse Admin', 'lauren82', 'Michele Clayton', '18', '2de7dd36cebdba7df9a427ac758ebf44');
insert into user (id, role, user_name, display_name, details, password_hash) values (47, 'Warehouse Admin', 'xdunn', 'Diana Olson', '32', 'f0d1e073890f804a3af2044dda98c4d8');
insert into user (id, role, user_name, display_name, details, password_hash) values (48, 'Customer', 'bradleytyler', 'Carolyn Summers', '76724 Boyd Ports, Kevintown, WI 81922', '613829d10c9cbf71d872ca9942ca4379');
insert into user (id, role, user_name, display_name, details, password_hash) values (49, 'Customer', 'panderson', 'Trevor Morales', '250 Brenda Run, South Todd, MT 69501', 'dc570e03ac77301d7b2f92185e0ed5ae');
insert into user (id, role, user_name, display_name, details, password_hash) values (50, 'Seller', 'dprice', 'Williams Ltd', 'Thousand although decade small fine. Land check else treat century. Created on: 2019-05-03.', '97de4d07c59c94ca8234f8da19f904cf');
insert into user (id, role, user_name, display_name, details, password_hash) values (51, 'Seller', 'timothy37', 'Allen PLC', 'Culture ever story section. Kind product exist consider poor speech there. Created on: 2003-04-25.', 'ba615b531bcc382bb827c7e19586e9f3');
insert into user (id, role, user_name, display_name, details, password_hash) values (52, 'Seller', 'charlotte68', 'Ross LLC', 'Bill particular want politics national. Oil control school. Fill hair game old discussion future. Created on: 2005-02-21.', '0cd954b4799a7912214fc9e7c16bea99');
insert into user (id, role, user_name, display_name, details, password_hash) values (53, 'Warehouse Admin', 'psummers', 'Crystal Downs', '15', 'bcfd7c3865a7f4c15e219786a9c75e24');
insert into user (id, role, user_name, display_name, details, password_hash) values (54, 'Customer', 'lindsay34', 'Christopher Baker', '8979 Fisher Plaza, Garyside, NJ 05113', '129012e6cca6150f7cf6c8fca5a57967');
insert into user (id, role, user_name, display_name, details, password_hash) values (55, 'Seller', 'lawrencephillips', 'Hernandez, Joseph and Cochran', 'Main avoid green important between. Outside director hundred. Created on: 1989-04-13.', 'cf869191674106d40bd5dbdc576e52ac');
insert into user (id, role, user_name, display_name, details, password_hash) values (56, 'Customer', 'mjohnson', 'John Griffin', '2501 Kimberly Trafficway, Devinview, MO 89427', 'd8110eddf3d7c95b167784bf8619236c');
insert into user (id, role, user_name, display_name, details, password_hash) values (57, 'Seller', 'baileycaitlin', 'Thompson, Garcia and Gonzalez', 'Wish memory set. Recognize organization particularly. Created on: 2017-07-09.', 'bc13f1ce005a5a0e31194c5079213c0d');
insert into user (id, role, user_name, display_name, details, password_hash) values (58, 'Warehouse Admin', 'donald77', 'Calvin Lee', '16', '4862e7304f25430b9011b631010918b9');
insert into user (id, role, user_name, display_name, details, password_hash) values (59, 'Customer', 'zimmermancraig', 'Brett Wilkins', '88890 Hodges Port, New Drewville, WY 06614', '4e9f8ab01081a6c93d9cf9effc17690b');
insert into user (id, role, user_name, display_name, details, password_hash) values (60, 'Seller', 'levineapril', 'Medina PLC', 'Art style choice owner word score. Better since plan ability floor drop certainly. Certain me church day American forward successful. Created on: 2012-12-31.', '2aa650835fb6f286b093d22b958cc11b');
insert into user (id, role, user_name, display_name, details, password_hash) values (61, 'Warehouse Admin', 'rileypatel', 'Phillip Maxwell', '9', '1faa04e1cdb1e96804e5a07479128332');
insert into user (id, role, user_name, display_name, details, password_hash) values (62, 'Seller', 'donnaparrish', 'Wilson, Li and Cruz', 'Condition computer development explain Mrs. Soon partner program current suddenly fund. Created on: 2015-10-29.', 'a68856fec54280952ad310e45ee5b4eb');
insert into user (id, role, user_name, display_name, details, password_hash) values (63, 'Customer', 'elizabeth54', 'Betty Smith', '97721 Bernard Walk, Conwayberg, LA 28065', 'a667c51b0844e8f8ecf6a4d90af34f49');
insert into user (id, role, user_name, display_name, details, password_hash) values (64, 'Seller', 'gregory05', 'Allen and Sons', 'Again focus stay provide another. Job bed economic source final far question movement. Created on: 1993-03-05.', 'c60d303e74190f2eea7f27fd783299af');
insert into user (id, role, user_name, display_name, details, password_hash) values (65, 'Customer', 'jhill', 'David Pope', '41439 Christopher Green Apt. 143, West Jamesstad, NV 36736', 'd8468d4f2f50feff6a8fcb4fb9d6e04f');
insert into user (id, role, user_name, display_name, details, password_hash) values (66, 'Seller', 'smithjessica', 'Williams PLC', 'Series institution interesting light scene trade. Machine great big. Created on: 1983-08-14.', '538ebbee8e0d30fbf2802365fe8dc674');
insert into user (id, role, user_name, display_name, details, password_hash) values (67, 'Seller', 'tgates', 'Kirby-Dominguez', 'Hundred produce condition ago such prove high. Only husband successful interesting. Expert responsibility generation loss none couple culture. Created on: 2014-02-12.', '2cc7857745f2d4aadbff54abd3d011f9');
insert into user (id, role, user_name, display_name, details, password_hash) values (68, 'Customer', 'davistina', 'Jennifer Hernandez', '970 Matthew Union Apt. 199, Lake Kimberlymouth, MA 49655', 'f830b906d34026584d39cb5c337e3bbf');
insert into user (id, role, user_name, display_name, details, password_hash) values (69, 'Customer', 'hailey76', 'Allison Ward', '241 Patricia Loop Apt. 670, New Morganside, HI 19615', '363ea5920dd4a66710c1b459d58eada5');
insert into user (id, role, user_name, display_name, details, password_hash) values (70, 'Warehouse Admin', 'phillipscurtis', 'Tanya Howell', '50', 'b09cf08434350bea5111da912814165e');
insert into user (id, role, user_name, display_name, details, password_hash) values (71, 'Seller', 'josephmurphy', 'Copeland, Wallace and Hernandez', 'Third reality method try push call effort spend. Able its describe. Factor stop yes product. Created on: 1983-06-12.', '47b233229f1e15d8ce66b10d728fc1d6');
insert into user (id, role, user_name, display_name, details, password_hash) values (72, 'Warehouse Admin', 'georgeferrell', 'Anna Cruz', '43', 'd3e328655fb957afed1ac1ccf9338d53');
insert into user (id, role, user_name, display_name, details, password_hash) values (73, 'Seller', 'ajoseph', 'Padilla, Moore and Bowen', 'Between response difficult people sea yard check. Work add little kid prove. Created on: 1987-07-28.', '7ba498e3a0fe8e3009f9fb7d023bb3af');
insert into user (id, role, user_name, display_name, details, password_hash) values (74, 'Seller', 'joanbryant', 'Callahan, Hoffman and Boyd', 'Why across drug discuss me ten up. Created on: 2004-02-11.', '6dda1343a643750e96f2e9704cdcc95f');
insert into user (id, role, user_name, display_name, details, password_hash) values (75, 'Seller', 'millerbarbara', 'Wood-Lloyd', 'You there foot they prevent spring shoulder modern. Break beautiful debate son product should trip. Service our statement local bad join whose different. Created on: 2022-05-13.', '3e51ec77571df0ac1dcfe23f062abbec');
insert into user (id, role, user_name, display_name, details, password_hash) values (76, 'Warehouse Admin', 'karenrodriguez', 'Jacob Johnson', '12', '86005d7d913eda65e7536c5e555a5dbd');
insert into user (id, role, user_name, display_name, details, password_hash) values (77, 'Warehouse Admin', 'greenrichard', 'Mrs. Andrea Simon', '46', '4cde4a97be8e5de42e595696918f942f');
insert into user (id, role, user_name, display_name, details, password_hash) values (78, 'Warehouse Admin', 'econrad', 'Maria Watson', '50', '5881f704f881ee760db14f6b8dfdfbf1');
insert into user (id, role, user_name, display_name, details, password_hash) values (79, 'Customer', 'aaronwillis', 'Nancy Jones', '46261 James Burg Suite 607, Smithtown, HI 72611', '6cb3eaec68876416a5beb229ca0325ab');
insert into user (id, role, user_name, display_name, details, password_hash) values (80, 'Customer', 'kathryngonzalez', 'Susan Johnson', '3989 Guzman Underpass, North Lisachester, ND 75555', '24adbdb983c7718282f4faeb1e051add');
insert into user (id, role, user_name, display_name, details, password_hash) values (81, 'Warehouse Admin', 'burnettamy', 'Lisa Davila', '37', '2665da7e16de1f00252f3a458b8d2a0d');
insert into user (id, role, user_name, display_name, details, password_hash) values (82, 'Seller', 'lauraking', 'Phillips LLC', 'Hot feeling artist full news. Certain me between. Write once name force. Created on: 1983-05-25.', '$2b$10$LcZoXto7jFdmLhUfJaL6e.2NBu8VeUtFR87NaEXRcu6Q/yEH.TDP6');
insert into user (id, role, user_name, display_name, details, password_hash) values (83, 'Customer', 'sheilamcgrath', 'Warren Craig', '2388 Michael Stravenue Apt. 501, South Kimberlymouth, VT 24759', '5eee3b0bfc6e8a66026a60e2ae11466b');
insert into user (id, role, user_name, display_name, details, password_hash) values (84, 'Seller', 'gjenkins', 'Harrington-Rodriguez', 'Federal letter short support themselves former successful. Easy build poor evidence memory rest. Created on: 2017-09-30.', '79342e1663e80be6b18541944760bbe5');
insert into user (id, role, user_name, display_name, details, password_hash) values (85, 'Customer', 'ashlee52', 'Courtney Smith', '3344 Richard Rue Apt. 912, Maldonadobury, VI 21002', '5a963269ed29a82705ea0ca5b905c911');
insert into user (id, role, user_name, display_name, details, password_hash) values (86, 'Warehouse Admin', 'robertharrington', 'Amanda Dean', '50', '576c5aae9ac447fe569fbf43d7aaac73');
insert into user (id, role, user_name, display_name, details, password_hash) values (87, 'Warehouse Admin', 'garciajonathan', 'Anne Tran', '27', '72ca436f3a01cd667e04eb431dd83125');
insert into user (id, role, user_name, display_name, details, password_hash) values (88, 'Warehouse Admin', 'greyes', 'Emily Johnston', '48', '965adcd52d1e045110ab14e16710eb08');
insert into user (id, role, user_name, display_name, details, password_hash) values (89, 'Seller', 'kelly80', 'Day PLC', 'Value perform pressure hospital always. Your goal pull arm. Created on: 1981-03-09.', 'fbb4119152dd68c56d7d764222ecc8ab');
insert into user (id, role, user_name, display_name, details, password_hash) values (90, 'Customer', 'hannahmcmillan', 'Lynn Jones', '582 Sharon Island, South Patrickborough, NM 84955', 'bed8600840db1fdbbc26f3b462513660');
insert into user (id, role, user_name, display_name, details, password_hash) values (91, 'Warehouse Admin', 'david23', 'Monica Taylor', '37', 'f5d58903a0219b897dbcb4312aadcf6f');
insert into user (id, role, user_name, display_name, details, password_hash) values (92, 'Customer', 'hrodriguez', 'Steven Chavez', '1109 Corey Prairie, East Kimberlyfurt, KS 47410', '1db6e612401a02b84580f0e02b75e807');
insert into user (id, role, user_name, display_name, details, password_hash) values (93, 'Customer', 'lhernandez', 'Hector Green', '7828 Erin Motorway Apt. 588, Heathermouth, NH 01706', '30fd00de521f06e0d3d73f7c67dcd443');
insert into user (id, role, user_name, display_name, details, password_hash) values (94, 'Seller', 'leonardmichael', 'Spencer and Sons', 'Daughter participant go along. Created on: 2021-07-06.', '7e175f9e141bf938f81f4e74a0dd6ae1');
insert into user (id, role, user_name, display_name, details, password_hash) values (95, 'Seller', 'james31', 'Preston, Cuevas and Gillespie', 'Admit step trouble entire difficult serve development. Success test character woman car physical. Created on: 1998-08-17.', '7150e3cbb2d109074193eb5003e70bd3');
insert into user (id, role, user_name, display_name, details, password_hash) values (96, 'Customer', 'johnbrady', 'Cynthia Martinez', '8883 Bennett Manors, North Alyssatown, AK 08043', '501a5c2c1bf7945dec8e9a8746ec3332');
insert into user (id, role, user_name, display_name, details, password_hash) values (97, 'Customer', 'leslie27', 'Jill Wright', '22639 Alexandra Roads, Cameronborough, NM 52115', '43db184dfea59a6542a724ba43aa620c');
insert into user (id, role, user_name, display_name, details, password_hash) values (98, 'Customer', 'cbradford', 'Michele Davidson', '696 Megan Street, Port Savannah, DC 77474', '061f7ed6589bfe5a500bae2d8c7d102b');
insert into user (id, role, user_name, display_name, details, password_hash) values (99, 'Seller', 'uhinton', 'Rhodes-Simpson', 'As less industry. Author end away that price staff. Effort themselves available improve. Created on: 1976-08-21.', '118fcfaa8d3a54d47a97476b1cbebf79');
insert into user (id, role, user_name, display_name, details, password_hash) values (100, 'Seller', 'jonesrobert', 'Murphy-Patton', 'Decision onto always spring glass high. Fire across campaign matter. Created on: 2011-05-09.', 'afe9b7f3d51666d64c3df7054ab0796a');
insert into warehouse (id, name, address, total_area, remaining_area) values (1, 'Andersonchester 92', '2931 Harris Port, Richardsonberg, TN 77467', 8586.00, 7032.59);
insert into warehouse (id, name, address, total_area, remaining_area) values (2, 'Billmouth 32', '905 Tim Shoals, Mirandafort, MI 69208', 3483.00, 2700.97);
insert into warehouse (id, name, address, total_area, remaining_area) values (3, 'West Maria 10', '874 Anderson Village, East Mike, WY 50011', 3569.00, 2544.24);
insert into warehouse (id, name, address, total_area, remaining_area) values (4, 'East Henry 2', '74967 Sanchez Trace, Port Danielleborough, CO 58010', 3364.00, 3034.55);
insert into warehouse (id, name, address, total_area, remaining_area) values (5, 'West Vicki 30', 'USNV Freeman, FPO AE 37459', 2206.00, 1180.95);
insert into warehouse (id, name, address, total_area, remaining_area) values (6, 'Lewisland 95', '3217 Brittany Trafficway, Jacobsmouth, NY 98371', 4183.00, 3301.25);
insert into warehouse (id, name, address, total_area, remaining_area) values (7, 'Port Lisa 67', '47036 Donald Ridges, West Courtney, WV 82275', 2231.00, 1742.49);
insert into warehouse (id, name, address, total_area, remaining_area) values (8, 'New Stacy 80', '580 Cameron Tunnel, West Gregoryport, SD 57260', 11753.00, 11376.93);
insert into warehouse (id, name, address, total_area, remaining_area) values (9, 'West Sydney 81', '693 Charles Stream Apt. 546, Port Jerryfurt, GA 74892', 2020.00, 876.98);
insert into warehouse (id, name, address, total_area, remaining_area) values (10, 'West Abigail 86', 'PSC 5097, Box 1871, APO AE 60288', 4259.00, 3253.30);
insert into warehouse (id, name, address, total_area, remaining_area) values (11, 'Lisahaven 91', 'PSC 7679, Box 7725, APO AE 83282', 2675.00, 1963.76);
insert into warehouse (id, name, address, total_area, remaining_area) values (12, 'Lake Christinaberg 69', '5658 Jason Point Suite 075, New Brandon, KY 24079', 2796.00, 2358.10);
insert into warehouse (id, name, address, total_area, remaining_area) values (13, 'East Nancybury 85', '1594 Baker Throughway, Lake Johnberg, PW 19756', 4996.00, 4430.25);
insert into warehouse (id, name, address, total_area, remaining_area) values (14, 'Port Christopherport 100', '4233 Dennis Prairie Suite 456, Cooperville, NE 69057', 11012.00, 9888.88);
insert into warehouse (id, name, address, total_area, remaining_area) values (15, 'Mitchellview 88', 'USCGC Luna, FPO AA 60423', 9427.00, 8720.62);
insert into warehouse (id, name, address, total_area, remaining_area) values (16, 'South Sandra 92', '722 Freeman Viaduct, North Pamelaland, OR 12810', 5842.00, 4383.84);
insert into warehouse (id, name, address, total_area, remaining_area) values (17, 'Justinview 80', '5234 Odom Shores, Port Connor, ME 23005', 10854.00, 10125.89);
insert into warehouse (id, name, address, total_area, remaining_area) values (18, 'Justinmouth 11', '544 Hayley Inlet Suite 726, Whiteside, NC 10720', 5537.00, 4815.28);
insert into warehouse (id, name, address, total_area, remaining_area) values (19, 'North Paulamouth 53', '4568 Williams Loop Apt. 204, Kellyton, AR 63885', 1347.00, -146.02);
insert into warehouse (id, name, address, total_area, remaining_area) values (20, 'West David 32', '4907 Carter Centers, New Jason, MI 29247', 1549.00, 729.34);

insert into product (id, title, seller_id, price, description, category, length, width, height, image, remaining, created_at, updated_at) values (1, 'Made in Korea: Main Category Variance 541', 89, 876789, 'Made in Korea: Main Category Variance 541 is a luxury girl clothing and accessories that cannot be found in your local stores! Two place rule leave begin. Great build set example choose keep pass. Special safe a food. Protect heart travel morning soldier.', 'Girl Clothing and Accessories', 3.51, 1.78, 4.10, 'forget.gif', 147, '2003-11-01 01:24:32', '2009-02-27 02:57:03');
insert into product (id, title, seller_id, price, description, category, length, width, height, image, remaining, created_at, updated_at) values (2, 'Watson, Glover and Madden''s Overall City Gen. 467', 34, 535741, 'Watson, Glover and Madden''s Overall City Gen. 467 is a luxury male accessories that cannot be found in your local stores! Security deal friend seek deep better already. Interview station section thing.', 'Male Accessories', 2.21, 4.98, 3.93, 'discuss.bmp', 21, '1974-06-08 01:29:42', '2015-01-12 14:36:25');
insert into product (id, title, seller_id, price, description, category, length, width, height, image, remaining, created_at, updated_at) values (3, 'Mrs. Conner''s Available Bridge Edition 839', 89, 10436, 'Mrs. Conner''s Available Bridge Edition 839 is a cheap racket sports that cannot be found in your local stores! North name newspaper. Investment activity gas. Call his school investment way have pay.', 'Racket Sports', 1.26, 3.98, 4.93, 'information.png', 52, '2009-05-09 14:51:08', '2009-10-22 05:27:32');
insert into product (id, title, seller_id, price, description, category, length, width, height, image, remaining, created_at, updated_at) values (4, 'Moss Ltd''s Various Court Version 191', 89, 828752, 'Moss Ltd''s Various Court Version 191 is a luxury lamps that cannot be found in your local stores! Face prevent occur southern certain. Class so expert likely physical nature. Hot happy ever hour enjoy red.', 'Lamps', 1.71, 2.58, 4.87, 'weight.gif', 110, '1998-05-07 16:46:24', '2018-02-07 04:40:46');
insert into product (id, title, seller_id, price, description, category, length, width, height, image, remaining, created_at, updated_at) values (5, 'Mr. Nguyen''s Willing Welcome Version 714', 94, 486570, 'Mr. Nguyen''s Willing Welcome Version 714 is a luxury female sportswear that cannot be found in your local stores! Trouble respond true miss gun how church run. Unit know sure happy opportunity. Treatment network only campaign specific.', 'Female Sportswear', 2.48, 4.67, 2.32, 'west.png', 136, '1973-12-09 09:40:59', '2000-12-18 19:23:14');
insert into product (id, title, seller_id, price, description, category, length, width, height, image, remaining, created_at, updated_at) values (6, 'Coral Glad Note No. 96', 57, 936551, 'Coral Glad Note No. 96 is a luxury chairs and sofas that cannot be found in your local stores! Congress eye southern service memory bar. Most best rate very official program. Sound court put or computer young.', 'Chairs and Sofas', 1.53, 0.96, 3.05, 'much.gif', 63, '1988-03-06 03:36:33', '2020-08-03 18:21:14');
insert into product (id, title, seller_id, price, description, category, length, width, height, image, remaining, created_at, updated_at) values (7, 'Brown Soft Phase Version 82', 99, 367061, 'Brown Soft Phase Version 82 is a luxury wall decoration that cannot be found in your local stores! Lawyer student leader fall. Image network management you. Response on require second movement create role.', 'Wall Decoration', 2.07, 3.78, 2.19, 'well.gif', 62, '1979-03-20 14:18:44', '2005-01-28 00:49:30');
insert into product (id, title, seller_id, price, description, category, length, width, height, image, remaining, created_at, updated_at) values (8, 'Made in United States of America: Huge Fee No. 530', 99, 359715, 'Made in United States of America: Huge Fee No. 530 is a luxury cooker and oven that cannot be found in your local stores! Present material place clear skin still. Western edge play center art level newspaper where.', 'Cooker and Oven', 2.62, 3.20, 4.33, 'democratic.jpeg', 67, '1985-10-09 19:47:59', '2001-11-06 13:41:20');
insert into product (id, title, seller_id, price, description, category, length, width, height, image, remaining, created_at, updated_at) values (9, 'Gay, Williams and Castro''s Right Implement Version 13', 71, 99050, 'Gay, Williams and Castro''s Right Implement Version 13 is a luxury girl clothing and accessories that cannot be found in your local stores! Yet throw brother guess entire approach million. Special free organization people reality employee safe. Hotel consumer get big.', 'Girl Clothing and Accessories', 1.95, 4.14, 4.85, 'head.bmp', 89, '1981-01-21 04:45:02', '2001-04-18 20:50:05');
insert into product (id, title, seller_id, price, description, category, length, width, height, image, remaining, created_at, updated_at) values (10, 'Sheppard, Mann and Russell''s Available Solution Variance 341', 100, 684426, 'Sheppard, Mann and Russell''s Available Solution Variance 341 is a luxury lamps that cannot be found in your local stores! Issue rule nor front build whether story represent.', 'Lamps', 2.66, 3.06, 4.88, 'base.gif', 24, '2000-06-05 16:44:57', '2002-09-13 22:53:54');
insert into product (id, title, seller_id, price, description, category, length, width, height, image, remaining, created_at, updated_at) values (11, 'Dr. Guzman''s Eastern Model Prototype #512', 95, 229250, 'Dr. Guzman''s Eastern Model Prototype #512 is a luxury ball sports that cannot be found in your local stores! Fire month force inside finally air live medical. Per million ten describe create walk watch. Stay star form by town choice.', 'Ball Sports', 0.95, 2.13, 2.33, 'spend.tiff', 125, '1991-12-01 22:45:34', '2004-07-23 08:58:43');
insert into product (id, title, seller_id, price, description, category, length, width, height, image, remaining, created_at, updated_at) values (12, 'Ryan PLC''s Professional Muscle Variance 824', 75, 797988, 'Ryan PLC''s Professional Muscle Variance 824 is a luxury floor decoration that cannot be found in your local stores! Trade walk miss thought argue deep rate. Cultural near agent light health meeting. Perhaps clearly information cause.', 'Floor Decoration', 0.91, 4.25, 0.59, 'determine.bmp', 93, '1998-05-24 23:11:35', '2018-07-28 10:13:18');
insert into product (id, title, seller_id, price, description, category, length, width, height, image, remaining, created_at, updated_at) values (13, 'Mrs. Smith''s Electronic Belt Prototype #62', 67, 193412, 'Mrs. Smith''s Electronic Belt Prototype #62 is a luxury female clothing that cannot be found in your local stores! Name lot against leg many whole type. White rather subject involve recently time.', 'Female Clothing', 4.68, 2.17, 4.63, 'page.bmp', 40, '2011-09-14 07:53:54', '2021-07-20 21:49:04');
insert into product (id, title, seller_id, price, description, category, length, width, height, image, remaining, created_at, updated_at) values (14, 'MediumSpringGreen Aggressive Register MK 561', 71, 845886, 'MediumSpringGreen Aggressive Register MK 561 is a luxury boy clothing and accessories that cannot be found in your local stores! Game arrive meet culture follow Republican. Receive station then. Mean something week hold fly citizen how.', 'Boy Clothing and Accessories', 1.12, 4.04, 1.83, 'lawyer.tiff', 100, '1983-05-28 01:41:34', '2011-05-12 20:39:55');
insert into product (id, title, seller_id, price, description, category, length, width, height, image, remaining, created_at, updated_at) values (15, 'SteelBlue New Role Variance 281', 5, 878767, 'SteelBlue New Role Variance 281 is a luxury cooker and oven that cannot be found in your local stores! Various describe control woman need. Adult his send give particularly themselves case bed. Fact fast understand.', 'Cooker and Oven', 3.25, 4.93, 0.76, 'tell.jpeg', 70, '1977-10-27 12:24:01', '2019-02-10 17:51:55');
insert into product (id, title, seller_id, price, description, category, length, width, height, image, remaining, created_at, updated_at) values (16, 'Turquoise False Ideal No. 267', 41, 642356, 'Turquoise False Ideal No. 267 is a luxury phone that cannot be found in your local stores! Woman too generation life system. Chance laugh act east. Memory power treatment fall result whose green. Reach play how thought about keep physical.', 'Phone', 4.24, 0.53, 0.43, 'international.png', 85, '1973-12-12 16:04:04', '1989-07-04 11:15:52');
insert into product (id, title, seller_id, price, description, category, length, width, height, image, remaining, created_at, updated_at) values (17, 'Olive Correct Rope Variance 455', 28, 716723, 'Olive Correct Rope Variance 455 is a luxury lamps that cannot be found in your local stores! News thus ago try. Though space guy staff memory accept remain. Traditional seat style history nor tree blue.', 'Lamps', 1.09, 4.78, 3.16, 'beat.tiff', 106, '1985-04-02 20:23:57', '2023-06-06 11:56:34');
insert into product (id, title, seller_id, price, description, category, length, width, height, image, remaining, created_at, updated_at) values (18, 'DarkSalmon Active Memory No. 704', 26, 715047, 'DarkSalmon Active Memory No. 704 is a luxury racket sports that cannot be found in your local stores! Yet shake future majority. Along collection thousand force article series name rock.', 'Racket Sports', 3.55, 4.04, 1.51, 'continue.bmp', 126, '1971-07-22 21:32:00', '2006-01-21 07:04:33');
insert into product (id, title, seller_id, price, description, category, length, width, height, image, remaining, created_at, updated_at) values (19, 'Bryant LLC''s Global Debt Edition 974', 23, 741458, 'Bryant LLC''s Global Debt Edition 974 is a luxury male clothing that cannot be found in your local stores! Although successful suffer film more consumer. Close spend main us three. Early few fine consumer water follow support you.', 'Male Clothing', 4.86, 2.94, 3.39, 'character.tiff', 118, '1980-04-07 17:13:24', '1999-12-10 14:16:57');
insert into product (id, title, seller_id, price, description, category, length, width, height, image, remaining, created_at, updated_at) values (20, 'Dr. Reeves''s Small Occasion Prototype #536', 26, 841023, 'Dr. Reeves''s Small Occasion Prototype #536 is a luxury lamps that cannot be found in your local stores! Speech between material face wear Republican car. Upon half cold such type energy list. Base every not close technology me.', 'Lamps', 0.24, 0.50, 3.23, 'expect.bmp', 62, '1973-02-18 20:08:35', '2002-08-02 01:10:48');
insert into product (id, title, seller_id, price, description, category, length, width, height, image, remaining, created_at, updated_at) values (21, 'GoldenRod Proper Tension MK 294', 34, 50677, 'GoldenRod Proper Tension MK 294 is an affordably priced phone that cannot be found in your local stores! Walk impact south. Read away Mrs Democrat shoulder wait financial call. Occur kid present long church. Difference gas fear add activity beyond.', 'Phone', 2.52, 3.34, 1.24, 'newspaper.jpeg', 9, '1970-03-05 22:25:10', '2010-03-26 20:59:47');
insert into product (id, title, seller_id, price, description, category, length, width, height, image, remaining, created_at, updated_at) values (22, 'DarkOrange Most Taste Prototype #939', 62, 895640, 'DarkOrange Most Taste Prototype #939 is a luxury computer accessories that cannot be found in your local stores! Pull serious guess especially many close. Less break them minute keep. Describe who help blood maybe. Remain green arm pass unit safe.', 'Computer Accessories', 4.51, 3.41, 4.49, 'law.gif', 79, '1987-05-01 12:39:43', '1999-05-29 17:08:11');
insert into product (id, title, seller_id, price, description, category, length, width, height, image, remaining, created_at, updated_at) values (23, 'Anderson Ltd''s Strong Pressure Prototype #872', 94, 264958, 'Anderson Ltd''s Strong Pressure Prototype #872 is a luxury wall decoration that cannot be found in your local stores! Pull eight law likely agreement project leave. Realize similar continue pretty garden. Serve contain reflect rich large. Say in vote true bar sense.', 'Wall Decoration', 1.25, 0.17, 4.19, 'interesting.jpg', 113, '2000-11-28 16:52:41', '2019-04-26 18:50:49');
insert into product (id, title, seller_id, price, description, category, length, width, height, image, remaining, created_at, updated_at) values (24, 'Mrs. Wells''s Public Iron Gen. 550', 15, 157898, 'Mrs. Wells''s Public Iron Gen. 550 is a luxury wall decoration that cannot be found in your local stores! Seem compare increase certain garden coach military. While where month clearly. Economic social but.', 'Wall Decoration', 4.33, 0.25, 3.55, 'great.gif', 142, '1971-09-17 01:20:16', '2007-04-07 05:50:27');
insert into product (id, title, seller_id, price, description, category, length, width, height, image, remaining, created_at, updated_at) values (25, 'Mx. Thomas''s Usual Duty Gen. 213', 8, 244147, 'Mx. Thomas''s Usual Duty Gen. 213 is a luxury computer accessories that cannot be found in your local stores! Project billion tax seat attorney reach soldier. Note garden news team. Skin heavy three mean gas million. Language fall thousand officer animal.', 'Computer Accessories', 4.01, 2.72, 0.83, 'eat.bmp', 34, '1989-10-11 12:36:22', '2001-04-09 00:28:04');
insert into product (id, title, seller_id, price, description, category, length, width, height, image, remaining, created_at, updated_at) values (26, 'Dr. Garcia''s Available Purpose Prototype #65', 100, 481436, 'Dr. Garcia''s Available Purpose Prototype #65 is a luxury male accessories that cannot be found in your local stores! Dog into consumer. Act put about street. Foot term act. Trouble other actually nothing successful money financial.', 'Male Accessories', 3.62, 0.89, 4.69, 'learn.tiff', 31, '1998-01-31 01:23:48', '1999-08-30 13:39:56');
insert into product (id, title, seller_id, price, description, category, length, width, height, image, remaining, created_at, updated_at) values (27, 'Graham-Hart''s Cute Interaction Variance 940', 15, 46346, 'Graham-Hart''s Cute Interaction Variance 940 is an affordably priced male clothing that cannot be found in your local stores! Treat collection stuff president assume push. Seem policy star anything piece spring.', 'Male Clothing', 4.67, 2.46, 0.15, 'recognize.jpeg', 135, '1975-08-06 00:30:20', '1995-01-08 10:18:14');
insert into product (id, title, seller_id, price, description, category, length, width, height, image, remaining, created_at, updated_at) values (28, 'Miss Dudley''s Best Request Gen. 640', 50, 71816, 'Miss Dudley''s Best Request Gen. 640 is a luxury chairs and sofas that cannot be found in your local stores! Religious part name explain. Citizen build carry debate fast. Various factor say my raise let special.', 'Chairs and Sofas', 2.87, 0.93, 3.32, 'example.jpeg', 65, '1980-02-27 21:52:43', '2019-04-27 15:33:27');
insert into product (id, title, seller_id, price, description, category, length, width, height, image, remaining, created_at, updated_at) values (29, 'Chartreuse Free Character Version 143', 64, 797839, 'Chartreuse Free Character Version 143 is a luxury bed that cannot be found in your local stores! East catch effect score this film owner. Compare great area those. Finally international wonder push agent water friend.', 'Bed', 3.75, 3.61, 3.19, 'simple.jpg', 127, '2010-12-19 08:50:39', '2013-01-15 01:56:57');
insert into product (id, title, seller_id, price, description, category, length, width, height, image, remaining, created_at, updated_at) values (30, 'Born in Tuvalu: Private Mind Gen. 747', 38, 480442, 'Born in Tuvalu: Private Mind Gen. 747 is a luxury girl clothing and accessories that cannot be found in your local stores! Future from structure. Happy specific system toward. Again Mr actually not watch often state reflect. Value newspaper certain personal.', 'Girl Clothing and Accessories', 3.80, 0.29, 2.78, 'big.gif', 84, '2018-03-15 15:58:50', '2018-05-08 22:17:02');
insert into product (id, title, seller_id, price, description, category, length, width, height, image, remaining, created_at, updated_at) values (31, 'Made in Wallis and Futuna: Lonely Courage Edition 779', 26, 938130, 'Made in Wallis and Futuna: Lonely Courage Edition 779 is a luxury chairs and sofas that cannot be found in your local stores! Research within attack something. Couple process manage fast. Child help peace around great. Serious serious personal.', 'Chairs and Sofas', 3.89, 3.14, 3.63, 'yeah.tiff', 11, '1970-09-03 02:15:19', '2005-09-20 05:32:37');
insert into product (id, title, seller_id, price, description, category, length, width, height, image, remaining, created_at, updated_at) values (32, 'LightGray Full Interview Prototype #74', 8, 865413, 'LightGray Full Interview Prototype #74 is a luxury chairs and sofas that cannot be found in your local stores! Sometimes there hit. Him ground city fire around almost drug. Whole plant how concern line one wonder.', 'Chairs and Sofas', 0.18, 4.59, 1.78, 'part.jpeg', 28, '1990-04-03 16:48:10', '2012-12-01 07:51:37');
insert into product (id, title, seller_id, price, description, category, length, width, height, image, remaining, created_at, updated_at) values (33, 'Dr. Jackson''s Dangerous Suggestion Gen. 115', 73, 884918, 'Dr. Jackson''s Dangerous Suggestion Gen. 115 is a luxury tv that cannot be found in your local stores! Analysis democratic despite go whatever card. Western charge four relate interview attack me. Offer general along newspaper product.', 'TV', 1.16, 3.57, 1.73, 'middle.gif', 25, '1991-05-11 14:02:13', '2016-03-16 02:57:51');
insert into product (id, title, seller_id, price, description, category, length, width, height, image, remaining, created_at, updated_at) values (34, 'Flores-Hicks''s Lonely While Variance 593', 66, 991705, 'Flores-Hicks''s Lonely While Variance 593 is a luxury computer accessories that cannot be found in your local stores! Soon write here order commercial bar. Reflect success raise shake she son. None inside suddenly. Land result case development food simply.', 'Computer Accessories', 0.78, 3.22, 2.66, 'serious.gif', 105, '1996-06-18 04:20:55', '2013-07-04 05:03:56');
insert into product (id, title, seller_id, price, description, category, length, width, height, image, remaining, created_at, updated_at) values (35, 'Made in Mali: Dark Piece MK 765', 8, 391897, 'Made in Mali: Dark Piece MK 765 is a luxury computer accessories that cannot be found in your local stores! Fast own degree him field painting avoid worker. Off husband behavior perhaps down.', 'Computer Accessories', 3.21, 1.93, 4.19, 'road.bmp', 78, '1981-02-23 01:05:58', '2016-07-20 00:50:21');
insert into product (id, title, seller_id, price, description, category, length, width, height, image, remaining, created_at, updated_at) values (36, 'Ind. Paul''s Spare Tongue MK 299', 34, 166308, 'Ind. Paul''s Spare Tongue MK 299 is a luxury floor decoration that cannot be found in your local stores! Lot manager energy man girl. Court contain already fast ten. Degree low list culture. Why church happy realize travel word.', 'Floor Decoration', 4.58, 1.24, 1.13, 'behind.bmp', 150, '1999-11-23 14:35:08', '2022-05-06 10:51:12');
insert into product (id, title, seller_id, price, description, category, length, width, height, image, remaining, created_at, updated_at) values (37, 'Tomato Classic Bet Edition 489', 38, 364002, 'Tomato Classic Bet Edition 489 is a luxury refridgerator that cannot be found in your local stores! Physical understand light likely all. Such game place leg. Fast financial respond four. Work pull share agent lose. Traditional account record.', 'Refridgerator', 1.91, 1.48, 2.04, 'machine.bmp', 52, '1978-10-14 01:52:32', '2010-12-07 16:09:15');
insert into product (id, title, seller_id, price, description, category, length, width, height, image, remaining, created_at, updated_at) values (38, 'Born in Sri Lanka: Asleep Evening Edition 674', 8, 571063, 'Born in Sri Lanka: Asleep Evening Edition 674 is a luxury girl clothing and accessories that cannot be found in your local stores! Thank send remain across degree. Out spend artist international dark office manager. Behind way age shoulder long.', 'Girl Clothing and Accessories', 0.43, 4.83, 1.72, 'sign.gif', 135, '1976-12-18 21:52:12', '1992-11-01 09:55:39');
insert into product (id, title, seller_id, price, description, category, length, width, height, image, remaining, created_at, updated_at) values (39, 'Dr. Richardson''s Normal Agent Variance 156', 52, 689440, 'Dr. Richardson''s Normal Agent Variance 156 is a luxury computer accessories that cannot be found in your local stores! Congress total again gun paper once improve else. Company eat author wait. Simply report wait this get.', 'Computer Accessories', 0.94, 4.95, 4.84, 'return.bmp', 45, '1980-07-01 08:36:08', '2004-07-24 16:54:09');
insert into product (id, title, seller_id, price, description, category, length, width, height, image, remaining, created_at, updated_at) values (40, 'Coral Temporary Impact Prototype #248', 41, 978613, 'Coral Temporary Impact Prototype #248 is a luxury girl clothing and accessories that cannot be found in your local stores! Bag allow majority coach. Big account series person. Individual generation treat. Get suggest past side analysis because then.', 'Girl Clothing and Accessories', 2.49, 0.39, 3.73, 'light.bmp', 138, '1991-09-27 22:46:25', '2014-01-02 18:25:48');
insert into product (id, title, seller_id, price, description, category, length, width, height, image, remaining, created_at, updated_at) values (41, 'Meyer-Porter''s Popular Hospital Gen. 189', 71, 894906, 'Meyer-Porter''s Popular Hospital Gen. 189 is a luxury female clothing that cannot be found in your local stores! None history wall plant each only. Car condition think hit artist there.', 'Female Clothing', 3.22, 3.69, 4.57, 'case.gif', 132, '1973-07-17 10:21:25', '1981-05-26 05:58:37');
insert into product (id, title, seller_id, price, description, category, length, width, height, image, remaining, created_at, updated_at) values (42, 'Born in Syrian Arab Republic: Fine Mud Version 378', 99, 880911, 'Born in Syrian Arab Republic: Fine Mud Version 378 is a luxury male sportswear that cannot be found in your local stores! Sort space modern party site own as. Few act her for administration. Fish wide give heavy land detail positive young. Research Democrat smile hot.', 'Male Sportswear', 2.39, 4.95, 3.10, 'south.tiff', 96, '1984-10-20 08:07:18', '1986-12-21 23:40:14');
insert into product (id, title, seller_id, price, description, category, length, width, height, image, remaining, created_at, updated_at) values (43, 'Olive Upstairs Farmer Gen. 721', 57, 726601, 'Olive Upstairs Farmer Gen. 721 is a luxury refridgerator that cannot be found in your local stores! Song language than air weight. Camera TV pressure most into land mouth participant.', 'Refridgerator', 1.37, 4.73, 1.97, 'wear.gif', 115, '1978-11-02 10:25:38', '1994-11-21 20:53:07');
insert into product (id, title, seller_id, price, description, category, length, width, height, image, remaining, created_at, updated_at) values (44, 'Aqua Similar Tree Version 660', 95, 972111, 'Aqua Similar Tree Version 660 is a luxury phone accessories that cannot be found in your local stores! Scene tell scientist conference amount war. Several trip challenge whatever consider. Analysis record foot east something.', 'Phone Accessories', 1.39, 3.85, 0.77, 'shake.jpg', 134, '1985-08-30 00:27:46', '2004-12-09 22:02:43');
insert into product (id, title, seller_id, price, description, category, length, width, height, image, remaining, created_at, updated_at) values (45, 'Baker, Reid and Burton''s Representative Police Version 683', 34, 246170, 'Baker, Reid and Burton''s Representative Police Version 683 is a luxury phone that cannot be found in your local stores! Each five language.', 'Phone', 4.01, 4.98, 4.13, 'expect.tiff', 49, '2009-04-21 10:14:44', '2021-09-10 23:03:24');
insert into product (id, title, seller_id, price, description, category, length, width, height, image, remaining, created_at, updated_at) values (46, 'Mr. Mitchell''s Fine Depression Variance 971', 67, 611508, 'Mr. Mitchell''s Fine Depression Variance 971 is a luxury computer accessories that cannot be found in your local stores! Deal describe your away democratic. Article weight individual very. Manage population they. Land time candidate address father office where.', 'Computer Accessories', 0.64, 1.32, 2.04, 'everything.jpeg', 82, '1980-09-26 03:23:36', '2015-04-23 07:02:26');
insert into product (id, title, seller_id, price, description, category, length, width, height, image, remaining, created_at, updated_at) values (47, 'DarkKhaki Wrong Boy MK 700', 11, 235011, 'DarkKhaki Wrong Boy MK 700 is a luxury girl clothing and accessories that cannot be found in your local stores! Nation through offer until military finish. Article clear college late. Start always campaign ago close animal hold. Local room market choose effect.', 'Girl Clothing and Accessories', 0.84, 2.19, 3.31, 'election.jpeg', 121, '1999-10-27 21:56:42', '2008-06-03 06:24:58');
insert into product (id, title, seller_id, price, description, category, length, width, height, image, remaining, created_at, updated_at) values (48, 'LightBlue Medical Interest Gen. 897', 52, 300514, 'LightBlue Medical Interest Gen. 897 is a luxury computer accessories that cannot be found in your local stores! No upon long lawyer. Task foot month before choose listen.', 'Computer Accessories', 3.48, 1.87, 4.98, 'direction.gif', 97, '1971-06-12 13:36:11', '1981-01-16 19:07:24');
insert into product (id, title, seller_id, price, description, category, length, width, height, image, remaining, created_at, updated_at) values (49, 'Born in Venezuela: Hard Schedule Edition 640', 60, 580822, 'Born in Venezuela: Hard Schedule Edition 640 is a luxury tv that cannot be found in your local stores! Police nearly enter write building. Side however usually most. Cell event business book attention. First political throughout necessary use money.', 'TV', 2.53, 2.25, 0.43, 'family.bmp', 32, '1974-10-17 18:17:58', '1987-07-15 18:03:54');
insert into product (id, title, seller_id, price, description, category, length, width, height, image, remaining, created_at, updated_at) values (50, 'Born in Poland: Temporary Sand Edition 114', 38, 35761, 'Born in Poland: Temporary Sand Edition 114 is an affordably priced female accessories that cannot be found in your local stores! Commercial build ask radio. Voice bag whose hot light color. Treat me whatever financial report director paper.', 'Female Accessories', 1.99, 1.85, 1.34, 'early.bmp', 142, '1973-01-03 00:25:17', '2014-02-09 05:33:12');
insert into product (id, title, seller_id, price, description, category, length, width, height, image, remaining, created_at, updated_at) values (51, 'Howard-Fisher''s Better Comfort Edition 376', 50, 748363, 'Howard-Fisher''s Better Comfort Edition 376 is a luxury bed that cannot be found in your local stores! Brother front lawyer beyond unit treat certainly. Wear music clearly left total truth his. Family research kitchen produce during.', 'Bed', 0.91, 3.70, 3.29, 'speech.png', 3, '1993-11-25 19:51:50', '1996-09-20 09:18:37');
insert into product (id, title, seller_id, price, description, category, length, width, height, image, remaining, created_at, updated_at) values (52, 'LightSalmon General Trust Edition 760', 38, 651339, 'LightSalmon General Trust Edition 760 is a luxury male sportswear that cannot be found in your local stores! Message choose back low difference. Outside successful police policy section check true.', 'Male Sportswear', 3.32, 4.87, 1.13, 'never.tiff', 62, '1974-05-17 16:29:11', '1984-07-21 20:02:56');
insert into product (id, title, seller_id, price, description, category, length, width, height, image, remaining, created_at, updated_at) values (53, 'MediumAquaMarine Psychological Neck Prototype #593', 23, 354374, 'MediumAquaMarine Psychological Neck Prototype #593 is a luxury computer accessories that cannot be found in your local stores! Can over almost pass plan. Far everything yet economy. Class just current tax him. Girl course loss its partner break.', 'Computer Accessories', 3.13, 3.72, 2.12, 'grow.jpeg', 143, '1970-01-16 20:20:47', '1974-09-16 04:15:19');
insert into product (id, title, seller_id, price, description, category, length, width, height, image, remaining, created_at, updated_at) values (54, 'LawnGreen Efficient Inflation Edition 999', 95, 804872, 'LawnGreen Efficient Inflation Edition 999 is a luxury phone accessories that cannot be found in your local stores! Suffer into prepare be create dinner. Oil close force direction newspaper customer voice.', 'Phone Accessories', 2.34, 2.19, 2.80, 'ever.tiff', 84, '2006-08-18 11:57:50', '2010-10-24 16:08:16');
insert into product (id, title, seller_id, price, description, category, length, width, height, image, remaining, created_at, updated_at) values (55, 'Davis, Arroyo and Adkins''s Exact Sugar Gen. 249', 23, 741607, 'Davis, Arroyo and Adkins''s Exact Sugar Gen. 249 is a luxury female accessories that cannot be found in your local stores! Address security thing husband positive trouble what. President better through design film. Center sit ago. Explain point in friend.', 'Female Accessories', 1.39, 3.26, 4.53, 'state.gif', 60, '2003-11-27 03:43:43', '2016-06-22 20:50:04');
insert into product (id, title, seller_id, price, description, category, length, width, height, image, remaining, created_at, updated_at) values (56, 'Made in Cocos (Keeling) Islands: Typical Drawer Variance 496', 23, 303270, 'Made in Cocos (Keeling) Islands: Typical Drawer Variance 496 is a luxury computer accessories that cannot be found in your local stores! Certainly herself modern shoulder important floor a deep. News could memory hard front firm ahead.', 'Computer Accessories', 4.74, 4.03, 4.60, 'husband.jpeg', 142, '1972-01-16 20:46:55', '2023-04-17 18:39:39');
insert into product (id, title, seller_id, price, description, category, length, width, height, image, remaining, created_at, updated_at) values (57, 'Born in Qatar: Large Painting Gen. 255', 35, 793572, 'Born in Qatar: Large Painting Gen. 255 is a luxury male clothing that cannot be found in your local stores! Appear charge thank billion century deep hair produce. Clearly call degree beat forget you project.', 'Male Clothing', 3.41, 0.48, 3.76, 'executive.jpeg', 114, '2004-10-29 06:40:56', '2017-09-08 09:21:51');
insert into product (id, title, seller_id, price, description, category, length, width, height, image, remaining, created_at, updated_at) values (58, 'Born in Tanzania: False Nature Variance 394', 94, 622213, 'Born in Tanzania: False Nature Variance 394 is a luxury phone that cannot be found in your local stores! Face drug often interview black visit. Company agency we only white thus tax.', 'Phone', 0.39, 0.60, 3.29, 'about.gif', 39, '1975-01-04 06:40:55', '2003-03-31 03:59:28');
insert into product (id, title, seller_id, price, description, category, length, width, height, image, remaining, created_at, updated_at) values (59, 'LightSalmon Severe Fire Gen. 688', 51, 54995, 'LightSalmon Severe Fire Gen. 688 is an affordably priced female sportswear that cannot be found in your local stores! Property hospital six myself do. Try address real financial. Somebody big free firm customer reflect little. Special film home.', 'Female Sportswear', 1.83, 2.91, 2.29, 'herself.tiff', 114, '2002-11-06 18:52:35', '2004-06-09 12:44:34');
insert into product (id, title, seller_id, price, description, category, length, width, height, image, remaining, created_at, updated_at) values (60, 'Harris Ltd''s Rare Salt Gen. 407', 89, 481047, 'Harris Ltd''s Rare Salt Gen. 407 is a luxury bed that cannot be found in your local stores! Training south likely chance citizen professor. Name color real assume. Six my option budget dream citizen cause. Goal paper song.', 'Bed', 3.40, 1.33, 0.57, 'another.png', 15, '1982-08-05 00:39:19', '1989-11-27 05:08:35');
insert into product (id, title, seller_id, price, description, category, length, width, height, image, remaining, created_at, updated_at) values (61, 'Dr. Wheeler''s Civil Shape Edition 483', 82, 785148, 'Dr. Wheeler''s Civil Shape Edition 483 is a luxury computer that cannot be found in your local stores! Short TV land play possible peace season. Before buy finally style far without next.', 'Computer', 3.37, 4.51, 3.31, 'front.bmp', 135, '1993-05-26 18:28:34', '2019-12-21 02:58:21');
insert into product (id, title, seller_id, price, description, category, length, width, height, image, remaining, created_at, updated_at) values (62, 'WhiteSmoke Terrible Fear Version 507', 89, 247930, 'WhiteSmoke Terrible Fear Version 507 is a luxury cooker and oven that cannot be found in your local stores! Feeling last yet media son. Myself health interview. Nice ten able over over. Certainly various arm the movie figure best shoulder.', 'Cooker and Oven', 4.18, 1.36, 4.52, 'clearly.tiff', 6, '1995-08-09 12:08:10', '1998-12-12 20:07:43');
insert into product (id, title, seller_id, price, description, category, length, width, height, image, remaining, created_at, updated_at) values (63, 'Made in Botswana: Substantial Percentage MK 713', 15, 521893, 'Made in Botswana: Substantial Percentage MK 713 is a luxury ball sports that cannot be found in your local stores! Really radio set military. Simple recognize send yourself mention open. Money nothing white activity.', 'Ball Sports', 2.42, 2.57, 1.32, 'gas.tiff', 79, '2002-07-17 11:52:04', '2015-12-08 11:31:57');
insert into product (id, title, seller_id, price, description, category, length, width, height, image, remaining, created_at, updated_at) values (64, 'Mx. Curry''s Every Track Version 815', 38, 760291, 'Mx. Curry''s Every Track Version 815 is a luxury female accessories that cannot be found in your local stores! Scientist thing room maybe sometimes of knowledge save. They wall compare. Near have huge better instead new remember.', 'Female Accessories', 0.65, 0.23, 2.57, 'nor.png', 108, '1995-08-18 11:25:11', '2020-05-17 11:35:25');
insert into product (id, title, seller_id, price, description, category, length, width, height, image, remaining, created_at, updated_at) values (65, 'Born in French Southern Territories: Primary Control No. 632', 41, 630703, 'Born in French Southern Territories: Primary Control No. 632 is a luxury phone that cannot be found in your local stores! Crime generation TV player want. Effort leader again very early affect determine. Expert like value perform new.', 'Phone', 1.90, 2.78, 1.85, 'center.bmp', 115, '1974-08-25 23:54:35', '2012-10-30 00:22:41');
insert into product (id, title, seller_id, price, description, category, length, width, height, image, remaining, created_at, updated_at) values (66, 'Mx. Ibarra''s Boring Secretary MK 375', 55, 832522, 'Mx. Ibarra''s Boring Secretary MK 375 is a luxury male clothing that cannot be found in your local stores! Soon hospital campaign old. Among art federal about suggest stop.', 'Male Clothing', 4.82, 2.76, 2.84, 'region.tiff', 82, '1982-03-29 10:44:39', '2013-07-20 07:23:29');
insert into product (id, title, seller_id, price, description, category, length, width, height, image, remaining, created_at, updated_at) values (67, 'PaleGreen Eastern Organization MK 727', 75, 831944, 'PaleGreen Eastern Organization MK 727 is a luxury girl clothing and accessories that cannot be found in your local stores! Its accept guess wife. Anything as fill throughout. Head report add final conference push act. Anyone wide interview wear artist decision city.', 'Girl Clothing and Accessories', 1.06, 0.92, 4.80, 'career.bmp', 70, '1992-03-15 19:29:43', '1996-07-05 12:34:37');
insert into product (id, title, seller_id, price, description, category, length, width, height, image, remaining, created_at, updated_at) values (68, 'Teal True Oil Gen. 633', 64, 381256, 'Teal True Oil Gen. 633 is a luxury female accessories that cannot be found in your local stores! Image condition series guy save. Whatever require size very plan campaign increase.', 'Female Accessories', 1.25, 1.50, 1.77, 'value.gif', 35, '1997-08-21 22:31:38', '1999-06-06 10:30:21');
insert into product (id, title, seller_id, price, description, category, length, width, height, image, remaining, created_at, updated_at) values (69, 'Born in Turkey: Suspicious Blue Prototype #461', 51, 107983, 'Born in Turkey: Suspicious Blue Prototype #461 is a luxury chairs and sofas that cannot be found in your local stores! Record modern exactly doctor if during bill. Seven evening party last clear. Movie expect already follow subject store should.', 'Chairs and Sofas', 4.77, 1.82, 1.34, 'require.jpeg', 23, '1975-02-19 19:29:54', '1993-04-13 05:23:25');
insert into product (id, title, seller_id, price, description, category, length, width, height, image, remaining, created_at, updated_at) values (70, 'Made in Sao Tome and Principe: Cheap Question Version 966', 35, 564989, 'Made in Sao Tome and Principe: Cheap Question Version 966 is a luxury male sportswear that cannot be found in your local stores! Tv if right here. Month senior information whatever large take hospital far. Strong assume provide well gas across and.', 'Male Sportswear', 1.72, 0.92, 2.28, 'we.jpeg', 92, '1991-05-23 06:18:24', '1997-02-09 18:29:42');
insert into product (id, title, seller_id, price, description, category, length, width, height, image, remaining, created_at, updated_at) values (71, 'Born in Serbia: Relevant Development Edition 985', 82, 814636, 'Born in Serbia: Relevant Development Edition 985 is a luxury phone accessories that cannot be found in your local stores! Particular somebody cut today that. Visit listen deep. Impact pay church back cut far. Third him business policy. Though language rather career.', 'Phone Accessories', 1.97, 0.82, 4.36, 'dark.png', 48, '1972-09-12 18:15:56', '2023-04-06 19:38:13');
insert into product (id, title, seller_id, price, description, category, length, width, height, image, remaining, created_at, updated_at) values (72, 'Mr. Harris''s Dependent Tone Version 771', 11, 978701, 'Mr. Harris''s Dependent Tone Version 771 is a luxury female accessories that cannot be found in your local stores! Appear my tree difference catch. Condition exactly second particularly word among.', 'Female Accessories', 2.27, 2.99, 3.68, 'her.bmp', 123, '1999-07-31 07:43:12', '2019-03-21 03:48:03');
insert into product (id, title, seller_id, price, description, category, length, width, height, image, remaining, created_at, updated_at) values (73, 'DarkOliveGreen Free Farmer Version 227', 55, 298210, 'DarkOliveGreen Free Farmer Version 227 is a luxury girl clothing and accessories that cannot be found in your local stores! Expect finally onto. With concern none agree lay local. Participant area position listen minute center.', 'Girl Clothing and Accessories', 2.51, 2.69, 1.52, 'peace.jpeg', 58, '1983-04-05 15:14:10', '2016-05-02 04:30:10');
insert into product (id, title, seller_id, price, description, category, length, width, height, image, remaining, created_at, updated_at) values (74, 'Garcia LLC''s Nice Investment Version 259', 5, 799504, 'Garcia LLC''s Nice Investment Version 259 is a luxury racket sports that cannot be found in your local stores! Employee finish structure region put. Money charge might maintain director. Garden a green threat.', 'Racket Sports', 4.93, 3.66, 0.88, 'ground.jpg', 117, '1981-06-21 15:23:50', '1993-05-29 03:27:22');
insert into product (id, title, seller_id, price, description, category, length, width, height, image, remaining, created_at, updated_at) values (75, 'Beige Obvious Stranger Variance 853', 75, 168181, 'Beige Obvious Stranger Variance 853 is a luxury racket sports that cannot be found in your local stores! Buy former common there. Most meeting him concern. Industry soldier choice campaign field.', 'Racket Sports', 1.75, 2.02, 1.13, 'hot.tiff', 124, '2005-02-20 23:06:03', '2022-05-27 22:02:06');
insert into product (id, title, seller_id, price, description, category, length, width, height, image, remaining, created_at, updated_at) values (76, 'Born in Aruba: Impossible Bend MK 845', 41, 52812, 'Born in Aruba: Impossible Bend MK 845 is an affordably priced chairs and sofas that cannot be found in your local stores! Surface career billion civil young. Miss design our draw with real employee.', 'Chairs and Sofas', 4.25, 3.26, 0.89, 'no.jpg', 135, '1975-01-26 18:30:40', '1984-04-17 12:30:04');
insert into product (id, title, seller_id, price, description, category, length, width, height, image, remaining, created_at, updated_at) values (77, 'Hodges LLC''s Any Pause Prototype #809', 34, 211371, 'Hodges LLC''s Any Pause Prototype #809 is a luxury male clothing that cannot be found in your local stores! Clear meet record nearly maybe. Score road close understand. Against issue field be vote thousand to financial. Upon since sense.', 'Male Clothing', 3.41, 3.84, 2.09, 'law.png', 62, '1985-10-03 10:09:08', '1997-08-04 14:17:26');
insert into product (id, title, seller_id, price, description, category, length, width, height, image, remaining, created_at, updated_at) values (78, 'Made in United Arab Emirates: Embarrassed Classroom Edition 905', 52, 663643, 'Made in United Arab Emirates: Embarrassed Classroom Edition 905 is a luxury female sportswear that cannot be found in your local stores! Add method six party black student indeed notice. Test take TV compare inside cell. School weight happy. Leader increase popular toward.', 'Female Sportswear', 2.21, 4.70, 2.41, 'majority.jpeg', 143, '2013-03-21 21:49:13', '2022-12-26 19:28:56');
insert into product (id, title, seller_id, price, description, category, length, width, height, image, remaining, created_at, updated_at) values (79, 'OliveDrab Both God Variance 547', 5, 956852, 'OliveDrab Both God Variance 547 is a luxury male accessories that cannot be found in your local stores! Pm community nothing fight now likely bed. Only although get under. Whom her family try loss card. Husband book major include somebody.', 'Male Accessories', 0.45, 4.96, 3.97, 'hand.bmp', 131, '1988-10-17 15:06:11', '1989-08-25 04:22:12');
insert into product (id, title, seller_id, price, description, category, length, width, height, image, remaining, created_at, updated_at) values (80, 'Born in Samoa: All Pause Edition 212', 41, 551272, 'Born in Samoa: All Pause Edition 212 is a luxury computer accessories that cannot be found in your local stores! Low adult process these her. Environmental summer political despite wind.', 'Computer Accessories', 1.71, 2.88, 4.28, 'hotel.gif', 71, '1998-02-26 09:01:10', '2017-03-17 13:02:28');
insert into product (id, title, seller_id, price, description, category, length, width, height, image, remaining, created_at, updated_at) values (81, 'DarkCyan Junior Subject No. 31', 50, 395646, 'DarkCyan Junior Subject No. 31 is a luxury refridgerator that cannot be found in your local stores! Today ok thing word low hospital. Party hospital raise statement sit.', 'Refridgerator', 3.01, 1.24, 4.11, 'decide.bmp', 101, '1999-08-27 11:03:08', '2023-07-03 14:29:53');
insert into product (id, title, seller_id, price, description, category, length, width, height, image, remaining, created_at, updated_at) values (82, 'Mr. Jones''s Late Daughter Edition 757', 99, 541279, 'Mr. Jones''s Late Daughter Edition 757 is a luxury female clothing that cannot be found in your local stores! Draw defense how want. Account determine process should scientist Congress. Daughter adult politics TV.', 'Female Clothing', 2.28, 4.17, 3.05, 'same.bmp', 120, '2011-08-25 07:29:10', '2017-03-26 00:09:19');
insert into product (id, title, seller_id, price, description, category, length, width, height, image, remaining, created_at, updated_at) values (83, 'Made in British Virgin Islands: Downtown Pin MK 151', 33, 682543, 'Made in British Virgin Islands: Downtown Pin MK 151 is a luxury floor decoration that cannot be found in your local stores! Wide include long speak poor. Collection write nearly group. Energy young language hope involve of western arm.', 'Floor Decoration', 3.06, 3.62, 2.66, 'computer.jpg', 118, '1977-10-21 17:09:55', '2016-05-22 16:30:40');
insert into product (id, title, seller_id, price, description, category, length, width, height, image, remaining, created_at, updated_at) values (84, 'Made in Kyrgyz Republic: Some Promise Gen. 862', 11, 927965, 'Made in Kyrgyz Republic: Some Promise Gen. 862 is a luxury male accessories that cannot be found in your local stores! Step room approach political. Factor red be old church.', 'Male Accessories', 2.70, 4.29, 3.68, 'whom.tiff', 72, '1981-06-07 14:51:24', '1984-10-09 05:56:29');
insert into product (id, title, seller_id, price, description, category, length, width, height, image, remaining, created_at, updated_at) values (85, 'Mrs. Russell''s National Throat No. 230', 71, 954379, 'Mrs. Russell''s National Throat No. 230 is a luxury girl clothing and accessories that cannot be found in your local stores! Machine heart indeed. According month music international economic.', 'Girl Clothing and Accessories', 0.47, 3.74, 3.67, 'fear.bmp', 75, '1980-02-17 10:42:35', '1999-03-31 01:10:30');
insert into product (id, title, seller_id, price, description, category, length, width, height, image, remaining, created_at, updated_at) values (86, 'Born in Paraguay: Direct Housing Edition 903', 26, 562215, 'Born in Paraguay: Direct Housing Edition 903 is a luxury female sportswear that cannot be found in your local stores! South itself when. Sport there approach wife happy. Want especially wear good spring from.', 'Female Sportswear', 0.20, 0.22, 1.34, 'boy.bmp', 94, '1988-07-20 18:45:39', '2003-11-07 12:01:49');
insert into product (id, title, seller_id, price, description, category, length, width, height, image, remaining, created_at, updated_at) values (87, 'Kelly Inc''s Rough Description Gen. 10', 11, 329171, 'Kelly Inc''s Rough Description Gen. 10 is a luxury phone that cannot be found in your local stores! Road nice use various everything seat. Southern return ready rate. Follow commercial left.', 'Phone', 4.47, 4.47, 3.30, 'also.tiff', 38, '1976-12-07 03:37:52', '1984-07-19 03:34:32');
insert into product (id, title, seller_id, price, description, category, length, width, height, image, remaining, created_at, updated_at) values (88, 'Mx. Goodwin''s Own Lawyer No. 118', 67, 505833, 'Mx. Goodwin''s Own Lawyer No. 118 is a luxury wall decoration that cannot be found in your local stores! Situation action opportunity while likely. Catch rate bad job think measure space power. Our star name few ask tough.', 'Wall Decoration', 2.63, 1.48, 2.26, 'growth.tiff', 92, '1983-07-25 11:03:23', '1996-01-03 16:57:56');
insert into product (id, title, seller_id, price, description, category, length, width, height, image, remaining, created_at, updated_at) values (89, 'DarkGoldenRod Weekly Sector Prototype #835', 84, 642160, 'DarkGoldenRod Weekly Sector Prototype #835 is a luxury chairs and sofas that cannot be found in your local stores! Our history light movie leg. Room center popular. Work thought family place cut send available. Old quickly dinner Mr song.', 'Chairs and Sofas', 2.87, 2.08, 2.53, 'few.png', 21, '1974-10-09 10:01:02', '1975-09-23 11:17:20');
insert into product (id, title, seller_id, price, description, category, length, width, height, image, remaining, created_at, updated_at) values (90, 'DimGray Weird Organization No. 718', 64, 945809, 'DimGray Weird Organization No. 718 is a luxury cooker and oven that cannot be found in your local stores! A leader others whether. True hard sit. East something Congress feeling family article.', 'Cooker and Oven', 3.32, 1.75, 4.68, 'character.jpg', 26, '1985-08-19 10:57:57', '2005-09-23 10:51:35');
insert into product (id, title, seller_id, price, description, category, length, width, height, image, remaining, created_at, updated_at) values (91, 'Ind. Taylor''s Personal Basis No. 126', 60, 144825, 'Ind. Taylor''s Personal Basis No. 126 is a luxury tv that cannot be found in your local stores! Create enough couple local middle class. Sing we social role. Thousand strategy itself alone expert happy.', 'TV', 2.14, 0.71, 3.16, 'forget.bmp', 89, '2001-12-21 06:16:22', '2005-05-02 12:03:52');
insert into product (id, title, seller_id, price, description, category, length, width, height, image, remaining, created_at, updated_at) values (92, 'Mx. Mercer''s Weird Ad MK 798', 62, 476691, 'Mx. Mercer''s Weird Ad MK 798 is a luxury female accessories that cannot be found in your local stores! Assume concern far whose high listen. Describe leave he. Growth there term citizen. Above fact who fire draw less. President line bank when.', 'Female Accessories', 3.99, 4.26, 1.63, 'society.png', 77, '1980-04-22 05:49:51', '1998-08-08 23:43:05');
insert into product (id, title, seller_id, price, description, category, length, width, height, image, remaining, created_at, updated_at) values (93, 'Ford-Hicks''s Realistic Housing MK 407', 62, 240596, 'Ford-Hicks''s Realistic Housing MK 407 is a luxury computer accessories that cannot be found in your local stores! Project soon hard your executive. Education book beat face something enough agency.', 'Computer Accessories', 2.71, 2.87, 1.57, 'remember.tiff', 120, '1982-09-08 12:58:51', '1982-10-02 17:08:04');
insert into product (id, title, seller_id, price, description, category, length, width, height, image, remaining, created_at, updated_at) values (94, 'Thistle Tall Structure Prototype #59', 74, 512328, 'Thistle Tall Structure Prototype #59 is a luxury phone accessories that cannot be found in your local stores! Process line often personal. Wide stay someone attorney show structure. Sure police population plant security beautiful.', 'Phone Accessories', 3.49, 2.97, 0.77, 'close.gif', 91, '2021-02-23 01:29:49', '2023-07-16 12:43:00');
insert into product (id, title, seller_id, price, description, category, length, width, height, image, remaining, created_at, updated_at) values (95, 'Mx. Boyer''s Smooth Effect No. 254', 23, 225658, 'Mx. Boyer''s Smooth Effect No. 254 is a luxury tv that cannot be found in your local stores! Treat space former action produce program. Listen fast inside. Door push respond receive strong. College hard main site trade important series.', 'TV', 3.85, 4.12, 0.38, 'fill.png', 56, '1985-08-18 22:49:12', '2004-03-25 10:29:03');
insert into product (id, title, seller_id, price, description, category, length, width, height, image, remaining, created_at, updated_at) values (96, 'Brown, Delacruz and Lee''s Unusual Error Prototype #332', 64, 696523, 'Brown, Delacruz and Lee''s Unusual Error Prototype #332 is a luxury racket sports that cannot be found in your local stores! Government coach peace lose need. Cause might pay. Teach huge firm former stock different treat any.', 'Racket Sports', 1.41, 0.27, 0.92, 'pay.gif', 29, '1973-08-04 10:44:03', '2001-03-06 13:30:13');
insert into product (id, title, seller_id, price, description, category, length, width, height, image, remaining, created_at, updated_at) values (97, 'Born in Chile: Classic Luck Gen. 244', 34, 173359, 'Born in Chile: Classic Luck Gen. 244 is a luxury female sportswear that cannot be found in your local stores! Mother none remain from score red. Kid indicate shoulder especially PM.', 'Female Sportswear', 2.33, 3.98, 3.15, 'remain.png', 24, '1992-12-10 00:41:20', '1994-11-05 05:36:22');
insert into product (id, title, seller_id, price, description, category, length, width, height, image, remaining, created_at, updated_at) values (98, 'Walter, Mckinney and Jackson''s Most Stroke Variance 734', 52, 531180, 'Walter, Mckinney and Jackson''s Most Stroke Variance 734 is a luxury male sportswear that cannot be found in your local stores! Attorney have six bit. Ever shoulder head we theory. See less stay audience threat. Player by family.', 'Male Sportswear', 0.65, 2.50, 4.00, 'standard.gif', 61, '1973-04-08 11:50:39', '2009-10-15 05:06:06');
insert into product (id, title, seller_id, price, description, category, length, width, height, image, remaining, created_at, updated_at) values (99, 'RoyalBlue Smart Code Variance 576', 55, 490022, 'RoyalBlue Smart Code Variance 576 is a luxury tv that cannot be found in your local stores! Control other who style three any education sound.', 'TV', 3.19, 4.38, 2.28, 'study.png', 126, '1980-10-21 22:40:06', '1989-09-07 11:08:40');
insert into product (id, title, seller_id, price, description, category, length, width, height, image, remaining, created_at, updated_at) values (100, 'Castillo Inc''s Western Degree Prototype #598', 5, 437809, 'Castillo Inc''s Western Degree Prototype #598 is a luxury cooker and oven that cannot be found in your local stores! Something wait discuss suddenly. Assume someone religious win most likely.', 'Cooker and Oven', 0.55, 3.58, 3.04, 'explain.jpg', 47, '1993-11-19 06:49:41', '2011-08-09 20:41:08');
insert into product (id, title, seller_id, price, description, category, length, width, height, image, remaining, created_at, updated_at) values (101, 'Made in Libyan Arab Jamahiriya: Existing Model MK 177', 34, 979773, 'Made in Libyan Arab Jamahiriya: Existing Model MK 177 is a luxury computer that cannot be found in your local stores! Back green discussion order relate wife. Father Mrs job summer yet out. Senior detail wonder Mr true morning.', 'Computer', 4.98, 4.05, 2.28, 'myself.jpeg', 61, '1973-06-11 04:39:11', '1995-07-31 04:01:03');
insert into product (id, title, seller_id, price, description, category, length, width, height, image, remaining, created_at, updated_at) values (102, 'Made in Cuba: Guilty South Prototype #482', 38, 487362, 'Made in Cuba: Guilty South Prototype #482 is a luxury bed that cannot be found in your local stores! Far black dark national fast. Collection fall recently. When per quickly why enjoy.', 'Bed', 0.44, 2.14, 2.13, 'whole.gif', 21, '1990-06-29 14:27:49', '2006-03-22 12:01:09');
insert into product (id, title, seller_id, price, description, category, length, width, height, image, remaining, created_at, updated_at) values (103, 'DarkKhaki Hard Spirit Variance 534', 38, 410150, 'DarkKhaki Hard Spirit Variance 534 is a luxury racket sports that cannot be found in your local stores! Chance fear age worker. Feeling year many matter song. Become care always girl seat anything. Paper maintain record.', 'Racket Sports', 0.84, 4.74, 0.88, 'too.jpg', 4, '2011-08-24 21:39:25', '2021-02-19 13:57:19');
insert into product (id, title, seller_id, price, description, category, length, width, height, image, remaining, created_at, updated_at) values (104, 'Blair LLC''s Entire Game Prototype #80', 55, 278565, 'Blair LLC''s Entire Game Prototype #80 is a luxury phone that cannot be found in your local stores! Race create together find box too them. Wall million four production. Industry early gun like.', 'Phone', 1.93, 2.96, 3.58, 'police.png', 34, '2000-07-05 22:35:16', '2015-11-29 17:59:33');
insert into product (id, title, seller_id, price, description, category, length, width, height, image, remaining, created_at, updated_at) values (105, 'Mrs. Douglas''s Empty Steak Gen. 792', 74, 817095, 'Mrs. Douglas''s Empty Steak Gen. 792 is a luxury phone accessories that cannot be found in your local stores! Reality bring down record professional. Stay mother tree half letter. Foreign five consider. Entire direction relate later practice.', 'Phone Accessories', 4.37, 3.13, 3.32, 'every.jpeg', 93, '1974-11-29 00:59:41', '1979-05-30 23:59:59');
insert into product (id, title, seller_id, price, description, category, length, width, height, image, remaining, created_at, updated_at) values (106, 'Mr. Young''s Complex Counter MK 762', 84, 478691, 'Mr. Young''s Complex Counter MK 762 is a luxury floor decoration that cannot be found in your local stores! Foot section building mission major. Join light with theory. Shoulder responsibility land who right pattern.', 'Floor Decoration', 1.15, 0.35, 1.56, 'support.png', 107, '1994-02-24 06:33:12', '2016-06-10 23:16:52');
insert into product (id, title, seller_id, price, description, category, length, width, height, image, remaining, created_at, updated_at) values (107, 'Made in Liechtenstein: Drunk Agency Variance 425', 74, 974621, 'Made in Liechtenstein: Drunk Agency Variance 425 is a luxury ball sports that cannot be found in your local stores! Family anything stage beyond land. Also hour interesting look protect TV. Marriage paper past ten onto base. Artist street season doctor recognize.', 'Ball Sports', 1.92, 0.54, 4.83, 'stage.bmp', 70, '2016-11-22 05:21:35', '2019-08-29 01:41:59');
insert into product (id, title, seller_id, price, description, category, length, width, height, image, remaining, created_at, updated_at) values (108, 'Mx. Johnson''s Downtown Reputation Variance 328', 35, 244687, 'Mx. Johnson''s Downtown Reputation Variance 328 is a luxury phone that cannot be found in your local stores! Whom hot film now sell start. Lose but blue campaign. Our without main spend beautiful people. Minute myself pattern us you down suffer.', 'Phone', 2.13, 3.93, 1.30, 'law.jpeg', 109, '1970-02-15 00:24:54', '1991-06-30 18:33:18');
insert into product (id, title, seller_id, price, description, category, length, width, height, image, remaining, created_at, updated_at) values (109, 'Mrs. Jenkins''s Common Bathroom Version 362', 66, 95194, 'Mrs. Jenkins''s Common Bathroom Version 362 is a luxury wall decoration that cannot be found in your local stores! Television kitchen charge race employee east eight.', 'Wall Decoration', 3.06, 4.59, 2.21, 'more.jpg', 95, '1979-03-14 13:34:26', '1999-12-01 13:29:07');
insert into product (id, title, seller_id, price, description, category, length, width, height, image, remaining, created_at, updated_at) values (110, 'LightSeaGreen Free User No. 839', 75, 214304, 'LightSeaGreen Free User No. 839 is a luxury refridgerator that cannot be found in your local stores! Artist boy his doctor mission small collection. Size team out sure.', 'Refridgerator', 0.18, 2.03, 4.10, 'society.tiff', 143, '1996-12-13 17:12:23', '2004-01-30 09:52:01');
insert into product (id, title, seller_id, price, description, category, length, width, height, image, remaining, created_at, updated_at) values (111, 'Born in Sierra Leone: Mobile President MK 686', 57, 171143, 'Born in Sierra Leone: Mobile President MK 686 is a luxury female sportswear that cannot be found in your local stores! Company put compare stay event. National yeah color may available. Point all practice hospital may nor sister occur.', 'Female Sportswear', 2.26, 0.12, 4.05, 'anything.png', 75, '2016-08-11 14:39:56', '2022-08-05 06:08:56');
insert into product (id, title, seller_id, price, description, category, length, width, height, image, remaining, created_at, updated_at) values (112, 'Ellison, Jackson and Stephens''s Dear Society Version 80', 52, 859737, 'Ellison, Jackson and Stephens''s Dear Society Version 80 is a luxury refridgerator that cannot be found in your local stores! Politics author close whole evidence. Usually back coach share behind speak citizen. Thousand politics force detail movie.', 'Refridgerator', 1.83, 2.46, 2.40, 'southern.bmp', 100, '2009-08-04 15:27:38', '2013-03-05 23:50:58');
insert into product (id, title, seller_id, price, description, category, length, width, height, image, remaining, created_at, updated_at) values (113, 'Teal Neat Sector Gen. 640', 62, 678684, 'Teal Neat Sector Gen. 640 is a luxury female clothing that cannot be found in your local stores! Piece yourself recognize learn management statement. Campaign reveal case government trip couple. Only task in degree.', 'Female Clothing', 4.02, 3.30, 2.06, 'simple.gif', 145, '1994-09-26 16:56:59', '2003-11-29 07:42:44');
insert into product (id, title, seller_id, price, description, category, length, width, height, image, remaining, created_at, updated_at) values (114, 'DeepSkyBlue Dark Recognition Prototype #854', 82, 371897, 'DeepSkyBlue Dark Recognition Prototype #854 is a luxury male clothing that cannot be found in your local stores! Whatever recent television real. Free food about together note several just against. Fill individual serious turn position.', 'Male Clothing', 4.82, 1.63, 4.77, 'avoid.bmp', 11, '1984-04-06 01:54:44', '2023-01-07 15:32:02');
insert into product (id, title, seller_id, price, description, category, length, width, height, image, remaining, created_at, updated_at) values (115, 'DarkGoldenRod Brilliant Family MK 445', 35, 75662, 'DarkGoldenRod Brilliant Family MK 445 is a luxury phone accessories that cannot be found in your local stores! Focus provide something chair community term back. Site poor join present despite song. How full walk necessary environment.', 'Phone Accessories', 0.62, 1.67, 3.01, 'anyone.jpg', 91, '1997-09-28 15:49:17', '2020-10-13 05:17:14');
insert into product (id, title, seller_id, price, description, category, length, width, height, image, remaining, created_at, updated_at) values (116, 'Born in Cyprus: Certain Plate Edition 910', 8, 484303, 'Born in Cyprus: Certain Plate Edition 910 is a luxury ball sports that cannot be found in your local stores! Into fill couple evidence note budget. Box turn throw other floor industry of. Project so around indeed career size or.', 'Ball Sports', 3.30, 4.49, 1.44, 'main.jpeg', 13, '1987-04-01 05:38:29', '2015-11-01 15:19:14');
insert into product (id, title, seller_id, price, description, category, length, width, height, image, remaining, created_at, updated_at) values (117, 'Born in Iran: Great Recipe No. 400', 73, 667263, 'Born in Iran: Great Recipe No. 400 is a luxury phone that cannot be found in your local stores! Single necessary close even woman doctor likely from. Brother almost none administration they. Wide red raise dinner.', 'Phone', 3.41, 3.88, 4.35, 'remember.jpeg', 146, '2006-11-05 01:46:36', '2016-08-06 16:44:13');
insert into product (id, title, seller_id, price, description, category, length, width, height, image, remaining, created_at, updated_at) values (118, 'Ms. Wallace''s Single Peak MK 527', 100, 237042, 'Ms. Wallace''s Single Peak MK 527 is a luxury chairs and sofas that cannot be found in your local stores! Ability determine would new experience stop. Stuff support up. Today civil crime really although space spend.', 'Chairs and Sofas', 2.92, 4.28, 1.99, 'good.jpg', 42, '1998-10-14 10:54:19', '2002-05-27 06:42:16');
insert into product (id, title, seller_id, price, description, category, length, width, height, image, remaining, created_at, updated_at) values (119, 'Misc. Santiago''s Consistent Tour Gen. 692', 16, 257476, 'Misc. Santiago''s Consistent Tour Gen. 692 is a luxury lamps that cannot be found in your local stores! She fact factor tree example computer local. Stay need my live response never dog money. Quality protect large nature civil early instead.', 'Lamps', 1.85, 2.38, 4.47, 'why.tiff', 128, '1984-09-25 05:17:08', '2007-11-25 04:58:24');
insert into product (id, title, seller_id, price, description, category, length, width, height, image, remaining, created_at, updated_at) values (120, 'Made in Tonga: Foreign Sand MK 897', 99, 359173, 'Made in Tonga: Foreign Sand MK 897 is a luxury bed that cannot be found in your local stores! Current street instead factor home center. Will half music those possible still research.', 'Bed', 3.58, 2.21, 1.95, 'serve.bmp', 88, '1986-08-22 17:31:30', '2022-10-22 14:44:03');
insert into product (id, title, seller_id, price, description, category, length, width, height, image, remaining, created_at, updated_at) values (121, 'Torres, Parker and Torres''s Nearby King MK 115', 41, 330911, 'Torres, Parker and Torres''s Nearby King MK 115 is a luxury floor decoration that cannot be found in your local stores! Remember we gas former animal happy stand. His every open opportunity little war role. Owner party away impact start hundred different.', 'Floor Decoration', 1.83, 2.52, 0.94, 'American.jpeg', 17, '1976-05-12 05:43:00', '1981-06-26 10:09:06');
insert into product (id, title, seller_id, price, description, category, length, width, height, image, remaining, created_at, updated_at) values (122, 'Mrs. Larson''s Unhappy Author Prototype #620', 38, 957255, 'Mrs. Larson''s Unhappy Author Prototype #620 is a luxury computer accessories that cannot be found in your local stores! Reach season friend forward reveal better. Him town of. Mission will war early near.', 'Computer Accessories', 1.93, 0.12, 3.42, 'night.gif', 6, '1999-12-04 23:41:33', '2004-12-05 14:29:25');
insert into product (id, title, seller_id, price, description, category, length, width, height, image, remaining, created_at, updated_at) values (123, 'DarkViolet Slight Outside No. 696', 89, 634928, 'DarkViolet Slight Outside No. 696 is a luxury male sportswear that cannot be found in your local stores! Respond gun take control detail. Interest threat never garden as appear nature development.', 'Male Sportswear', 1.61, 3.44, 3.83, 'affect.tiff', 15, '2006-01-08 05:25:18', '2006-06-27 07:49:08');
insert into product (id, title, seller_id, price, description, category, length, width, height, image, remaining, created_at, updated_at) values (124, 'MediumOrchid Unique Cousin MK 492', 55, 709006, 'MediumOrchid Unique Cousin MK 492 is a luxury computer that cannot be found in your local stores! Wall face total my enter north. Along commercial interest. Audience anyone war recent design. Exactly garden why last foreign charge.', 'Computer', 2.28, 2.51, 1.71, 'guy.tiff', 59, '1982-02-16 17:02:37', '2021-02-06 20:45:33');
insert into product (id, title, seller_id, price, description, category, length, width, height, image, remaining, created_at, updated_at) values (125, 'Smith-Smith''s Unlikely Picture No. 698', 71, 592880, 'Smith-Smith''s Unlikely Picture No. 698 is a luxury phone that cannot be found in your local stores! We painting reason number in position and. Window quality soon recently discover. Suddenly explain best happy fly.', 'Phone', 3.20, 3.98, 1.96, 'news.bmp', 68, '2008-01-10 21:39:20', '2019-12-17 03:41:35');
insert into product (id, title, seller_id, price, description, category, length, width, height, image, remaining, created_at, updated_at) values (126, 'Made in Niue: Crazy Size No. 602', 38, 170837, 'Made in Niue: Crazy Size No. 602 is a luxury phone that cannot be found in your local stores! Report task eight continue behavior. Sit letter friend. Significant than owner there also worry. Project time senior mouth move program.', 'Phone', 3.52, 3.77, 1.51, 'involve.tiff', 72, '1996-05-27 12:52:46', '2012-07-15 12:03:41');
insert into product (id, title, seller_id, price, description, category, length, width, height, image, remaining, created_at, updated_at) values (127, 'Made in Saint Martin: Curious Election Variance 937', 73, 174437, 'Made in Saint Martin: Curious Election Variance 937 is a luxury wall decoration that cannot be found in your local stores! Design hair eat type. Decision girl see yard. Ball because world usually public world.', 'Wall Decoration', 3.09, 3.44, 2.25, 'summer.bmp', 24, '1986-02-20 06:23:18', '2013-06-25 07:51:55');
insert into product (id, title, seller_id, price, description, category, length, width, height, image, remaining, created_at, updated_at) values (128, 'Born in Cuba: Less Sample Gen. 971', 57, 139970, 'Born in Cuba: Less Sample Gen. 971 is a luxury male clothing that cannot be found in your local stores! Avoid listen kitchen subject sign sense phone painting. Stay account difficult camera also public. Picture hand arm test. Agency such something seem.', 'Male Clothing', 4.72, 1.40, 4.34, 'official.jpeg', 103, '1984-10-02 19:23:55', '1991-07-24 03:12:11');
insert into product (id, title, seller_id, price, description, category, length, width, height, image, remaining, created_at, updated_at) values (129, 'Born in Antigua and Barbuda: Distinct Tool MK 144', 64, 65269, 'Born in Antigua and Barbuda: Distinct Tool MK 144 is an affordably priced refridgerator that cannot be found in your local stores! College key success sell challenge stay. Prevent conference deep dinner between company.', 'Refridgerator', 0.75, 4.19, 3.86, 'laugh.jpeg', 70, '1977-09-25 10:25:58', '2009-03-08 11:35:02');
insert into product (id, title, seller_id, price, description, category, length, width, height, image, remaining, created_at, updated_at) values (130, 'SpringGreen Own Efficiency MK 484', 34, 760943, 'SpringGreen Own Efficiency MK 484 is a luxury computer accessories that cannot be found in your local stores! Modern morning require art. Foot give always win fact along authority. By machine note bad data. Step commercial leg gas finish fine.', 'Computer Accessories', 4.86, 3.71, 4.55, 'different.jpg', 128, '2001-12-12 17:27:42', '2010-12-16 20:44:20');
insert into product (id, title, seller_id, price, description, category, length, width, height, image, remaining, created_at, updated_at) values (131, 'Dr. Rivers''s White Mistake MK 754', 57, 459543, 'Dr. Rivers''s White Mistake MK 754 is a luxury racket sports that cannot be found in your local stores! Guy leg feel. Even their subject hold three. Agent leave spend move response wall society.', 'Racket Sports', 2.58, 3.41, 3.14, 'even.jpg', 8, '1975-01-23 14:01:38', '2022-07-12 09:34:49');
insert into product (id, title, seller_id, price, description, category, length, width, height, image, remaining, created_at, updated_at) values (132, 'Harris PLC''s Dear Guy MK 769', 82, 513664, 'Harris PLC''s Dear Guy MK 769 is a luxury ball sports that cannot be found in your local stores! Less send better nothing fact. Pressure tough try reflect call into. Prepare look notice station single small enough.', 'Ball Sports', 2.61, 2.55, 3.51, 'never.jpeg', 135, '2001-08-05 20:00:26', '2009-09-27 21:26:57');
insert into product (id, title, seller_id, price, description, category, length, width, height, image, remaining, created_at, updated_at) values (133, 'Ramos-Miller''s Sensitive Golf Version 537', 60, 228897, 'Ramos-Miller''s Sensitive Golf Version 537 is a luxury racket sports that cannot be found in your local stores! Tell address beautiful news animal Mr open. Hundred wind impact news research forget. More think say manage development strong trial.', 'Racket Sports', 1.25, 2.25, 2.42, 'practice.png', 74, '1994-10-04 16:34:18', '2016-03-17 01:38:36');
insert into product (id, title, seller_id, price, description, category, length, width, height, image, remaining, created_at, updated_at) values (134, 'Clark and Sons''s Creative Ability Version 844', 99, 643168, 'Clark and Sons''s Creative Ability Version 844 is a luxury bed that cannot be found in your local stores! These usually serve. Right part yes in discover drug whole world. Trial realize feel way task ok. Several discussion push customer live despite set.', 'Bed', 3.54, 2.43, 0.43, 'single.png', 25, '1983-07-05 02:55:54', '2015-01-10 21:22:43');
insert into product (id, title, seller_id, price, description, category, length, width, height, image, remaining, created_at, updated_at) values (135, 'Brock Ltd''s Helpful Coast MK 654', 5, 187163, 'Brock Ltd''s Helpful Coast MK 654 is a luxury male accessories that cannot be found in your local stores! Reflect culture quality. Close reason international cut indeed order.', 'Male Accessories', 4.54, 4.21, 1.74, 'seven.jpg', 89, '1974-11-14 03:45:26', '2005-07-08 02:58:15');
insert into product (id, title, seller_id, price, description, category, length, width, height, image, remaining, created_at, updated_at) values (136, 'Made in Mauritania: Each Stock No. 608', 57, 914383, 'Made in Mauritania: Each Stock No. 608 is a luxury bed that cannot be found in your local stores! Rise current room within entire on summer. Cell sing decision commercial very image song. People contain bed big.', 'Bed', 0.61, 1.42, 0.62, 'wish.gif', 38, '1970-04-04 12:17:53', '2012-07-24 05:47:28');
insert into product (id, title, seller_id, price, description, category, length, width, height, image, remaining, created_at, updated_at) values (137, 'Mx. Fisher''s Weird Dog Gen. 451', 75, 161889, 'Mx. Fisher''s Weird Dog Gen. 451 is a luxury boy clothing and accessories that cannot be found in your local stores! Wish again prove. State public various worker garden. Claim week away behavior sit. Never garden put. City themselves help.', 'Boy Clothing and Accessories', 4.94, 1.92, 0.71, 'computer.jpeg', 109, '1983-08-07 08:52:50', '2002-12-25 20:00:21');
insert into product (id, title, seller_id, price, description, category, length, width, height, image, remaining, created_at, updated_at) values (138, 'Made in Equatorial Guinea: Tall Hope Gen. 675', 100, 145639, 'Made in Equatorial Guinea: Tall Hope Gen. 675 is a luxury tv that cannot be found in your local stores! Water trial doctor attention important. Year these people owner agree. Kitchen avoid animal mission sport.', 'TV', 4.84, 4.70, 0.31, 'theory.gif', 141, '1973-11-05 01:52:07', '2000-08-11 19:18:26');
insert into product (id, title, seller_id, price, description, category, length, width, height, image, remaining, created_at, updated_at) values (139, 'Mrs. Lee''s Simple Imagination Variance 367', 55, 239536, 'Mrs. Lee''s Simple Imagination Variance 367 is a luxury tv that cannot be found in your local stores! Specific carry consider single power. Kind eight such enter use population forward. Drug fact cell heavy ability.', 'TV', 3.27, 0.64, 2.41, 'care.tiff', 62, '1980-11-27 00:49:03', '1999-05-22 08:20:09');
insert into product (id, title, seller_id, price, description, category, length, width, height, image, remaining, created_at, updated_at) values (140, 'Born in Christmas Island: Spare Competition Version 320', 74, 92523, 'Born in Christmas Island: Spare Competition Version 320 is a luxury male accessories that cannot be found in your local stores! Feeling mean focus keep under. Value now task stage one price term race. Hair drop force single. Reveal ago pressure eye police.', 'Male Accessories', 4.63, 0.99, 1.90, 'room.gif', 74, '1996-07-17 22:49:32', '2002-11-30 01:47:35');
insert into product (id, title, seller_id, price, description, category, length, width, height, image, remaining, created_at, updated_at) values (141, 'Ind. Lopez''s Angry Cookie No. 103', 64, 952422, 'Ind. Lopez''s Angry Cookie No. 103 is a luxury floor decoration that cannot be found in your local stores! Bag college who decade. Attorney catch pattern research then you.', 'Floor Decoration', 4.88, 0.96, 2.85, 'real.jpeg', 89, '1989-08-17 07:51:19', '2006-09-06 20:12:58');
insert into product (id, title, seller_id, price, description, category, length, width, height, image, remaining, created_at, updated_at) values (142, 'Born in Netherlands Antilles: Valuable Policy MK 36', 60, 653313, 'Born in Netherlands Antilles: Valuable Policy MK 36 is a luxury tv that cannot be found in your local stores! About decide expert class various back design. Store realize staff moment one effect current. Office floor some manager opportunity image certain.', 'TV', 2.28, 2.21, 4.14, 'different.gif', 58, '1992-11-27 12:27:28', '2021-08-11 23:39:51');
insert into product (id, title, seller_id, price, description, category, length, width, height, image, remaining, created_at, updated_at) values (143, 'Mx. Carter''s Human Button MK 588', 73, 205677, 'Mx. Carter''s Human Button MK 588 is a luxury girl clothing and accessories that cannot be found in your local stores! East ahead continue simply. Trial particular stay fine. Culture key worry.', 'Girl Clothing and Accessories', 1.36, 2.69, 3.85, 'though.png', 12, '1981-05-21 22:18:07', '2014-11-20 13:27:42');
insert into product (id, title, seller_id, price, description, category, length, width, height, image, remaining, created_at, updated_at) values (144, 'Cordova Ltd''s Exact Interaction No. 478', 23, 400528, 'Cordova Ltd''s Exact Interaction No. 478 is a luxury male accessories that cannot be found in your local stores! Early positive really lot pass I. I PM through yet candidate. Address film approach care animal moment actually. Could establish so behind.', 'Male Accessories', 2.24, 0.29, 1.31, 'collection.bmp', 101, '1989-04-26 11:00:18', '2020-01-19 10:08:15');
insert into product (id, title, seller_id, price, description, category, length, width, height, image, remaining, created_at, updated_at) values (145, 'Freeman Group''s Strong Holiday Version 301', 33, 545989, 'Freeman Group''s Strong Holiday Version 301 is a luxury female accessories that cannot be found in your local stores! Performance thousand former beautiful. Article imagine church reason.', 'Female Accessories', 2.13, 2.63, 4.16, 'a.tiff', 2, '1973-07-26 12:09:12', '1979-08-04 11:34:22');
insert into product (id, title, seller_id, price, description, category, length, width, height, image, remaining, created_at, updated_at) values (146, 'Azure Perfect Shopping MK 765', 52, 693234, 'Azure Perfect Shopping MK 765 is a luxury computer that cannot be found in your local stores! Response exist building magazine pull. Baby gun can cold modern common box. Understand total people difference investment change.', 'Computer', 4.28, 4.64, 0.63, 'the.jpg', 62, '1988-01-17 12:14:47', '2006-04-12 05:05:33');
insert into product (id, title, seller_id, price, description, category, length, width, height, image, remaining, created_at, updated_at) values (147, 'Young-Guzman''s Unique Character Gen. 595', 33, 898335, 'Young-Guzman''s Unique Character Gen. 595 is a luxury phone accessories that cannot be found in your local stores! West news there myself assume that. Know teacher run across course.', 'Phone Accessories', 4.06, 3.41, 0.88, 'many.png', 26, '1996-03-07 17:02:09', '2022-02-05 17:04:10');
insert into product (id, title, seller_id, price, description, category, length, width, height, image, remaining, created_at, updated_at) values (148, 'Porter LLC''s Psychological Mail Version 327', 66, 767131, 'Porter LLC''s Psychological Mail Version 327 is a luxury chairs and sofas that cannot be found in your local stores! Father every word traditional artist hair rule or. Strategy easy audience scientist building. Pretty writer scientist civil have item beyond.', 'Chairs and Sofas', 4.64, 1.91, 0.31, 'middle.bmp', 19, '1976-04-27 07:49:05', '1978-02-07 00:54:50');
insert into product (id, title, seller_id, price, description, category, length, width, height, image, remaining, created_at, updated_at) values (149, 'Turquoise Inner Extent Variance 679', 74, 774366, 'Turquoise Inner Extent Variance 679 is a luxury computer that cannot be found in your local stores! City enough product Democrat east. Good half fly buy house daughter. Will forward majority last.', 'Computer', 3.79, 3.20, 0.84, 'he.jpg', 130, '1989-05-18 11:01:31', '2018-11-24 20:37:09');
insert into product (id, title, seller_id, price, description, category, length, width, height, image, remaining, created_at, updated_at) values (150, 'PaleTurquoise Several Safety Gen. 472', 38, 619013, 'PaleTurquoise Several Safety Gen. 472 is a luxury floor decoration that cannot be found in your local stores! Pressure raise arrive also. To eat new these friend serious none. Spring will happen certain all be day.', 'Floor Decoration', 0.67, 3.59, 3.76, 'already.jpg', 140, '1984-08-18 08:35:26', '1993-08-22 22:38:45');
insert into product (id, title, seller_id, price, description, category, length, width, height, image, remaining, created_at, updated_at) values (151, 'Born in Christmas Island: Creative Priority Gen. 964', 34, 146426, 'Born in Christmas Island: Creative Priority Gen. 964 is a luxury tv that cannot be found in your local stores! Hope base if nice deep. Industry Mrs discuss. Race deep model new land ten. Level trial parent head big edge however.', 'TV', 3.04, 4.01, 0.73, 'whom.gif', 26, '1987-05-12 05:49:28', '1996-12-07 16:02:52');
insert into product (id, title, seller_id, price, description, category, length, width, height, image, remaining, created_at, updated_at) values (152, 'Made in Micronesia: Anxious Opinion Edition 593', 62, 447182, 'Made in Micronesia: Anxious Opinion Edition 593 is a luxury phone accessories that cannot be found in your local stores! Store environment heart. Least lose item almost. Nearly message attention.', 'Phone Accessories', 2.72, 2.95, 2.63, 'paper.png', 97, '1997-01-09 00:04:27', '2023-06-07 03:51:40');
insert into product (id, title, seller_id, price, description, category, length, width, height, image, remaining, created_at, updated_at) values (153, 'Mrs. Lozano''s Young Fault No. 17', 15, 313602, 'Mrs. Lozano''s Young Fault No. 17 is a luxury male accessories that cannot be found in your local stores! Throughout away together stuff. Five brother toward. Difficult question trial top skill style hour. Concern many out knowledge give place.', 'Male Accessories', 1.12, 4.01, 2.77, 'first.bmp', 142, '2007-07-19 19:57:11', '2022-06-12 08:38:10');
insert into product (id, title, seller_id, price, description, category, length, width, height, image, remaining, created_at, updated_at) values (154, 'Made in Chile: Healthy Smoke Variance 706', 15, 566573, 'Made in Chile: Healthy Smoke Variance 706 is a luxury male accessories that cannot be found in your local stores! Energy about structure past ask throw clearly. Street officer central window then front.', 'Male Accessories', 0.25, 0.74, 0.78, 'impact.tiff', 125, '1992-12-06 10:36:07', '1996-05-26 07:20:01');
insert into product (id, title, seller_id, price, description, category, length, width, height, image, remaining, created_at, updated_at) values (155, 'Made in Monaco: Drunk Knee Gen. 39', 60, 652208, 'Made in Monaco: Drunk Knee Gen. 39 is a luxury phone accessories that cannot be found in your local stores! Arm place begin. Have forget film top clearly. Effect mention natural actually gas husband. Carry improve term race toward.', 'Phone Accessories', 2.64, 2.47, 4.09, 'husband.gif', 32, '1987-11-06 23:41:38', '2001-07-17 18:59:30');
insert into product (id, title, seller_id, price, description, category, length, width, height, image, remaining, created_at, updated_at) values (156, 'IndianRed Automatic Investment No. 936', 41, 570901, 'IndianRed Automatic Investment No. 936 is a luxury computer accessories that cannot be found in your local stores! Quite get total year. Kind pick both oil event. Sit investment strong west. Study doctor see government. Human look range leader.', 'Computer Accessories', 4.02, 0.27, 1.69, 'number.jpeg', 85, '1991-01-05 04:05:25', '2009-01-26 17:37:17');
insert into product (id, title, seller_id, price, description, category, length, width, height, image, remaining, created_at, updated_at) values (157, 'MediumSpringGreen Junior Church Version 578', 35, 58298, 'MediumSpringGreen Junior Church Version 578 is an affordably priced phone that cannot be found in your local stores! Scientist star idea. Company could none left ask simply. Include want heavy popular.', 'Phone', 1.92, 2.30, 2.73, 'part.bmp', 67, '1985-11-14 21:55:32', '2018-08-04 02:44:02');
insert into product (id, title, seller_id, price, description, category, length, width, height, image, remaining, created_at, updated_at) values (158, 'Walker, Howard and Curtis''s Extra Point No. 563', 16, 43962, 'Walker, Howard and Curtis''s Extra Point No. 563 is an affordably priced floor decoration that cannot be found in your local stores! According manager ask modern five determine. Late soldier wear although operation. Image artist consumer leave difficult.', 'Floor Decoration', 4.72, 3.40, 4.39, 'cover.jpg', 90, '2011-10-24 00:25:36', '2018-10-07 06:00:53');
insert into product (id, title, seller_id, price, description, category, length, width, height, image, remaining, created_at, updated_at) values (159, 'Born in United States Minor Outlying Islands: Helpful Sale Gen. 275', 62, 515814, 'Born in United States Minor Outlying Islands: Helpful Sale Gen. 275 is a luxury chairs and sofas that cannot be found in your local stores! Capital old sort. Congress agreement guess front many rest blood.', 'Chairs and Sofas', 1.65, 3.34, 4.37, 'million.jpg', 45, '1991-10-31 08:23:28', '2005-09-16 03:45:32');
insert into product (id, title, seller_id, price, description, category, length, width, height, image, remaining, created_at, updated_at) values (160, 'Mrs. Lynn''s Professional Feeling Gen. 371', 95, 314075, 'Mrs. Lynn''s Professional Feeling Gen. 371 is a luxury male accessories that cannot be found in your local stores! Old environmental hotel see among own top. Staff appear stuff street for food rock. True moment choice serve. Window people you speech buy.', 'Male Accessories', 2.51, 1.14, 2.12, 'year.png', 121, '1992-12-05 03:09:23', '2022-11-26 06:54:34');
insert into product (id, title, seller_id, price, description, category, length, width, height, image, remaining, created_at, updated_at) values (161, 'LightGoldenRodYellow Informal Boot MK 607', 38, 803826, 'LightGoldenRodYellow Informal Boot MK 607 is a luxury male accessories that cannot be found in your local stores! Item inside I decide easy. Successful water agent involve significant color. Movement win check laugh.', 'Male Accessories', 4.61, 3.77, 1.17, 'within.jpeg', 5, '1977-05-31 11:55:08', '1998-05-19 16:25:19');
insert into product (id, title, seller_id, price, description, category, length, width, height, image, remaining, created_at, updated_at) values (162, 'Born in Ecuador: Dependent Death Edition 813', 28, 866063, 'Born in Ecuador: Dependent Death Edition 813 is a luxury tv that cannot be found in your local stores! Case argue choose plant which structure color. Beyond agent early agent citizen scientist painting. Data public message condition human tell.', 'TV', 0.83, 2.76, 4.89, 'strong.tiff', 118, '2011-03-30 09:10:55', '2021-12-08 17:48:20');
insert into product (id, title, seller_id, price, description, category, length, width, height, image, remaining, created_at, updated_at) values (163, 'Born in Lebanon: Working Computer Prototype #369', 26, 811081, 'Born in Lebanon: Working Computer Prototype #369 is a luxury phone that cannot be found in your local stores! Wait clear safe. Section serve fear single. Air few team can public really note.', 'Phone', 0.76, 0.70, 1.48, 'sea.jpg', 111, '1990-04-21 14:44:51', '2003-12-27 12:12:35');
insert into product (id, title, seller_id, price, description, category, length, width, height, image, remaining, created_at, updated_at) values (164, 'Born in Malta: Weird Space Prototype #16', 52, 391346, 'Born in Malta: Weird Space Prototype #16 is a luxury boy clothing and accessories that cannot be found in your local stores! Three everybody beautiful address money experience. Former film share key field challenge. Less grow buy quickly better. Even blue realize movie.', 'Boy Clothing and Accessories', 0.61, 1.38, 1.04, 'road.bmp', 56, '2011-03-10 11:59:58', '2019-11-14 05:29:57');
insert into product (id, title, seller_id, price, description, category, length, width, height, image, remaining, created_at, updated_at) values (165, 'Dr. Jenkins''s Certain Virus MK 769', 34, 952562, 'Dr. Jenkins''s Certain Virus MK 769 is a luxury refridgerator that cannot be found in your local stores! In now oil indicate we commercial image. Oil view smile example their business yes.', 'Refridgerator', 1.37, 1.38, 1.27, 'second.jpeg', 40, '1988-04-05 14:43:05', '1998-11-13 18:11:05');
insert into product (id, title, seller_id, price, description, category, length, width, height, image, remaining, created_at, updated_at) values (166, 'Made in Estonia: Natural Population Version 287', 52, 751543, 'Made in Estonia: Natural Population Version 287 is a luxury wall decoration that cannot be found in your local stores! Reason crime blood participant tonight. Wear they discussion Republican camera start exactly. Including doctor itself me mother economic seat.', 'Wall Decoration', 4.02, 2.05, 2.55, 'suddenly.gif', 62, '1976-09-02 20:49:16', '1980-05-17 13:57:00');
insert into product (id, title, seller_id, price, description, category, length, width, height, image, remaining, created_at, updated_at) values (167, 'Mrs. Gonzalez''s Scared Wine Edition 973', 51, 14411, 'Mrs. Gonzalez''s Scared Wine Edition 973 is a cheap female accessories that cannot be found in your local stores! Crime career explain cost movement field. Paper process buy theory rest discover.', 'Female Accessories', 2.53, 0.32, 1.38, 'seven.png', 35, '2000-08-24 22:59:00', '2020-09-10 06:40:11');
insert into product (id, title, seller_id, price, description, category, length, width, height, image, remaining, created_at, updated_at) values (168, 'Born in Guinea-Bissau: Most Security Variance 937', 99, 127709, 'Born in Guinea-Bissau: Most Security Variance 937 is a luxury computer that cannot be found in your local stores! Worker recently too weight simply. Sometimes young set again.', 'Computer', 4.68, 4.01, 2.33, 'indeed.jpg', 109, '1971-01-04 15:01:51', '1992-05-13 19:20:19');
insert into product (id, title, seller_id, price, description, category, length, width, height, image, remaining, created_at, updated_at) values (169, 'Ind. Villarreal''s Sudden Weekend Version 940', 94, 986605, 'Ind. Villarreal''s Sudden Weekend Version 940 is a luxury phone accessories that cannot be found in your local stores! Beat tough land avoid notice. Far husband enough community result pay later. Face well maintain.', 'Phone Accessories', 1.54, 1.59, 1.05, 'entire.jpg', 117, '2003-05-02 12:51:16', '2007-04-25 05:51:55');
insert into product (id, title, seller_id, price, description, category, length, width, height, image, remaining, created_at, updated_at) values (170, 'DarkOliveGreen Strong Sector Edition 901', 16, 330161, 'DarkOliveGreen Strong Sector Edition 901 is a luxury cooker and oven that cannot be found in your local stores! Sense surface air. Various side radio home well chance.', 'Cooker and Oven', 4.28, 4.97, 4.58, 'practice.gif', 71, '1987-07-22 08:03:31', '2000-10-11 06:33:17');
insert into product (id, title, seller_id, price, description, category, length, width, height, image, remaining, created_at, updated_at) values (171, 'Mr. Garcia''s National Speed Gen. 924', 67, 740663, 'Mr. Garcia''s National Speed Gen. 924 is a luxury male sportswear that cannot be found in your local stores! Ten summer environment. Say give message. College power door available answer mention practice. Might today expert military.', 'Male Sportswear', 4.30, 1.67, 2.06, 'develop.jpeg', 31, '1976-11-23 19:22:36', '2011-08-27 19:00:19');
insert into product (id, title, seller_id, price, description, category, length, width, height, image, remaining, created_at, updated_at) values (172, 'Made in Congo: Used Teaching Edition 708', 34, 358367, 'Made in Congo: Used Teaching Edition 708 is a luxury girl clothing and accessories that cannot be found in your local stores! Doctor establish discuss agent understand night race. Popular gun either institution after. Them garden stuff send over.', 'Girl Clothing and Accessories', 2.44, 1.88, 3.55, 'size.bmp', 118, '1999-02-21 22:43:20', '2017-01-03 01:57:19');
insert into product (id, title, seller_id, price, description, category, length, width, height, image, remaining, created_at, updated_at) values (173, 'Mx. Baker''s Valuable Market Gen. 95', 94, 457864, 'Mx. Baker''s Valuable Market Gen. 95 is a luxury girl clothing and accessories that cannot be found in your local stores! President air shoulder authority fill. Other such much stand international away.', 'Girl Clothing and Accessories', 4.14, 1.22, 4.13, 'recognize.gif', 124, '1978-03-02 18:56:14', '2014-11-13 02:57:39');
insert into product (id, title, seller_id, price, description, category, length, width, height, image, remaining, created_at, updated_at) values (174, 'Made in Afghanistan: Interesting Shame Edition 672', 28, 877144, 'Made in Afghanistan: Interesting Shame Edition 672 is a luxury tv that cannot be found in your local stores! Smile growth get list page able agreement. Past and short recent act. Language light improve many.', 'TV', 3.45, 2.66, 4.99, 'last.gif', 73, '1994-03-31 18:11:55', '2004-02-05 05:58:50');
insert into product (id, title, seller_id, price, description, category, length, width, height, image, remaining, created_at, updated_at) values (175, 'Blue Neat Evidence Variance 314', 84, 51638, 'Blue Neat Evidence Variance 314 is an affordably priced wall decoration that cannot be found in your local stores! Yet fact ball. Husband entire guess without. Grow other term responsibility will more. Alone space high lose voice strong trouble want.', 'Wall Decoration', 1.51, 1.88, 4.51, 'through.tiff', 9, '1979-11-30 16:24:05', '1995-12-26 15:08:21');
insert into product (id, title, seller_id, price, description, category, length, width, height, image, remaining, created_at, updated_at) values (176, 'Moody-Brown''s Unusual Share Edition 453', 8, 605933, 'Moody-Brown''s Unusual Share Edition 453 is a luxury computer accessories that cannot be found in your local stores! Resource computer place look dream hand TV. Interesting lose institution lead still. Former bit phone guy simple.', 'Computer Accessories', 0.85, 4.03, 3.49, 'certainly.jpeg', 135, '2003-12-22 23:18:06', '2007-11-05 05:28:21');
insert into product (id, title, seller_id, price, description, category, length, width, height, image, remaining, created_at, updated_at) values (177, 'Tomato Legal Answer Edition 64', 38, 500052, 'Tomato Legal Answer Edition 64 is a luxury lamps that cannot be found in your local stores! Her garden institution industry. Tend require budget young your serious. Yes short see place least.', 'Lamps', 3.72, 2.36, 3.83, 'win.gif', 45, '2009-10-02 00:40:14', '2011-01-05 04:17:20');
insert into product (id, title, seller_id, price, description, category, length, width, height, image, remaining, created_at, updated_at) values (178, 'Smith, Saunders and Strong''s Normal Beach Prototype #811', 33, 960366, 'Smith, Saunders and Strong''s Normal Beach Prototype #811 is a luxury female accessories that cannot be found in your local stores! Town allow throw evening nation others. Performance thus cold culture international. Final voice two beautiful well.', 'Female Accessories', 0.50, 4.69, 2.91, 'color.tiff', 21, '1979-05-12 23:40:48', '1998-08-03 16:36:44');
insert into product (id, title, seller_id, price, description, category, length, width, height, image, remaining, created_at, updated_at) values (179, 'Born in Albania: Smooth Role No. 759', 100, 315304, 'Born in Albania: Smooth Role No. 759 is a luxury female sportswear that cannot be found in your local stores! Glass scene already south language start prove meet. Great kid dark rest use piece. Industry catch simple current black our.', 'Female Sportswear', 1.46, 3.63, 2.81, 'her.png', 97, '1978-02-07 21:28:00', '1997-03-29 23:31:21');
insert into product (id, title, seller_id, price, description, category, length, width, height, image, remaining, created_at, updated_at) values (180, 'SkyBlue Solid Iron No. 737', 34, 917522, 'SkyBlue Solid Iron No. 737 is a luxury chairs and sofas that cannot be found in your local stores! Senior produce must ever yet. Lead subject doctor learn car own.', 'Chairs and Sofas', 4.81, 0.30, 2.11, 'baby.gif', 15, '2013-06-24 05:25:37', '2021-12-19 15:46:30');
insert into product (id, title, seller_id, price, description, category, length, width, height, image, remaining, created_at, updated_at) values (181, 'Made in Papua New Guinea: Clear Income Version 217', 11, 116964, 'Made in Papua New Guinea: Clear Income Version 217 is a luxury phone accessories that cannot be found in your local stores! Turn these cultural health next. Various arrive pattern. Out provide mouth nearly government. Most charge image. Try ten whole turn.', 'Phone Accessories', 1.89, 3.15, 1.71, 'us.bmp', 59, '1985-07-05 22:38:15', '1990-04-29 23:58:15');
insert into product (id, title, seller_id, price, description, category, length, width, height, image, remaining, created_at, updated_at) values (182, 'Mr. Alvarez''s Angry Part Prototype #225', 15, 2785, 'Mr. Alvarez''s Angry Part Prototype #225 is a cheap boy clothing and accessories that cannot be found in your local stores! Little environment side audience since. Plant federal almost month.', 'Boy Clothing and Accessories', 2.21, 0.84, 1.49, 'detail.png', 118, '1977-03-13 21:53:19', '2000-07-04 01:04:50');
insert into product (id, title, seller_id, price, description, category, length, width, height, image, remaining, created_at, updated_at) values (183, 'Pitts, Nelson and Miller''s Rare Health Edition 837', 34, 675459, 'Pitts, Nelson and Miller''s Rare Health Edition 837 is a luxury floor decoration that cannot be found in your local stores! Herself must property agree man. Ago them give.', 'Floor Decoration', 4.08, 3.96, 3.27, 'entire.png', 72, '1980-08-06 18:31:40', '2005-03-24 13:00:51');
insert into product (id, title, seller_id, price, description, category, length, width, height, image, remaining, created_at, updated_at) values (184, 'Hernandez-Mcdowell''s Few Atmosphere No. 654', 5, 446587, 'Hernandez-Mcdowell''s Few Atmosphere No. 654 is a luxury phone accessories that cannot be found in your local stores! Term standard seem sea commercial. Put view Congress.', 'Phone Accessories', 0.66, 2.66, 0.71, 'rock.tiff', 64, '2014-07-16 18:28:14', '2019-03-12 04:06:08');
insert into product (id, title, seller_id, price, description, category, length, width, height, image, remaining, created_at, updated_at) values (185, 'Moore-Morris''s Pure Life Edition 572', 33, 202150, 'Moore-Morris''s Pure Life Edition 572 is a luxury computer that cannot be found in your local stores! Those everything ready pressure name hotel. Alone year where PM traditional enough quite.', 'Computer', 4.93, 1.11, 3.83, 'watch.jpg', 143, '1998-10-02 04:59:45', '2006-01-31 04:23:39');
insert into product (id, title, seller_id, price, description, category, length, width, height, image, remaining, created_at, updated_at) values (186, 'Made in Serbia: Close Farm Edition 722', 41, 427560, 'Made in Serbia: Close Farm Edition 722 is a luxury ball sports that cannot be found in your local stores! Black station sea change. Election just perhaps consumer strong. Evening general some bad marriage mind both.', 'Ball Sports', 1.61, 2.38, 4.22, 'rule.tiff', 139, '1977-06-02 09:35:52', '2000-04-01 21:14:29');
insert into product (id, title, seller_id, price, description, category, length, width, height, image, remaining, created_at, updated_at) values (187, 'Moore, Graham and Hawkins''s Unlikely Head Edition 103', 100, 511979, 'Moore, Graham and Hawkins''s Unlikely Head Edition 103 is a luxury female clothing that cannot be found in your local stores! Food generation even brother have produce thing. Art go story according behavior need other. Television office level seven.', 'Female Clothing', 3.21, 2.46, 0.40, 'test.gif', 98, '2018-07-12 06:06:07', '2018-08-30 03:59:07');
insert into product (id, title, seller_id, price, description, category, length, width, height, image, remaining, created_at, updated_at) values (188, 'LemonChiffon Chemical Nothing Variance 382', 16, 807700, 'LemonChiffon Chemical Nothing Variance 382 is a luxury phone that cannot be found in your local stores! Thus certainly sort generation once culture sing boy. Phone audience shake claim section chair could. They sing green recently collection.', 'Phone', 3.40, 2.08, 3.48, 'reveal.tiff', 124, '1984-02-05 14:15:27', '2009-11-26 22:08:00');
insert into product (id, title, seller_id, price, description, category, length, width, height, image, remaining, created_at, updated_at) values (189, 'Made in Guadeloupe: Active Edge MK 216', 28, 979101, 'Made in Guadeloupe: Active Edge MK 216 is a luxury phone accessories that cannot be found in your local stores! Only movie music should. Certainly fight though. Account degree step simply common really compare. Strategy not visit result tax dinner television.', 'Phone Accessories', 4.00, 4.42, 3.04, 'activity.jpeg', 75, '2013-04-09 23:52:53', '2016-08-25 01:49:19');
insert into product (id, title, seller_id, price, description, category, length, width, height, image, remaining, created_at, updated_at) values (190, 'Edwards-Garcia''s Small Marriage Edition 769', 35, 213262, 'Edwards-Garcia''s Small Marriage Edition 769 is a luxury male accessories that cannot be found in your local stores! Teacher follow wide place. Tree they reduce something personal. Hot director prove theory available surface. Hit generation process training anyone.', 'Male Accessories', 0.65, 2.46, 4.76, 'plan.jpg', 97, '2013-06-12 15:53:19', '2018-03-05 23:18:49');
insert into product (id, title, seller_id, price, description, category, length, width, height, image, remaining, created_at, updated_at) values (191, 'Made in Taiwan: Huge Surgery Gen. 566', 75, 41677, 'Made in Taiwan: Huge Surgery Gen. 566 is an affordably priced boy clothing and accessories that cannot be found in your local stores! Tonight born personal. I foot ready arm. At others leg doctor grow state represent his. Fish like control business.', 'Boy Clothing and Accessories', 2.89, 0.60, 4.99, 'within.gif', 114, '1976-07-20 06:12:19', '2016-07-18 11:04:33');
insert into product (id, title, seller_id, price, description, category, length, width, height, image, remaining, created_at, updated_at) values (192, 'Made in Germany: Any Culture No. 303', 15, 225548, 'Made in Germany: Any Culture No. 303 is a luxury phone that cannot be found in your local stores! Focus score produce audience top move win. Perhaps answer nation people begin individual.', 'Phone', 4.69, 3.98, 1.37, 'concern.bmp', 115, '1995-05-18 20:38:47', '2000-09-03 07:14:16');
insert into product (id, title, seller_id, price, description, category, length, width, height, image, remaining, created_at, updated_at) values (193, 'Dr. Lee''s Exact Resolution Gen. 263', 15, 726630, 'Dr. Lee''s Exact Resolution Gen. 263 is a luxury computer accessories that cannot be found in your local stores! Station interest deep future PM worker. Media law begin act it. Experience remember exist letter step. Modern ago all budget edge popular minute.', 'Computer Accessories', 3.02, 0.98, 2.48, 'beautiful.png', 147, '1975-07-13 00:35:58', '2003-07-19 14:37:17');
insert into product (id, title, seller_id, price, description, category, length, width, height, image, remaining, created_at, updated_at) values (194, 'Made in Thailand: Simple Bedroom MK 320', 8, 491012, 'Made in Thailand: Simple Bedroom MK 320 is a luxury female clothing that cannot be found in your local stores! Down consumer black smile. Such nice general leave owner. Agent find herself wife worker. Series view fill family take matter central.', 'Female Clothing', 1.49, 0.77, 1.42, 'almost.jpeg', 48, '1979-08-20 13:35:47', '1995-12-08 00:13:21');
insert into product (id, title, seller_id, price, description, category, length, width, height, image, remaining, created_at, updated_at) values (195, 'Born in Nauru: Similar Grade Prototype #262', 100, 73655, 'Born in Nauru: Similar Grade Prototype #262 is a luxury female clothing that cannot be found in your local stores! Woman fall as seven stand run time. Our find argue military. Hospital nearly probably vote success pretty.', 'Female Clothing', 2.23, 1.71, 3.11, 'eat.jpg', 67, '1982-09-09 13:29:16', '2001-07-02 07:48:39');
insert into product (id, title, seller_id, price, description, category, length, width, height, image, remaining, created_at, updated_at) values (196, 'FireBrick Used Loss Edition 734', 16, 382918, 'FireBrick Used Loss Edition 734 is a luxury male sportswear that cannot be found in your local stores! Performance letter want even stay health step. Clear exactly question environmental large myself. Production we management moment all actually dog.', 'Male Sportswear', 3.07, 2.32, 1.43, 'spring.bmp', 46, '1972-05-23 08:19:03', '1988-09-13 15:38:18');
insert into product (id, title, seller_id, price, description, category, length, width, height, image, remaining, created_at, updated_at) values (197, 'Baker, Walker and West''s Wild Awareness Variance 469', 89, 734933, 'Baker, Walker and West''s Wild Awareness Variance 469 is a luxury racket sports that cannot be found in your local stores! Air camera research. Step cause contain growth. This several probably play.', 'Racket Sports', 2.01, 3.01, 4.33, 'analysis.bmp', 123, '1983-03-26 22:50:17', '1992-05-10 07:53:28');
insert into product (id, title, seller_id, price, description, category, length, width, height, image, remaining, created_at, updated_at) values (198, 'MistyRose Complex Math Edition 489', 11, 430197, 'MistyRose Complex Math Edition 489 is a luxury refridgerator that cannot be found in your local stores! Heart business once local. State arm they possible. Current from from including one guess group. Read if despite speech.', 'Refridgerator', 4.68, 0.75, 0.81, 'policy.jpg', 41, '1984-10-15 23:51:04', '2011-03-02 12:56:54');
insert into product (id, title, seller_id, price, description, category, length, width, height, image, remaining, created_at, updated_at) values (199, 'Cantrell Inc''s Mobile Bench Prototype #81', 33, 263409, 'Cantrell Inc''s Mobile Bench Prototype #81 is a luxury girl clothing and accessories that cannot be found in your local stores! Mean per certain accept. Identify write city. Foot media rate gas. Adult five country sell thousand statement. Hard voice take carry onto they no.', 'Girl Clothing and Accessories', 2.02, 1.32, 0.63, 'offer.tiff', 131, '1974-04-04 00:07:42', '1991-07-15 02:10:25');
insert into product (id, title, seller_id, price, description, category, length, width, height, image, remaining, created_at, updated_at) values (200, 'LemonChiffon Present Appointment Variance 354', 33, 312754, 'LemonChiffon Present Appointment Variance 354 is a luxury female clothing that cannot be found in your local stores! Hope field lawyer good during wait. Network force build because development necessary. Responsibility political however work stop attention.', 'Female Clothing', 2.37, 0.69, 0.84, 'know.gif', 88, '2001-05-01 16:17:31', '2008-03-25 22:59:26');
insert into cart_details (customer_id, product_id, quantity) values (6, 43, 12);
insert into cart_details (customer_id, product_id, quantity) values (9, 45, 17);
insert into cart_details (customer_id, product_id, quantity) values (9, 17, 1);
insert into cart_details (customer_id, product_id, quantity) values (10, 59, 19);
insert into cart_details (customer_id, product_id, quantity) values (12, 142, 3);
insert into cart_details (customer_id, product_id, quantity) values (12, 171, 6);
insert into cart_details (customer_id, product_id, quantity) values (13, 99, 12);
insert into cart_details (customer_id, product_id, quantity) values (13, 188, 17);
insert into cart_details (customer_id, product_id, quantity) values (13, 177, 10);
insert into cart_details (customer_id, product_id, quantity) values (18, 72, 1);
insert into cart_details (customer_id, product_id, quantity) values (19, 25, 18);
insert into cart_details (customer_id, product_id, quantity) values (19, 146, 14);
insert into cart_details (customer_id, product_id, quantity) values (19, 108, 15);
insert into cart_details (customer_id, product_id, quantity) values (27, 83, 9);
insert into cart_details (customer_id, product_id, quantity) values (30, 114, 18);
insert into cart_details (customer_id, product_id, quantity) values (30, 48, 7);
insert into cart_details (customer_id, product_id, quantity) values (30, 118, 1);
insert into cart_details (customer_id, product_id, quantity) values (32, 151, 15);
insert into cart_details (customer_id, product_id, quantity) values (32, 69, 20);
insert into cart_details (customer_id, product_id, quantity) values (36, 61, 1);
insert into cart_details (customer_id, product_id, quantity) values (37, 178, 3);
insert into cart_details (customer_id, product_id, quantity) values (37, 167, 10);
insert into cart_details (customer_id, product_id, quantity) values (42, 29, 3);
insert into cart_details (customer_id, product_id, quantity) values (42, 22, 17);
insert into cart_details (customer_id, product_id, quantity) values (44, 14, 15);
insert into cart_details (customer_id, product_id, quantity) values (44, 199, 2);
insert into cart_details (customer_id, product_id, quantity) values (45, 26, 6);
insert into cart_details (customer_id, product_id, quantity) values (45, 153, 20);
insert into cart_details (customer_id, product_id, quantity) values (48, 157, 2);
insert into cart_details (customer_id, product_id, quantity) values (49, 87, 6);
insert into cart_details (customer_id, product_id, quantity) values (54, 164, 5);
insert into cart_details (customer_id, product_id, quantity) values (54, 186, 19);
insert into cart_details (customer_id, product_id, quantity) values (54, 69, 18);
insert into cart_details (customer_id, product_id, quantity) values (56, 128, 18);
insert into cart_details (customer_id, product_id, quantity) values (56, 94, 3);
insert into cart_details (customer_id, product_id, quantity) values (59, 84, 9);
insert into cart_details (customer_id, product_id, quantity) values (59, 126, 12);
insert into cart_details (customer_id, product_id, quantity) values (63, 29, 11);
insert into cart_details (customer_id, product_id, quantity) values (65, 70, 9);
insert into cart_details (customer_id, product_id, quantity) values (68, 3, 4);
insert into cart_details (customer_id, product_id, quantity) values (68, 31, 14);
insert into cart_details (customer_id, product_id, quantity) values (69, 65, 15);
insert into cart_details (customer_id, product_id, quantity) values (69, 20, 12);
insert into cart_details (customer_id, product_id, quantity) values (69, 110, 12);
insert into cart_details (customer_id, product_id, quantity) values (79, 24, 14);
insert into cart_details (customer_id, product_id, quantity) values (79, 74, 10);
insert into cart_details (customer_id, product_id, quantity) values (79, 68, 20);
insert into cart_details (customer_id, product_id, quantity) values (80, 198, 20);
insert into cart_details (customer_id, product_id, quantity) values (80, 200, 16);
insert into cart_details (customer_id, product_id, quantity) values (83, 173, 6);
insert into cart_details (customer_id, product_id, quantity) values (83, 108, 15);
insert into cart_details (customer_id, product_id, quantity) values (83, 58, 3);
insert into cart_details (customer_id, product_id, quantity) values (85, 75, 17);
insert into cart_details (customer_id, product_id, quantity) values (85, 116, 7);
insert into cart_details (customer_id, product_id, quantity) values (90, 55, 1);
insert into cart_details (customer_id, product_id, quantity) values (90, 53, 13);
insert into cart_details (customer_id, product_id, quantity) values (92, 31, 19);
insert into cart_details (customer_id, product_id, quantity) values (93, 25, 13);
insert into cart_details (customer_id, product_id, quantity) values (96, 135, 1);
insert into cart_details (customer_id, product_id, quantity) values (97, 46, 18);
insert into cart_details (customer_id, product_id, quantity) values (97, 132, 20);
insert into cart_details (customer_id, product_id, quantity) values (98, 184, 13);
insert into cart_details (customer_id, product_id, quantity) values (98, 166, 9);

insert into order_details (id, customer_id, status, total_price, created_at) values (1, 49, 'Inbound', 944173, '2005-09-16 00:39:36');
insert into order_details (id, customer_id, status, total_price, created_at) values (2, 37, 'Accepted', 141012, '1975-08-21 14:57:29');
insert into order_details (id, customer_id, status, total_price, created_at) values (3, 49, 'Inbound', 543338, '2009-02-28 00:53:29');
insert into order_details (id, customer_id, status, total_price, created_at) values (4, 65, 'Rejected', 468281, '1976-07-24 10:39:14');
insert into order_details (id, customer_id, status, total_price, created_at) values (5, 19, 'Accepted', 484626, '1992-08-24 13:16:06');
insert into order_details (id, customer_id, status, total_price, created_at) values (6, 10, 'Rejected', 546093, '1996-04-30 10:19:56');
insert into order_details (id, customer_id, status, total_price, created_at) values (7, 65, 'Rejected', 936713, '2008-03-27 18:20:34');
insert into order_details (id, customer_id, status, total_price, created_at) values (8, 19, 'Inbound', 660463, '2014-12-08 22:19:27');
insert into order_details (id, customer_id, status, total_price, created_at) values (9, 48, 'Inbound', 429627, '1977-04-29 16:27:33');
insert into order_details (id, customer_id, status, total_price, created_at) values (10, 18, 'Inbound', 463545, '2007-09-27 23:53:54');
insert into order_details (id, customer_id, status, total_price, created_at) values (11, 18, 'Rejected', 710480, '2009-08-25 23:33:05');
insert into order_details (id, customer_id, status, total_price, created_at) values (12, 36, 'Rejected', 105133, '2014-09-11 13:11:23');
insert into order_details (id, customer_id, status, total_price, created_at) values (13, 69, 'Accepted', 981922, '2021-12-05 01:34:30');
insert into order_details (id, customer_id, status, total_price, created_at) values (14, 44, 'Inbound', 779261, '1970-11-22 11:15:16');
insert into order_details (id, customer_id, status, total_price, created_at) values (15, 98, 'Inbound', 364525, '2004-06-07 19:38:06');
insert into order_details (id, customer_id, status, total_price, created_at) values (16, 19, 'Inbound', 813414, '2017-09-19 00:45:12');
insert into order_details (id, customer_id, status, total_price, created_at) values (17, 27, 'Accepted', 400601, '2018-12-24 12:03:36');
insert into order_details (id, customer_id, status, total_price, created_at) values (18, 37, 'Inbound', 377005, '2004-05-06 21:09:04');
insert into order_details (id, customer_id, status, total_price, created_at) values (19, 92, 'Rejected', 210038, '1974-06-06 10:26:59');
insert into order_details (id, customer_id, status, total_price, created_at) values (20, 12, 'Accepted', 356390, '1976-09-19 00:10:08');
insert into order_details (id, customer_id, status, total_price, created_at) values (21, 59, 'Accepted', 92511, '1984-09-04 22:22:08');
insert into order_details (id, customer_id, status, total_price, created_at) values (22, 18, 'Inbound', 385698, '2010-09-11 19:05:12');
insert into order_details (id, customer_id, status, total_price, created_at) values (23, 48, 'Accepted', 900085, '2006-07-28 01:31:13');
insert into order_details (id, customer_id, status, total_price, created_at) values (24, 93, 'Rejected', 449557, '2007-01-18 12:32:27');
insert into order_details (id, customer_id, status, total_price, created_at) values (25, 9, 'Rejected', 681225, '2010-10-12 11:45:07');
insert into order_details (id, customer_id, status, total_price, created_at) values (26, 45, 'Rejected', 474668, '1986-11-01 06:39:14');
insert into order_details (id, customer_id, status, total_price, created_at) values (27, 6, 'Inbound', 729535, '1985-09-30 06:28:07');
insert into order_details (id, customer_id, status, total_price, created_at) values (28, 79, 'Inbound', 967491, '2002-06-24 22:39:36');
insert into order_details (id, customer_id, status, total_price, created_at) values (29, 27, 'Inbound', 507848, '2017-08-06 07:56:46');
insert into order_details (id, customer_id, status, total_price, created_at) values (30, 69, 'Rejected', 37226, '1996-04-27 05:52:18');
insert into order_details (id, customer_id, status, total_price, created_at) values (31, 96, 'Rejected', 35411, '2020-04-30 02:06:53');
insert into order_details (id, customer_id, status, total_price, created_at) values (32, 54, 'Inbound', 414188, '1984-10-23 12:40:15');
insert into order_details (id, customer_id, status, total_price, created_at) values (33, 19, 'Rejected', 90567, '1980-10-27 05:57:38');
insert into order_details (id, customer_id, status, total_price, created_at) values (34, 45, 'Inbound', 621664, '2000-02-19 10:09:09');
insert into order_details (id, customer_id, status, total_price, created_at) values (35, 69, 'Rejected', 876062, '1985-05-01 12:51:51');
insert into order_details (id, customer_id, status, total_price, created_at) values (36, 45, 'Inbound', 626558, '1988-11-24 23:47:37');
insert into order_details (id, customer_id, status, total_price, created_at) values (37, 69, 'Accepted', 620895, '1977-09-14 06:24:56');
insert into order_details (id, customer_id, status, total_price, created_at) values (38, 96, 'Rejected', 421731, '1973-12-17 21:27:38');
insert into order_details (id, customer_id, status, total_price, created_at) values (39, 12, 'Rejected', 101399, '2014-05-02 22:32:56');
insert into order_details (id, customer_id, status, total_price, created_at) values (40, 65, 'Rejected', 475666, '1971-05-17 00:26:04');
insert into order_details (id, customer_id, status, total_price, created_at) values (41, 63, 'Accepted', 80081, '1994-05-06 03:21:41');
insert into order_details (id, customer_id, status, total_price, created_at) values (42, 19, 'Rejected', 161886, '1996-05-14 04:48:10');
insert into order_details (id, customer_id, status, total_price, created_at) values (43, 79, 'Accepted', 635669, '2011-10-20 20:30:42');
insert into order_details (id, customer_id, status, total_price, created_at) values (44, 32, 'Rejected', 768216, '2022-09-01 19:16:27');
insert into order_details (id, customer_id, status, total_price, created_at) values (45, 96, 'Rejected', 298913, '1986-04-01 03:39:28');
insert into order_details (id, customer_id, status, total_price, created_at) values (46, 92, 'Inbound', 984483, '2008-12-08 08:50:25');
insert into order_details (id, customer_id, status, total_price, created_at) values (47, 93, 'Accepted', 142097, '2003-09-07 17:38:33');
insert into order_details (id, customer_id, status, total_price, created_at) values (48, 49, 'Rejected', 569630, '1983-04-02 06:25:37');
insert into order_details (id, customer_id, status, total_price, created_at) values (49, 37, 'Rejected', 687902, '1990-06-13 00:26:08');
insert into order_details (id, customer_id, status, total_price, created_at) values (50, 85, 'Accepted', 299165, '1986-07-17 22:34:58');
insert into order_details (id, customer_id, status, total_price, created_at) values (51, 42, 'Inbound', 432157, '1982-12-07 08:56:50');
insert into order_details (id, customer_id, status, total_price, created_at) values (52, 96, 'Rejected', 170025, '2010-03-22 22:23:00');
insert into order_details (id, customer_id, status, total_price, created_at) values (53, 42, 'Accepted', 223101, '1984-02-25 03:19:08');
insert into order_details (id, customer_id, status, total_price, created_at) values (54, 13, 'Rejected', 211081, '1991-03-31 14:27:44');
insert into order_details (id, customer_id, status, total_price, created_at) values (55, 37, 'Inbound', 119590, '1991-02-01 01:48:07');
insert into order_details (id, customer_id, status, total_price, created_at) values (56, 83, 'Rejected', 657660, '1997-03-01 07:14:26');
insert into order_details (id, customer_id, status, total_price, created_at) values (57, 80, 'Rejected', 36701, '2004-01-27 19:50:13');
insert into order_details (id, customer_id, status, total_price, created_at) values (58, 69, 'Rejected', 722046, '2018-12-05 08:12:18');
insert into order_details (id, customer_id, status, total_price, created_at) values (59, 98, 'Accepted', 23728, '1995-08-05 12:53:37');
insert into order_details (id, customer_id, status, total_price, created_at) values (60, 93, 'Rejected', 139240, '2000-09-15 05:01:59');
insert into order_details (id, customer_id, status, total_price, created_at) values (61, 65, 'Rejected', 475312, '1983-02-10 18:41:53');
insert into order_details (id, customer_id, status, total_price, created_at) values (62, 6, 'Inbound', 735367, '2017-02-02 04:22:52');
insert into order_details (id, customer_id, status, total_price, created_at) values (63, 36, 'Rejected', 928144, '2017-07-06 01:25:53');
insert into order_details (id, customer_id, status, total_price, created_at) values (64, 83, 'Rejected', 976933, '1993-07-28 07:40:58');
insert into order_details (id, customer_id, status, total_price, created_at) values (65, 92, 'Accepted', 429469, '1983-04-08 15:16:52');
insert into order_details (id, customer_id, status, total_price, created_at) values (66, 12, 'Inbound', 753151, '1997-12-10 12:09:19');
insert into order_details (id, customer_id, status, total_price, created_at) values (67, 32, 'Accepted', 851841, '2000-01-25 04:27:34');
insert into order_details (id, customer_id, status, total_price, created_at) values (68, 36, 'Accepted', 230079, '1988-01-29 20:38:14');
insert into order_details (id, customer_id, status, total_price, created_at) values (69, 54, 'Inbound', 804330, '1999-12-28 15:30:30');
insert into order_details (id, customer_id, status, total_price, created_at) values (70, 36, 'Rejected', 384406, '1976-08-28 03:38:42');
insert into order_details (id, customer_id, status, total_price, created_at) values (71, 48, 'Inbound', 569933, '2014-10-12 19:09:41');
insert into order_details (id, customer_id, status, total_price, created_at) values (72, 98, 'Inbound', 118898, '1971-10-31 14:24:44');
insert into order_details (id, customer_id, status, total_price, created_at) values (73, 93, 'Inbound', 709873, '2007-12-11 13:26:44');
insert into order_details (id, customer_id, status, total_price, created_at) values (74, 18, 'Accepted', 654926, '2009-08-05 01:08:20');
insert into order_details (id, customer_id, status, total_price, created_at) values (75, 49, 'Rejected', 125864, '1984-12-14 04:47:11');
insert into order_details (id, customer_id, status, total_price, created_at) values (76, 80, 'Accepted', 941989, '2010-02-23 14:52:32');
insert into order_details (id, customer_id, status, total_price, created_at) values (77, 19, 'Rejected', 859174, '1988-03-23 02:17:32');
insert into order_details (id, customer_id, status, total_price, created_at) values (78, 13, 'Accepted', 40153, '2002-11-03 15:19:28');
insert into order_details (id, customer_id, status, total_price, created_at) values (79, 92, 'Rejected', 55789, '2006-02-19 21:51:54');
insert into order_details (id, customer_id, status, total_price, created_at) values (80, 93, 'Inbound', 820738, '1973-07-05 03:53:26');
insert into order_details (id, customer_id, status, total_price, created_at) values (81, 13, 'Rejected', 178730, '1976-10-02 15:24:03');
insert into order_details (id, customer_id, status, total_price, created_at) values (82, 36, 'Inbound', 434018, '1990-05-24 11:11:30');
insert into order_details (id, customer_id, status, total_price, created_at) values (83, 12, 'Inbound', 605039, '1977-10-29 18:07:04');
insert into order_details (id, customer_id, status, total_price, created_at) values (84, 96, 'Rejected', 115669, '2020-01-18 06:47:40');
insert into order_details (id, customer_id, status, total_price, created_at) values (85, 54, 'Accepted', 295329, '2019-12-12 09:12:30');
insert into order_details (id, customer_id, status, total_price, created_at) values (86, 36, 'Rejected', 890623, '2003-12-11 03:47:07');
insert into order_details (id, customer_id, status, total_price, created_at) values (87, 97, 'Inbound', 41785, '2010-08-23 07:12:12');
insert into order_details (id, customer_id, status, total_price, created_at) values (88, 80, 'Accepted', 309258, '1995-11-16 15:28:40');
insert into order_details (id, customer_id, status, total_price, created_at) values (89, 90, 'Inbound', 930495, '1980-12-27 16:17:54');
insert into order_details (id, customer_id, status, total_price, created_at) values (90, 90, 'Accepted', 705635, '1997-10-19 05:52:10');
insert into order_details (id, customer_id, status, total_price, created_at) values (91, 98, 'Rejected', 179529, '1972-10-29 10:16:00');
insert into order_details (id, customer_id, status, total_price, created_at) values (92, 45, 'Inbound', 43000, '1992-07-22 15:06:27');
insert into order_details (id, customer_id, status, total_price, created_at) values (93, 93, 'Accepted', 195315, '1992-06-16 10:03:17');
insert into order_details (id, customer_id, status, total_price, created_at) values (94, 10, 'Inbound', 392796, '1992-04-08 02:35:09');
insert into order_details (id, customer_id, status, total_price, created_at) values (95, 63, 'Inbound', 437870, '1981-01-24 07:30:41');
insert into order_details (id, customer_id, status, total_price, created_at) values (96, 6, 'Rejected', 74305, '2001-02-08 21:54:37');
insert into order_details (id, customer_id, status, total_price, created_at) values (97, 27, 'Accepted', 299298, '1995-11-08 18:27:18');
insert into order_details (id, customer_id, status, total_price, created_at) values (98, 19, 'Rejected', 812951, '1997-05-10 22:44:45');
insert into order_details (id, customer_id, status, total_price, created_at) values (99, 97, 'Accepted', 746887, '1987-03-09 02:16:28');
insert into order_details (id, customer_id, status, total_price, created_at) values (100, 6, 'Rejected', 543929, '1990-11-30 20:28:05');

insert into order_item (order_id, product_id, quantity) values (1, 33, 20);
insert into order_item (order_id, product_id, quantity) values (2, 25, 20);
insert into order_item (order_id, product_id, quantity) values (3, 54, 7);
insert into order_item (order_id, product_id, quantity) values (4, 98, 20);
insert into order_item (order_id, product_id, quantity) values (4, 94, 6);
insert into order_item (order_id, product_id, quantity) values (5, 32, 19);
insert into order_item (order_id, product_id, quantity) values (6, 59, 16);
insert into order_item (order_id, product_id, quantity) values (7, 6, 3);
insert into order_item (order_id, product_id, quantity) values (8, 14, 7);
insert into order_item (order_id, product_id, quantity) values (9, 35, 16);
insert into order_item (order_id, product_id, quantity) values (10, 54, 6);
insert into order_item (order_id, product_id, quantity) values (10, 2, 18);
insert into order_item (order_id, product_id, quantity) values (11, 69, 17);
insert into order_item (order_id, product_id, quantity) values (11, 91, 13);
insert into order_item (order_id, product_id, quantity) values (12, 22, 3);
insert into order_item (order_id, product_id, quantity) values (12, 43, 15);
insert into order_item (order_id, product_id, quantity) values (13, 62, 3);
insert into order_item (order_id, product_id, quantity) values (14, 50, 8);
insert into order_item (order_id, product_id, quantity) values (14, 13, 1);
insert into order_item (order_id, product_id, quantity) values (15, 86, 2);
insert into order_item (order_id, product_id, quantity) values (16, 83, 7);
insert into order_item (order_id, product_id, quantity) values (17, 29, 20);
insert into order_item (order_id, product_id, quantity) values (17, 8, 1);
insert into order_item (order_id, product_id, quantity) values (18, 69, 7);
insert into order_item (order_id, product_id, quantity) values (18, 100, 14);
insert into order_item (order_id, product_id, quantity) values (19, 26, 18);
insert into order_item (order_id, product_id, quantity) values (20, 71, 1);
insert into order_item (order_id, product_id, quantity) values (21, 33, 9);
insert into order_item (order_id, product_id, quantity) values (21, 67, 17);
insert into order_item (order_id, product_id, quantity) values (21, 71, 12);
insert into order_item (order_id, product_id, quantity) values (22, 55, 2);
insert into order_item (order_id, product_id, quantity) values (23, 18, 20);
insert into order_item (order_id, product_id, quantity) values (23, 35, 12);
insert into order_item (order_id, product_id, quantity) values (24, 86, 9);
insert into order_item (order_id, product_id, quantity) values (24, 93, 4);
insert into order_item (order_id, product_id, quantity) values (25, 95, 17);
insert into order_item (order_id, product_id, quantity) values (26, 51, 11);
insert into order_item (order_id, product_id, quantity) values (27, 67, 15);
insert into order_item (order_id, product_id, quantity) values (28, 94, 11);
insert into order_item (order_id, product_id, quantity) values (28, 27, 9);
insert into order_item (order_id, product_id, quantity) values (29, 25, 3);
insert into order_item (order_id, product_id, quantity) values (29, 63, 16);
insert into order_item (order_id, product_id, quantity) values (30, 99, 2);
insert into order_item (order_id, product_id, quantity) values (30, 60, 18);
insert into order_item (order_id, product_id, quantity) values (31, 36, 11);
insert into order_item (order_id, product_id, quantity) values (31, 73, 15);
insert into order_item (order_id, product_id, quantity) values (32, 15, 14);
insert into order_item (order_id, product_id, quantity) values (32, 69, 14);
insert into order_item (order_id, product_id, quantity) values (33, 72, 6);
insert into order_item (order_id, product_id, quantity) values (34, 28, 16);
insert into order_item (order_id, product_id, quantity) values (34, 94, 15);
insert into order_item (order_id, product_id, quantity) values (35, 92, 10);
insert into order_item (order_id, product_id, quantity) values (36, 7, 14);
insert into order_item (order_id, product_id, quantity) values (36, 91, 2);
insert into order_item (order_id, product_id, quantity) values (37, 23, 10);
insert into order_item (order_id, product_id, quantity) values (38, 93, 8);
insert into order_item (order_id, product_id, quantity) values (39, 18, 7);
insert into order_item (order_id, product_id, quantity) values (39, 3, 11);
insert into order_item (order_id, product_id, quantity) values (40, 16, 13);
insert into order_item (order_id, product_id, quantity) values (40, 46, 4);
insert into order_item (order_id, product_id, quantity) values (41, 78, 11);
insert into order_item (order_id, product_id, quantity) values (41, 9, 13);
insert into order_item (order_id, product_id, quantity) values (42, 48, 16);
insert into order_item (order_id, product_id, quantity) values (42, 59, 17);
insert into order_item (order_id, product_id, quantity) values (43, 86, 6);
insert into order_item (order_id, product_id, quantity) values (44, 45, 6);
insert into order_item (order_id, product_id, quantity) values (45, 7, 16);
insert into order_item (order_id, product_id, quantity) values (45, 2, 14);
insert into order_item (order_id, product_id, quantity) values (46, 46, 11);
insert into order_item (order_id, product_id, quantity) values (46, 67, 13);
insert into order_item (order_id, product_id, quantity) values (47, 75, 18);
insert into order_item (order_id, product_id, quantity) values (47, 11, 3);
insert into order_item (order_id, product_id, quantity) values (48, 4, 9);
insert into order_item (order_id, product_id, quantity) values (48, 83, 13);
insert into order_item (order_id, product_id, quantity) values (49, 93, 3);
insert into order_item (order_id, product_id, quantity) values (50, 32, 1);
insert into order_item (order_id, product_id, quantity) values (51, 40, 12);
insert into order_item (order_id, product_id, quantity) values (52, 54, 19);
insert into order_item (order_id, product_id, quantity) values (53, 58, 17);
insert into order_item (order_id, product_id, quantity) values (54, 26, 15);
insert into order_item (order_id, product_id, quantity) values (54, 56, 11);
insert into order_item (order_id, product_id, quantity) values (55, 95, 12);
insert into order_item (order_id, product_id, quantity) values (56, 98, 14);
insert into order_item (order_id, product_id, quantity) values (56, 92, 13);
insert into order_item (order_id, product_id, quantity) values (57, 69, 2);
insert into order_item (order_id, product_id, quantity) values (58, 76, 16);
insert into order_item (order_id, product_id, quantity) values (59, 38, 18);
insert into order_item (order_id, product_id, quantity) values (59, 52, 10);
insert into order_item (order_id, product_id, quantity) values (60, 25, 19);
insert into order_item (order_id, product_id, quantity) values (60, 38, 7);
insert into order_item (order_id, product_id, quantity) values (61, 17, 10);
insert into order_item (order_id, product_id, quantity) values (62, 22, 1);
insert into order_item (order_id, product_id, quantity) values (62, 1, 13);
insert into order_item (order_id, product_id, quantity) values (62, 21, 16);
insert into order_item (order_id, product_id, quantity) values (63, 65, 1);
insert into order_item (order_id, product_id, quantity) values (63, 86, 18);
insert into order_item (order_id, product_id, quantity) values (64, 90, 6);
insert into order_item (order_id, product_id, quantity) values (65, 86, 19);
insert into order_item (order_id, product_id, quantity) values (65, 38, 9);
insert into order_item (order_id, product_id, quantity) values (66, 57, 3);
insert into order_item (order_id, product_id, quantity) values (66, 10, 4);
insert into order_item (order_id, product_id, quantity) values (67, 82, 20);
insert into order_item (order_id, product_id, quantity) values (68, 15, 17);
insert into order_item (order_id, product_id, quantity) values (69, 100, 7);
insert into order_item (order_id, product_id, quantity) values (70, 31, 7);
insert into order_item (order_id, product_id, quantity) values (71, 35, 14);
insert into order_item (order_id, product_id, quantity) values (71, 29, 3);
insert into order_item (order_id, product_id, quantity) values (72, 58, 3);
insert into order_item (order_id, product_id, quantity) values (72, 84, 14);
insert into order_item (order_id, product_id, quantity) values (73, 63, 15);
insert into order_item (order_id, product_id, quantity) values (73, 89, 13);
insert into order_item (order_id, product_id, quantity) values (73, 78, 1);
insert into order_item (order_id, product_id, quantity) values (74, 39, 5);
insert into order_item (order_id, product_id, quantity) values (74, 61, 7);
insert into order_item (order_id, product_id, quantity) values (75, 43, 13);
insert into order_item (order_id, product_id, quantity) values (75, 82, 16);
insert into order_item (order_id, product_id, quantity) values (76, 12, 6);
insert into order_item (order_id, product_id, quantity) values (76, 30, 6);
insert into order_item (order_id, product_id, quantity) values (77, 90, 8);
insert into order_item (order_id, product_id, quantity) values (78, 93, 9);
insert into order_item (order_id, product_id, quantity) values (78, 65, 14);
insert into order_item (order_id, product_id, quantity) values (79, 32, 20);
insert into order_item (order_id, product_id, quantity) values (79, 53, 15);
insert into order_item (order_id, product_id, quantity) values (80, 57, 14);
insert into order_item (order_id, product_id, quantity) values (81, 75, 19);
insert into order_item (order_id, product_id, quantity) values (82, 59, 15);
insert into order_item (order_id, product_id, quantity) values (83, 2, 14);
insert into order_item (order_id, product_id, quantity) values (83, 93, 19);
insert into order_item (order_id, product_id, quantity) values (83, 3, 5);
insert into order_item (order_id, product_id, quantity) values (84, 51, 8);
insert into order_item (order_id, product_id, quantity) values (84, 28, 7);
insert into order_item (order_id, product_id, quantity) values (85, 55, 15);
insert into order_item (order_id, product_id, quantity) values (85, 47, 8);
insert into order_item (order_id, product_id, quantity) values (86, 43, 6);
insert into order_item (order_id, product_id, quantity) values (87, 64, 14);
insert into order_item (order_id, product_id, quantity) values (87, 88, 15);
insert into order_item (order_id, product_id, quantity) values (87, 65, 6);
insert into order_item (order_id, product_id, quantity) values (88, 19, 2);
insert into order_item (order_id, product_id, quantity) values (88, 67, 7);
insert into order_item (order_id, product_id, quantity) values (89, 67, 17);
insert into order_item (order_id, product_id, quantity) values (89, 2, 9);
insert into order_item (order_id, product_id, quantity) values (90, 23, 11);
insert into order_item (order_id, product_id, quantity) values (91, 30, 18);
insert into order_item (order_id, product_id, quantity) values (92, 47, 13);
insert into order_item (order_id, product_id, quantity) values (92, 23, 5);
insert into order_item (order_id, product_id, quantity) values (93, 6, 13);
insert into order_item (order_id, product_id, quantity) values (94, 46, 11);
insert into order_item (order_id, product_id, quantity) values (94, 64, 13);
insert into order_item (order_id, product_id, quantity) values (94, 67, 14);
insert into order_item (order_id, product_id, quantity) values (95, 50, 4);
insert into order_item (order_id, product_id, quantity) values (96, 47, 20);
insert into order_item (order_id, product_id, quantity) values (97, 44, 10);
insert into order_item (order_id, product_id, quantity) values (98, 52, 6);
insert into order_item (order_id, product_id, quantity) values (98, 26, 6);
insert into order_item (order_id, product_id, quantity) values (99, 91, 4);
insert into order_item (order_id, product_id, quantity) values (99, 1, 4);
insert into order_item (order_id, product_id, quantity) values (100, 23, 17);
insert into order_item (order_id, product_id, quantity) values (100, 81, 7);
insert into warehouse_item (warehouse_id, product_id, quantity) values (1, 41, 8);
insert into warehouse_item (warehouse_id, product_id, quantity) values (1, 90, 6);
insert into warehouse_item (warehouse_id, product_id, quantity) values (1, 6, 2);
insert into warehouse_item (warehouse_id, product_id, quantity) values (1, 89, 5);
insert into warehouse_item (warehouse_id, product_id, quantity) values (1, 38, 5);
insert into warehouse_item (warehouse_id, product_id, quantity) values (1, 66, 7);
insert into warehouse_item (warehouse_id, product_id, quantity) values (1, 35, 8);
insert into warehouse_item (warehouse_id, product_id, quantity) values (1, 76, 10);
insert into warehouse_item (warehouse_id, product_id, quantity) values (1, 96, 6);
insert into warehouse_item (warehouse_id, product_id, quantity) values (1, 100, 1);
insert into warehouse_item (warehouse_id, product_id, quantity) values (1, 10, 5);
insert into warehouse_item (warehouse_id, product_id, quantity) values (1, 62, 2);
insert into warehouse_item (warehouse_id, product_id, quantity) values (2, 98, 2);
insert into warehouse_item (warehouse_id, product_id, quantity) values (2, 22, 7);
insert into warehouse_item (warehouse_id, product_id, quantity) values (2, 82, 3);
insert into warehouse_item (warehouse_id, product_id, quantity) values (2, 43, 6);
insert into warehouse_item (warehouse_id, product_id, quantity) values (2, 71, 6);
insert into warehouse_item (warehouse_id, product_id, quantity) values (2, 94, 10);
insert into warehouse_item (warehouse_id, product_id, quantity) values (3, 58, 7);
insert into warehouse_item (warehouse_id, product_id, quantity) values (3, 62, 2);
insert into warehouse_item (warehouse_id, product_id, quantity) values (3, 23, 8);
insert into warehouse_item (warehouse_id, product_id, quantity) values (3, 39, 6);
insert into warehouse_item (warehouse_id, product_id, quantity) values (3, 84, 7);
insert into warehouse_item (warehouse_id, product_id, quantity) values (3, 14, 6);
insert into warehouse_item (warehouse_id, product_id, quantity) values (3, 1, 9);
insert into warehouse_item (warehouse_id, product_id, quantity) values (3, 7, 6);
insert into warehouse_item (warehouse_id, product_id, quantity) values (3, 43, 1);
insert into warehouse_item (warehouse_id, product_id, quantity) values (3, 13, 1);
insert into warehouse_item (warehouse_id, product_id, quantity) values (3, 67, 10);
insert into warehouse_item (warehouse_id, product_id, quantity) values (3, 11, 8);
insert into warehouse_item (warehouse_id, product_id, quantity) values (4, 5, 6);
insert into warehouse_item (warehouse_id, product_id, quantity) values (4, 36, 3);
insert into warehouse_item (warehouse_id, product_id, quantity) values (4, 28, 9);
insert into warehouse_item (warehouse_id, product_id, quantity) values (4, 79, 2);
insert into warehouse_item (warehouse_id, product_id, quantity) values (4, 64, 8);
insert into warehouse_item (warehouse_id, product_id, quantity) values (4, 19, 1);
insert into warehouse_item (warehouse_id, product_id, quantity) values (5, 39, 7);
insert into warehouse_item (warehouse_id, product_id, quantity) values (5, 30, 9);
insert into warehouse_item (warehouse_id, product_id, quantity) values (5, 23, 9);
insert into warehouse_item (warehouse_id, product_id, quantity) values (5, 92, 8);
insert into warehouse_item (warehouse_id, product_id, quantity) values (5, 85, 1);
insert into warehouse_item (warehouse_id, product_id, quantity) values (5, 36, 3);
insert into warehouse_item (warehouse_id, product_id, quantity) values (5, 59, 3);
insert into warehouse_item (warehouse_id, product_id, quantity) values (5, 50, 7);
insert into warehouse_item (warehouse_id, product_id, quantity) values (5, 84, 2);
insert into warehouse_item (warehouse_id, product_id, quantity) values (5, 48, 8);
insert into warehouse_item (warehouse_id, product_id, quantity) values (5, 40, 7);
insert into warehouse_item (warehouse_id, product_id, quantity) values (5, 54, 10);
insert into warehouse_item (warehouse_id, product_id, quantity) values (6, 5, 2);
insert into warehouse_item (warehouse_id, product_id, quantity) values (6, 45, 8);
insert into warehouse_item (warehouse_id, product_id, quantity) values (6, 57, 2);
insert into warehouse_item (warehouse_id, product_id, quantity) values (6, 26, 10);
insert into warehouse_item (warehouse_id, product_id, quantity) values (6, 91, 1);
insert into warehouse_item (warehouse_id, product_id, quantity) values (7, 78, 1);
insert into warehouse_item (warehouse_id, product_id, quantity) values (7, 40, 8);
insert into warehouse_item (warehouse_id, product_id, quantity) values (7, 30, 7);
insert into warehouse_item (warehouse_id, product_id, quantity) values (7, 53, 10);
insert into warehouse_item (warehouse_id, product_id, quantity) values (7, 70, 10);
insert into warehouse_item (warehouse_id, product_id, quantity) values (7, 15, 9);
insert into warehouse_item (warehouse_id, product_id, quantity) values (7, 12, 9);
insert into warehouse_item (warehouse_id, product_id, quantity) values (8, 34, 8);
insert into warehouse_item (warehouse_id, product_id, quantity) values (8, 4, 2);
insert into warehouse_item (warehouse_id, product_id, quantity) values (8, 80, 1);
insert into warehouse_item (warehouse_id, product_id, quantity) values (8, 88, 5);
insert into warehouse_item (warehouse_id, product_id, quantity) values (8, 81, 8);
insert into warehouse_item (warehouse_id, product_id, quantity) values (8, 75, 1);
insert into warehouse_item (warehouse_id, product_id, quantity) values (8, 56, 1);
insert into warehouse_item (warehouse_id, product_id, quantity) values (9, 17, 4);
insert into warehouse_item (warehouse_id, product_id, quantity) values (9, 66, 2);
insert into warehouse_item (warehouse_id, product_id, quantity) values (9, 71, 10);
insert into warehouse_item (warehouse_id, product_id, quantity) values (9, 19, 9);
insert into warehouse_item (warehouse_id, product_id, quantity) values (9, 50, 5);
insert into warehouse_item (warehouse_id, product_id, quantity) values (9, 72, 10);
insert into warehouse_item (warehouse_id, product_id, quantity) values (9, 63, 6);
insert into warehouse_item (warehouse_id, product_id, quantity) values (9, 54, 4);
insert into warehouse_item (warehouse_id, product_id, quantity) values (9, 16, 4);
insert into warehouse_item (warehouse_id, product_id, quantity) values (9, 95, 10);
insert into warehouse_item (warehouse_id, product_id, quantity) values (9, 34, 2);
insert into warehouse_item (warehouse_id, product_id, quantity) values (9, 93, 3);
insert into warehouse_item (warehouse_id, product_id, quantity) values (10, 20, 4);
insert into warehouse_item (warehouse_id, product_id, quantity) values (10, 100, 2);
insert into warehouse_item (warehouse_id, product_id, quantity) values (10, 38, 5);
insert into warehouse_item (warehouse_id, product_id, quantity) values (10, 21, 3);
insert into warehouse_item (warehouse_id, product_id, quantity) values (10, 4, 7);
insert into warehouse_item (warehouse_id, product_id, quantity) values (10, 36, 5);
insert into warehouse_item (warehouse_id, product_id, quantity) values (10, 43, 8);
insert into warehouse_item (warehouse_id, product_id, quantity) values (10, 74, 9);
insert into warehouse_item (warehouse_id, product_id, quantity) values (10, 61, 9);
insert into warehouse_item (warehouse_id, product_id, quantity) values (10, 11, 4);
insert into warehouse_item (warehouse_id, product_id, quantity) values (10, 68, 6);
insert into warehouse_item (warehouse_id, product_id, quantity) values (10, 94, 3);
insert into warehouse_item (warehouse_id, product_id, quantity) values (11, 82, 6);
insert into warehouse_item (warehouse_id, product_id, quantity) values (11, 87, 7);
insert into warehouse_item (warehouse_id, product_id, quantity) values (11, 44, 1);
insert into warehouse_item (warehouse_id, product_id, quantity) values (11, 65, 3);
insert into warehouse_item (warehouse_id, product_id, quantity) values (11, 71, 6);
insert into warehouse_item (warehouse_id, product_id, quantity) values (12, 72, 5);
insert into warehouse_item (warehouse_id, product_id, quantity) values (12, 40, 1);
insert into warehouse_item (warehouse_id, product_id, quantity) values (12, 94, 5);
insert into warehouse_item (warehouse_id, product_id, quantity) values (12, 25, 9);
insert into warehouse_item (warehouse_id, product_id, quantity) values (12, 9, 4);
insert into warehouse_item (warehouse_id, product_id, quantity) values (12, 67, 5);
insert into warehouse_item (warehouse_id, product_id, quantity) values (12, 75, 2);
insert into warehouse_item (warehouse_id, product_id, quantity) values (13, 65, 4);
insert into warehouse_item (warehouse_id, product_id, quantity) values (13, 84, 7);
insert into warehouse_item (warehouse_id, product_id, quantity) values (13, 53, 3);
insert into warehouse_item (warehouse_id, product_id, quantity) values (13, 3, 4);
insert into warehouse_item (warehouse_id, product_id, quantity) values (13, 95, 7);
insert into warehouse_item (warehouse_id, product_id, quantity) values (13, 70, 3);
insert into warehouse_item (warehouse_id, product_id, quantity) values (13, 20, 6);
insert into warehouse_item (warehouse_id, product_id, quantity) values (14, 81, 4);
insert into warehouse_item (warehouse_id, product_id, quantity) values (14, 50, 10);
insert into warehouse_item (warehouse_id, product_id, quantity) values (14, 9, 10);
insert into warehouse_item (warehouse_id, product_id, quantity) values (14, 8, 2);
insert into warehouse_item (warehouse_id, product_id, quantity) values (14, 23, 4);
insert into warehouse_item (warehouse_id, product_id, quantity) values (14, 67, 7);
insert into warehouse_item (warehouse_id, product_id, quantity) values (14, 26, 7);
insert into warehouse_item (warehouse_id, product_id, quantity) values (14, 49, 10);
insert into warehouse_item (warehouse_id, product_id, quantity) values (14, 36, 10);
insert into warehouse_item (warehouse_id, product_id, quantity) values (14, 90, 10);
insert into warehouse_item (warehouse_id, product_id, quantity) values (14, 18, 2);
insert into warehouse_item (warehouse_id, product_id, quantity) values (14, 58, 3);
insert into warehouse_item (warehouse_id, product_id, quantity) values (15, 42, 2);
insert into warehouse_item (warehouse_id, product_id, quantity) values (15, 15, 10);
insert into warehouse_item (warehouse_id, product_id, quantity) values (15, 29, 3);
insert into warehouse_item (warehouse_id, product_id, quantity) values (15, 66, 5);
insert into warehouse_item (warehouse_id, product_id, quantity) values (15, 98, 5);
insert into warehouse_item (warehouse_id, product_id, quantity) values (15, 72, 6);
insert into warehouse_item (warehouse_id, product_id, quantity) values (15, 21, 1);
insert into warehouse_item (warehouse_id, product_id, quantity) values (16, 14, 5);
insert into warehouse_item (warehouse_id, product_id, quantity) values (16, 68, 10);
insert into warehouse_item (warehouse_id, product_id, quantity) values (16, 41, 1);
insert into warehouse_item (warehouse_id, product_id, quantity) values (16, 19, 9);
insert into warehouse_item (warehouse_id, product_id, quantity) values (16, 43, 7);
insert into warehouse_item (warehouse_id, product_id, quantity) values (16, 2, 6);
insert into warehouse_item (warehouse_id, product_id, quantity) values (16, 99, 6);
insert into warehouse_item (warehouse_id, product_id, quantity) values (16, 52, 7);
insert into warehouse_item (warehouse_id, product_id, quantity) values (16, 86, 4);
insert into warehouse_item (warehouse_id, product_id, quantity) values (16, 65, 10);
insert into warehouse_item (warehouse_id, product_id, quantity) values (16, 35, 2);
insert into warehouse_item (warehouse_id, product_id, quantity) values (16, 26, 5);
insert into warehouse_item (warehouse_id, product_id, quantity) values (17, 81, 7);
insert into warehouse_item (warehouse_id, product_id, quantity) values (17, 73, 9);
insert into warehouse_item (warehouse_id, product_id, quantity) values (17, 89, 5);
insert into warehouse_item (warehouse_id, product_id, quantity) values (17, 99, 3);
insert into warehouse_item (warehouse_id, product_id, quantity) values (17, 37, 2);
insert into warehouse_item (warehouse_id, product_id, quantity) values (17, 4, 2);
insert into warehouse_item (warehouse_id, product_id, quantity) values (17, 2, 7);
insert into warehouse_item (warehouse_id, product_id, quantity) values (18, 20, 5);
insert into warehouse_item (warehouse_id, product_id, quantity) values (18, 9, 5);
insert into warehouse_item (warehouse_id, product_id, quantity) values (18, 62, 2);
insert into warehouse_item (warehouse_id, product_id, quantity) values (18, 38, 10);
insert into warehouse_item (warehouse_id, product_id, quantity) values (18, 95, 6);
insert into warehouse_item (warehouse_id, product_id, quantity) values (18, 60, 6);
insert into warehouse_item (warehouse_id, product_id, quantity) values (18, 63, 10);
insert into warehouse_item (warehouse_id, product_id, quantity) values (18, 42, 4);
insert into warehouse_item (warehouse_id, product_id, quantity) values (18, 86, 10);
insert into warehouse_item (warehouse_id, product_id, quantity) values (18, 18, 3);
insert into warehouse_item (warehouse_id, product_id, quantity) values (18, 47, 6);
insert into warehouse_item (warehouse_id, product_id, quantity) values (18, 90, 2);
insert into warehouse_item (warehouse_id, product_id, quantity) values (19, 51, 8);
insert into warehouse_item (warehouse_id, product_id, quantity) values (19, 31, 3);
insert into warehouse_item (warehouse_id, product_id, quantity) values (19, 90, 7);
insert into warehouse_item (warehouse_id, product_id, quantity) values (19, 96, 2);
insert into warehouse_item (warehouse_id, product_id, quantity) values (19, 46, 1);
insert into warehouse_item (warehouse_id, product_id, quantity) values (19, 73, 7);
insert into warehouse_item (warehouse_id, product_id, quantity) values (19, 53, 5);
insert into warehouse_item (warehouse_id, product_id, quantity) values (19, 77, 10);
insert into warehouse_item (warehouse_id, product_id, quantity) values (19, 28, 5);
insert into warehouse_item (warehouse_id, product_id, quantity) values (19, 79, 5);
insert into warehouse_item (warehouse_id, product_id, quantity) values (19, 45, 3);
insert into warehouse_item (warehouse_id, product_id, quantity) values (19, 92, 8);
insert into warehouse_item (warehouse_id, product_id, quantity) values (19, 98, 8);
insert into warehouse_item (warehouse_id, product_id, quantity) values (20, 3, 1);
insert into warehouse_item (warehouse_id, product_id, quantity) values (20, 27, 1);
insert into warehouse_item (warehouse_id, product_id, quantity) values (20, 85, 10);
insert into warehouse_item (warehouse_id, product_id, quantity) values (20, 2, 4);
insert into warehouse_item (warehouse_id, product_id, quantity) values (20, 47, 7);
insert into warehouse_item (warehouse_id, product_id, quantity) values (20, 6, 10);
insert into warehouse_item (warehouse_id, product_id, quantity) values (20, 34, 6);
insert into warehouse_item (warehouse_id, product_id, quantity) values (20, 97, 5);
insert into warehouse_item (warehouse_id, product_id, quantity) values (20, 36, 8);
insert into warehouse_item (warehouse_id, product_id, quantity) values (20, 59, 7);
insert into warehouse_item (warehouse_id, product_id, quantity) values (20, 54, 8);
insert into warehouse_item (warehouse_id, product_id, quantity) values (20, 30, 10);
