insert into user (id, role, user_name, display_name, details, password_hash) values (1, 'Warehouse Admin', 'robertsstacy', 'Curtis Johnson', '18', '5770dfc93995659536ba2d315c6ef619');
insert into user (id, role, user_name, display_name, details, password_hash) values (2, 'Warehouse Admin', 'laurendavis', 'Melissa Williams', '46', 'e5b05daaf4f96d7ae139e07479492158');
insert into user (id, role, user_name, display_name, details, password_hash) values (3, 'Warehouse Admin', 'kmathis', 'Nicholas Jacobson', '18', '4f5dc60f84711729532f55ccc743061d');
insert into user (id, role, user_name, display_name, details, password_hash) values (4, 'Warehouse Admin', 'hansongary', 'Adrienne Trujillo', '41', '8e9a71b5563adc5fd20756cfc49bc3b5');
insert into user (id, role, user_name, display_name, details, password_hash) values (5, 'Seller', 'john05', 'French and Sons', 'Right account business fight. Somebody agency by these. Statement similar four send environmental past main. Created on: 1991-09-17.', '8c52be5b4213b9927ee5d5ae35e65580');
insert into user (id, role, user_name, display_name, details, password_hash) values (6, 'Customer', 'roneill', 'Jimmy Guerra', '711 Amy Inlet Apt. 867, Wongport, NH 55362', '9327e12592a4b49543597856c1773b5e');
insert into user (id, role, user_name, display_name, details, password_hash) values (7, 'Warehouse Admin', 'bishopbeth', 'Joseph Baker', '31', 'f17b87a71791a6f40d9ce4858753aa9f');
insert into user (id, role, user_name, display_name, details, password_hash) values (8, 'Seller', 'richard21', 'Brown, Smith and Smith', 'Mrs hour various democratic generation national use. Happy hope material. See middle expect same suggest less writer. Created on: 2004-09-16.', '1e5685a4724090f64b66b5326866513a');
insert into user (id, role, user_name, display_name, details, password_hash) values (9, 'Customer', 'smithbridget', 'Rebecca Evans', '73316 Tyler Corner Suite 336, Amyshire, HI 81467', '9ef070328cb6015da7493bb088d66911');
insert into user (id, role, user_name, display_name, details, password_hash) values (10, 'Customer', 'zbutler', 'Tami Carson', '1156 Hodges Road Suite 658, North Tracyside, TX 67480', '64b89eabb9e234a415e6cada378953cd');
insert into user (id, role, user_name, display_name, details, password_hash) values (11, 'Seller', 'ofrank', 'Walters, Foster and Miller', 'Good customer responsibility high husband collection. Set second some glass star worker remember. If rather brother. Created on: 1987-02-17.', '0fb6b6f91c80d744cb3cbb35b562f230');
insert into user (id, role, user_name, display_name, details, password_hash) values (12, 'Customer', 'mario30', 'Robert Arroyo', '34303 Martin Flat Apt. 750, East Josephborough, DC 25773', 'a6ae2ea419c5a4f7be81e549e2b9332f');
insert into user (id, role, user_name, display_name, details, password_hash) values (13, 'Customer', 'donnarussell', 'Anthony Owens DDS', 'PSC 2341, Box 0389, APO AE 95594', 'c9e5bbd8c1588a0d48b1c201a2346cc8');
insert into user (id, role, user_name, display_name, details, password_hash) values (14, 'Warehouse Admin', 'dpalmer', 'Randy Smith', '5', '34d562c72271ec7199f623d8b7ab8c45');
insert into user (id, role, user_name, display_name, details, password_hash) values (15, 'Seller', 'ramseywilliam', 'Williams-Jenkins', 'Than then light have possible anyone. Job number wrong now hard consumer. Stop nation part bring local production air across. Created on: 2020-10-08.', 'ea192b7e43cef1561d625c70666f3f1e');
insert into user (id, role, user_name, display_name, details, password_hash) values (16, 'Seller', 'mcmahonashley', 'Gomez-Walter', 'Girl require economic. Machine car wife factor charge. Created on: 2011-07-24.', '7c373feee90588d170d9885da54e72f4');
insert into user (id, role, user_name, display_name, details, password_hash) values (17, 'Warehouse Admin', 'oanderson', 'Brent Jones', '2', '46828b5d71a27a76cea49b930e113ad4');
insert into user (id, role, user_name, display_name, details, password_hash) values (18, 'Customer', 'laura17', 'Vanessa Tucker', '068 Michael Ford Suite 867, Chungfort, TX 58550', 'bcc6effd68827fc10051bb840c42600f');
insert into user (id, role, user_name, display_name, details, password_hash) values (19, 'Customer', 'dorothy28', 'Allen Martinez', '317 Griffith Village, South Michaelbury, CT 16521', '57b4cf3af468baa5581bd20504bda678');
insert into user (id, role, user_name, display_name, details, password_hash) values (20, 'Warehouse Admin', 'andersonalbert', 'Michelle Lin', '7', 'f5011924229a2e7ee72824e05af81380');
insert into user (id, role, user_name, display_name, details, password_hash) values (21, 'Warehouse Admin', 'stricklandmargaret', 'Brandon Gonzalez', '18', 'ada7c2b6b4d2606b4bf7eeffe1f4704f');
insert into user (id, role, user_name, display_name, details, password_hash) values (22, 'Warehouse Admin', 'sanchezdaniel', 'Heather White', '19', 'c670896583e9617891da912cc5b224b2');
insert into user (id, role, user_name, display_name, details, password_hash) values (23, 'Seller', 'johnny69', 'Moore Group', 'Say figure song image particular sometimes event. Week time church public ok. Effect hour necessary threat music miss door. Created on: 1971-08-06.', 'a1dc7d15a81917df1f3db38c95c9d410');
insert into user (id, role, user_name, display_name, details, password_hash) values (24, 'Warehouse Admin', 'leedennis', 'Katie Strong', '36', 'a4c6a60c517210f5c6d0509715ef49ad');
insert into user (id, role, user_name, display_name, details, password_hash) values (25, 'Warehouse Admin', 'sdavis', 'Jesse Cross', '14', 'a3c101de51d3935dff0c55110ee5210f');
insert into user (id, role, user_name, display_name, details, password_hash) values (26, 'Seller', 'weavergilbert', 'Brown LLC', 'Black loss have technology suddenly well. Wall mean mouth young could. Interest sea young run wrong. Created on: 2011-07-29.', 'd02da8e5e1890d6c5294f541fd8c4c3d');
insert into user (id, role, user_name, display_name, details, password_hash) values (27, 'Customer', 'allen82', 'Crystal Henry', '838 Berry Inlet, South Sara, CO 38997', 'ce62444176539ba1a01f87f54c159c0b');
insert into user (id, role, user_name, display_name, details, password_hash) values (28, 'Seller', 'joneslance', 'Watkins-Rodriguez', 'Particularly yes morning less. Public benefit which reflect clearly. Created on: 2006-06-13.', '9ef04810f7755dc8aa7ac943f8a1f6ef');
insert into user (id, role, user_name, display_name, details, password_hash) values (29, 'Warehouse Admin', 'xrivera', 'Michael Moore', '40', 'eb3497460b655c5e7f4727c8ec429bbb');
insert into user (id, role, user_name, display_name, details, password_hash) values (30, 'Customer', 'qsantos', 'Stephanie Mccann', '0538 Garcia Curve, North Alison, RI 71461', '2c956f6cf766ccb721413b6f39af1f37');
insert into user (id, role, user_name, display_name, details, password_hash) values (31, 'Warehouse Admin', 'lindsey38', 'Neil Schroeder', '32', '745c73be1c0c0567009292e42272a0cc');
insert into user (id, role, user_name, display_name, details, password_hash) values (32, 'Customer', 'whitecynthia', 'Jonathan Campbell', '3803 Mccann Street Apt. 039, Millerhaven, AL 91944', '95db6cae63a87c77b2fe3a4c4bb5cbe3');
insert into user (id, role, user_name, display_name, details, password_hash) values (33, 'Seller', 'stevenrobertson', 'Johnson Ltd', 'Form art light security. Magazine group under little organization see. Created on: 1973-01-16.', 'cbe150a02492e8579726d04226d6c2fc');
insert into user (id, role, user_name, display_name, details, password_hash) values (34, 'Seller', 'epearson', 'Foster Inc', 'Try whatever my cost region maintain. People at claim personal center reality try. Wish conference nation let. Created on: 2014-06-30.', '9bddfbad2a55f9556922af480ef1f6e0');
insert into user (id, role, user_name, display_name, details, password_hash) values (35, 'Seller', 'brownmark', 'Huynh, Hernandez and Bates', 'On old prove fact trip big. Us show back pick decision reality director. Created on: 1997-11-03.', '9b9d581a748b289762189e190a184d24');
insert into user (id, role, user_name, display_name, details, password_hash) values (36, 'Customer', 'ksavage', 'James Robles', '188 Suzanne Stravenue Apt. 047, Morganmouth, KS 16662', '65f4103c3e77308dd82460355b6185e8');
insert into user (id, role, user_name, display_name, details, password_hash) values (37, 'Customer', 'mosleystephanie', 'Ashley Sheppard', 'USCGC Austin, FPO AA 44865', 'cba9e338522d666d1bc22e694ad493ed');
insert into user (id, role, user_name, display_name, details, password_hash) values (38, 'Seller', 'johnanderson', 'Simon-Donaldson', 'Tree threat employee notice bed. War including next treat. Created on: 2012-01-09.', '08fffbb91efefcd4979b7ccb1f11ea14');
insert into user (id, role, user_name, display_name, details, password_hash) values (39, 'Warehouse Admin', 'cortezbonnie', 'Brian Harris', '50', '3f8b01e6d33368e500425ad2407f8a90');
insert into user (id, role, user_name, display_name, details, password_hash) values (40, 'Warehouse Admin', 'christopher15', 'David Hayes', '45', '2bdd925454b096462dea4d2f8b246f77');
insert into user (id, role, user_name, display_name, details, password_hash) values (41, 'Seller', 'susanrodriguez', 'Edwards, Bailey and Hall', 'For as I nation exist something. Thing data strategy within. Created on: 1983-12-12.', '3131163162471485be801f4f4e650510');
insert into user (id, role, user_name, display_name, details, password_hash) values (42, 'Customer', 'melissa70', 'Alicia Fernandez', '3251 Wilson Fall Suite 576, Dickersonburgh, GU 73293', '8dd00f357ce980359fac150a4461406d');
insert into user (id, role, user_name, display_name, details, password_hash) values (43, 'Warehouse Admin', 'kimberlylopez', 'Jennifer Bradshaw', '38', '69bb8058d31dd281b53fd4d9799e85a7');
insert into user (id, role, user_name, display_name, details, password_hash) values (44, 'Customer', 'rebecca94', 'Julie Estrada', '3051 Mark Forges Apt. 344, Hudsonchester, VA 82765', '0702c88c3b58ebf6c3d536b27835a2fa');
insert into user (id, role, user_name, display_name, details, password_hash) values (45, 'Customer', 'david20', 'Ryan Torres', '57956 Parks Spring Suite 437, New Justinborough, HI 78964', '49286c3c13c92a62d51dfcd069fa62c5');
insert into user (id, role, user_name, display_name, details, password_hash) values (46, 'Warehouse Admin', 'lauren82', 'Michele Clayton', '18', '2de7dd36cebdba7df9a427ac758ebf44');
insert into user (id, role, user_name, display_name, details, password_hash) values (47, 'Warehouse Admin', 'xdunn', 'Diana Olson', '32', 'f0d1e073890f804a3af2044dda98c4d8');
insert into user (id, role, user_name, display_name, details, password_hash) values (48, 'Customer', 'bradleytyler', 'Carolyn Summers', '76724 Boyd Ports, Kevintown, WI 81922', '613829d10c9cbf71d872ca9942ca4379');
insert into user (id, role, user_name, display_name, details, password_hash) values (49, 'Customer', 'panderson', 'Trevor Morales', '250 Brenda Run, South Todd, MT 69501', 'dc570e03ac77301d7b2f92185e0ed5ae');
insert into user (id, role, user_name, display_name, details, password_hash) values (50, 'Seller', 'dprice', 'Williams Ltd', 'Thousand although decade small fine. Land check else treat century. Created on: 2019-05-03.', '97de4d07c59c94ca8234f8da19f904cf');
insert into user (id, role, user_name, display_name, details, password_hash) values (51, 'Seller', 'timothy37', 'Allen PLC', 'Culture ever story section. Kind product exist consider poor speech there. Created on: 2003-04-25.', 'ba615b531bcc382bb827c7e19586e9f3');
insert into user (id, role, user_name, display_name, details, password_hash) values (52, 'Seller', 'charlotte68', 'Ross LLC', 'Bill particular want politics national. Oil control school. Fill hair game old discussion future. Created on: 2005-02-21.', '0cd954b4799a7912214fc9e7c16bea99');
insert into user (id, role, user_name, display_name, details, password_hash) values (53, 'Warehouse Admin', 'psummers', 'Crystal Downs', '15', 'bcfd7c3865a7f4c15e219786a9c75e24');
insert into user (id, role, user_name, display_name, details, password_hash) values (54, 'Customer', 'lindsay34', 'Christopher Baker', '8979 Fisher Plaza, Garyside, NJ 05113', '129012e6cca6150f7cf6c8fca5a57967');
insert into user (id, role, user_name, display_name, details, password_hash) values (55, 'Seller', 'lawrencephillips', 'Hernandez, Joseph and Cochran', 'Main avoid green important between. Outside director hundred. Created on: 1989-04-13.', 'cf869191674106d40bd5dbdc576e52ac');
insert into user (id, role, user_name, display_name, details, password_hash) values (56, 'Customer', 'mjohnson', 'John Griffin', '2501 Kimberly Trafficway, Devinview, MO 89427', 'd8110eddf3d7c95b167784bf8619236c');
insert into user (id, role, user_name, display_name, details, password_hash) values (57, 'Seller', 'baileycaitlin', 'Thompson, Garcia and Gonzalez', 'Wish memory set. Recognize organization particularly. Created on: 2017-07-09.', 'bc13f1ce005a5a0e31194c5079213c0d');
insert into user (id, role, user_name, display_name, details, password_hash) values (58, 'Warehouse Admin', 'donald77', 'Calvin Lee', '16', '4862e7304f25430b9011b631010918b9');
insert into user (id, role, user_name, display_name, details, password_hash) values (59, 'Customer', 'zimmermancraig', 'Brett Wilkins', '88890 Hodges Port, New Drewville, WY 06614', '4e9f8ab01081a6c93d9cf9effc17690b');
insert into user (id, role, user_name, display_name, details, password_hash) values (60, 'Seller', 'levineapril', 'Medina PLC', 'Art style choice owner word score. Better since plan ability floor drop certainly. Certain me church day American forward successful. Created on: 2012-12-31.', '2aa650835fb6f286b093d22b958cc11b');
insert into user (id, role, user_name, display_name, details, password_hash) values (61, 'Warehouse Admin', 'rileypatel', 'Phillip Maxwell', '9', '1faa04e1cdb1e96804e5a07479128332');
insert into user (id, role, user_name, display_name, details, password_hash) values (62, 'Seller', 'donnaparrish', 'Wilson, Li and Cruz', 'Condition computer development explain Mrs. Soon partner program current suddenly fund. Created on: 2015-10-29.', 'a68856fec54280952ad310e45ee5b4eb');
insert into user (id, role, user_name, display_name, details, password_hash) values (63, 'Customer', 'elizabeth54', 'Betty Smith', '97721 Bernard Walk, Conwayberg, LA 28065', 'a667c51b0844e8f8ecf6a4d90af34f49');
insert into user (id, role, user_name, display_name, details, password_hash) values (64, 'Seller', 'gregory05', 'Allen and Sons', 'Again focus stay provide another. Job bed economic source final far question movement. Created on: 1993-03-05.', 'c60d303e74190f2eea7f27fd783299af');
insert into user (id, role, user_name, display_name, details, password_hash) values (65, 'Customer', 'jhill', 'David Pope', '41439 Christopher Green Apt. 143, West Jamesstad, NV 36736', 'd8468d4f2f50feff6a8fcb4fb9d6e04f');
insert into user (id, role, user_name, display_name, details, password_hash) values (66, 'Seller', 'smithjessica', 'Williams PLC', 'Series institution interesting light scene trade. Machine great big. Created on: 1983-08-14.', '538ebbee8e0d30fbf2802365fe8dc674');
insert into user (id, role, user_name, display_name, details, password_hash) values (67, 'Seller', 'tgates', 'Kirby-Dominguez', 'Hundred produce condition ago such prove high. Only husband successful interesting. Expert responsibility generation loss none couple culture. Created on: 2014-02-12.', '2cc7857745f2d4aadbff54abd3d011f9');
insert into user (id, role, user_name, display_name, details, password_hash) values (68, 'Customer', 'davistina', 'Jennifer Hernandez', '970 Matthew Union Apt. 199, Lake Kimberlymouth, MA 49655', 'f830b906d34026584d39cb5c337e3bbf');
insert into user (id, role, user_name, display_name, details, password_hash) values (69, 'Customer', 'hailey76', 'Allison Ward', '241 Patricia Loop Apt. 670, New Morganside, HI 19615', '363ea5920dd4a66710c1b459d58eada5');
insert into user (id, role, user_name, display_name, details, password_hash) values (70, 'Warehouse Admin', 'phillipscurtis', 'Tanya Howell', '50', 'b09cf08434350bea5111da912814165e');
insert into user (id, role, user_name, display_name, details, password_hash) values (71, 'Seller', 'josephmurphy', 'Copeland, Wallace and Hernandez', 'Third reality method try push call effort spend. Able its describe. Factor stop yes product. Created on: 1983-06-12.', '47b233229f1e15d8ce66b10d728fc1d6');
insert into user (id, role, user_name, display_name, details, password_hash) values (72, 'Warehouse Admin', 'georgeferrell', 'Anna Cruz', '43', 'd3e328655fb957afed1ac1ccf9338d53');
insert into user (id, role, user_name, display_name, details, password_hash) values (73, 'Seller', 'ajoseph', 'Padilla, Moore and Bowen', 'Between response difficult people sea yard check. Work add little kid prove. Created on: 1987-07-28.', '7ba498e3a0fe8e3009f9fb7d023bb3af');
insert into user (id, role, user_name, display_name, details, password_hash) values (74, 'Seller', 'joanbryant', 'Callahan, Hoffman and Boyd', 'Why across drug discuss me ten up. Created on: 2004-02-11.', '6dda1343a643750e96f2e9704cdcc95f');
insert into user (id, role, user_name, display_name, details, password_hash) values (75, 'Seller', 'millerbarbara', 'Wood-Lloyd', 'You there foot they prevent spring shoulder modern. Break beautiful debate son product should trip. Service our statement local bad join whose different. Created on: 2022-05-13.', '3e51ec77571df0ac1dcfe23f062abbec');
insert into user (id, role, user_name, display_name, details, password_hash) values (76, 'Warehouse Admin', 'karenrodriguez', 'Jacob Johnson', '12', '86005d7d913eda65e7536c5e555a5dbd');
insert into user (id, role, user_name, display_name, details, password_hash) values (77, 'Warehouse Admin', 'greenrichard', 'Mrs. Andrea Simon', '46', '4cde4a97be8e5de42e595696918f942f');
insert into user (id, role, user_name, display_name, details, password_hash) values (78, 'Warehouse Admin', 'econrad', 'Maria Watson', '50', '5881f704f881ee760db14f6b8dfdfbf1');
insert into user (id, role, user_name, display_name, details, password_hash) values (79, 'Customer', 'aaronwillis', 'Nancy Jones', '46261 James Burg Suite 607, Smithtown, HI 72611', '6cb3eaec68876416a5beb229ca0325ab');
insert into user (id, role, user_name, display_name, details, password_hash) values (80, 'Customer', 'kathryngonzalez', 'Susan Johnson', '3989 Guzman Underpass, North Lisachester, ND 75555', '24adbdb983c7718282f4faeb1e051add');
insert into user (id, role, user_name, display_name, details, password_hash) values (81, 'Warehouse Admin', 'burnettamy', 'Lisa Davila', '37', '2665da7e16de1f00252f3a458b8d2a0d');
insert into user (id, role, user_name, display_name, details, password_hash) values (82, 'Seller', 'lauraking', 'Phillips LLC', 'Hot feeling artist full news. Certain me between. Write once name force. Created on: 1983-05-25.', 'c4709b2169358c2632444d28da9fdf5e');
insert into user (id, role, user_name, display_name, details, password_hash) values (83, 'Customer', 'sheilamcgrath', 'Warren Craig', '2388 Michael Stravenue Apt. 501, South Kimberlymouth, VT 24759', '5eee3b0bfc6e8a66026a60e2ae11466b');
insert into user (id, role, user_name, display_name, details, password_hash) values (84, 'Seller', 'gjenkins', 'Harrington-Rodriguez', 'Federal letter short support themselves former successful. Easy build poor evidence memory rest. Created on: 2017-09-30.', '79342e1663e80be6b18541944760bbe5');
insert into user (id, role, user_name, display_name, details, password_hash) values (85, 'Customer', 'ashlee52', 'Courtney Smith', '3344 Richard Rue Apt. 912, Maldonadobury, VI 21002', '5a963269ed29a82705ea0ca5b905c911');
insert into user (id, role, user_name, display_name, details, password_hash) values (86, 'Warehouse Admin', 'robertharrington', 'Amanda Dean', '50', '576c5aae9ac447fe569fbf43d7aaac73');
insert into user (id, role, user_name, display_name, details, password_hash) values (87, 'Warehouse Admin', 'garciajonathan', 'Anne Tran', '27', '72ca436f3a01cd667e04eb431dd83125');
insert into user (id, role, user_name, display_name, details, password_hash) values (88, 'Warehouse Admin', 'greyes', 'Emily Johnston', '48', '965adcd52d1e045110ab14e16710eb08');
insert into user (id, role, user_name, display_name, details, password_hash) values (89, 'Seller', 'kelly80', 'Day PLC', 'Value perform pressure hospital always. Your goal pull arm. Created on: 1981-03-09.', 'fbb4119152dd68c56d7d764222ecc8ab');
insert into user (id, role, user_name, display_name, details, password_hash) values (90, 'Customer', 'hannahmcmillan', 'Lynn Jones', '582 Sharon Island, South Patrickborough, NM 84955', 'bed8600840db1fdbbc26f3b462513660');
insert into user (id, role, user_name, display_name, details, password_hash) values (91, 'Warehouse Admin', 'david23', 'Monica Taylor', '37', 'f5d58903a0219b897dbcb4312aadcf6f');
insert into user (id, role, user_name, display_name, details, password_hash) values (92, 'Customer', 'hrodriguez', 'Steven Chavez', '1109 Corey Prairie, East Kimberlyfurt, KS 47410', '1db6e612401a02b84580f0e02b75e807');
insert into user (id, role, user_name, display_name, details, password_hash) values (93, 'Customer', 'lhernandez', 'Hector Green', '7828 Erin Motorway Apt. 588, Heathermouth, NH 01706', '30fd00de521f06e0d3d73f7c67dcd443');
insert into user (id, role, user_name, display_name, details, password_hash) values (94, 'Seller', 'leonardmichael', 'Spencer and Sons', 'Daughter participant go along. Created on: 2021-07-06.', '7e175f9e141bf938f81f4e74a0dd6ae1');
insert into user (id, role, user_name, display_name, details, password_hash) values (95, 'Seller', 'james31', 'Preston, Cuevas and Gillespie', 'Admit step trouble entire difficult serve development. Success test character woman car physical. Created on: 1998-08-17.', '7150e3cbb2d109074193eb5003e70bd3');
insert into user (id, role, user_name, display_name, details, password_hash) values (96, 'Customer', 'johnbrady', 'Cynthia Martinez', '8883 Bennett Manors, North Alyssatown, AK 08043', '501a5c2c1bf7945dec8e9a8746ec3332');
insert into user (id, role, user_name, display_name, details, password_hash) values (97, 'Customer', 'leslie27', 'Jill Wright', '22639 Alexandra Roads, Cameronborough, NM 52115', '43db184dfea59a6542a724ba43aa620c');
insert into user (id, role, user_name, display_name, details, password_hash) values (98, 'Customer', 'cbradford', 'Michele Davidson', '696 Megan Street, Port Savannah, DC 77474', '061f7ed6589bfe5a500bae2d8c7d102b');
insert into user (id, role, user_name, display_name, details, password_hash) values (99, 'Seller', 'uhinton', 'Rhodes-Simpson', 'As less industry. Author end away that price staff. Effort themselves available improve. Created on: 1976-08-21.', '118fcfaa8d3a54d47a97476b1cbebf79');
insert into user (id, role, user_name, display_name, details, password_hash) values (100, 'Seller', 'jonesrobert', 'Murphy-Patton', 'Decision onto always spring glass high. Fire across campaign matter. Created on: 2011-05-09.', 'afe9b7f3d51666d64c3df7054ab0796a');
insert into warehouse (id, name, address, total_area, remaining_area) values (1, 'Andersonchester 92', '2931 Harris Port, Richardsonberg, TN 77467', 8586, 8037);
insert into warehouse (id, name, address, total_area, remaining_area) values (2, 'Billmouth 32', '905 Tim Shoals, Mirandafort, MI 69208', 3483, 3219);
insert into warehouse (id, name, address, total_area, remaining_area) values (3, 'West Maria 10', '874 Anderson Village, East Mike, WY 50011', 3569, 2589);
insert into warehouse (id, name, address, total_area, remaining_area) values (4, 'East Henry 2', '74967 Sanchez Trace, Port Danielleborough, CO 58010', 3364, 2561);
insert into warehouse (id, name, address, total_area, remaining_area) values (5, 'West Vicki 30', 'USNV Freeman, FPO AE 37459', 2206, 2170);
insert into warehouse (id, name, address, total_area, remaining_area) values (6, 'Lewisland 95', '3217 Brittany Trafficway, Jacobsmouth, NY 98371', 4183, 3599);
insert into warehouse (id, name, address, total_area, remaining_area) values (7, 'Port Lisa 67', '47036 Donald Ridges, West Courtney, WV 82275', 2231, 1907);
insert into warehouse (id, name, address, total_area, remaining_area) values (8, 'New Stacy 80', '580 Cameron Tunnel, West Gregoryport, SD 57260', 11753, 10887);
insert into warehouse (id, name, address, total_area, remaining_area) values (9, 'West Sydney 81', '693 Charles Stream Apt. 546, Port Jerryfurt, GA 74892', 2020, 1289);
insert into warehouse (id, name, address, total_area, remaining_area) values (10, 'West Abigail 86', 'PSC 5097, Box 1871, APO AE 60288', 4259, 4189);
insert into warehouse (id, name, address, total_area, remaining_area) values (11, 'Lisahaven 91', 'PSC 7679, Box 7725, APO AE 83282', 2675, 1843);
insert into warehouse (id, name, address, total_area, remaining_area) values (12, 'Lake Christinaberg 69', '5658 Jason Point Suite 075, New Brandon, KY 24079', 2796, 2671);
insert into warehouse (id, name, address, total_area, remaining_area) values (13, 'East Nancybury 85', '1594 Baker Throughway, Lake Johnberg, PW 19756', 4996, 4528);
insert into warehouse (id, name, address, total_area, remaining_area) values (14, 'Port Christopherport 100', '4233 Dennis Prairie Suite 456, Cooperville, NE 69057', 11012, 10373);
insert into warehouse (id, name, address, total_area, remaining_area) values (15, 'Mitchellview 88', 'USCGC Luna, FPO AA 60423', 9427, 9259);
insert into warehouse (id, name, address, total_area, remaining_area) values (16, 'South Sandra 92', '722 Freeman Viaduct, North Pamelaland, OR 12810', 5842, 5668);
insert into warehouse (id, name, address, total_area, remaining_area) values (17, 'Justinview 80', '5234 Odom Shores, Port Connor, ME 23005', 10854, 10780);
insert into warehouse (id, name, address, total_area, remaining_area) values (18, 'Justinmouth 11', '544 Hayley Inlet Suite 726, Whiteside, NC 10720', 5537, 5061);
insert into warehouse (id, name, address, total_area, remaining_area) values (19, 'North Paulamouth 53', '4568 Williams Loop Apt. 204, Kellyton, AR 63885', 1347, 1055);
insert into warehouse (id, name, address, total_area, remaining_area) values (20, 'West David 32', '4907 Carter Centers, New Jason, MI 29247', 1549, 757);

insert into product (id, title, seller_id, price, description, category, length, width, height, image, created_at, updated_at) values (1, 'Black Dangerous Table Version 34', 8, 424567, 'Black Dangerous Table Version 34 is a a luxury computer that cannot be found in your local stores!Full stage fill business skill protect yet. Plan into TV. Get physical nothing look. Head no sport detail thousand thus.', 'Computer', 74, 79, 36, 'card.jpg', '1990-08-31 17:09:12', '2005-06-08 11:22:41');
insert into product (id, title, seller_id, price, description, category, length, width, height, image, created_at, updated_at) values (2, 'Mx. Day''s Loud Intention No. 804', 55, 126632, 'Mx. Day''s Loud Intention No. 804 is a a luxury male sportswear that cannot be found in your local stores!Wonder may city miss series if table. Author house film prevent. Among term here strategy drop pretty north.', 'Male Sportswear', 43, 71, 101, 'security.jpg', '1990-03-24 15:13:51', '2006-10-15 10:40:04');
insert into product (id, title, seller_id, price, description, category, length, width, height, image, created_at, updated_at) values (3, 'SlateGray Sufficient Entertainment Prototype #412', 84, 227345, 'SlateGray Sufficient Entertainment Prototype #412 is a a luxury male accessories that cannot be found in your local stores!Character full use research this the. Modern war administration expect hundred.', 'Male Accessories', 78, 33, 75, 'brother.gif', '1974-04-30 13:51:49', '1997-09-28 05:08:09');
insert into product (id, title, seller_id, price, description, category, length, width, height, image, created_at, updated_at) values (4, 'Teal Logical Telephone No. 752', 71, 8614, 'Teal Logical Telephone No. 752 is a a cheap female clothing that cannot be found in your local stores!Knowledge woman anyone understand. Job table because view under drop have mouth. Federal data moment.', 'Female Clothing', 147, 54, 108, 'election.png', '1979-03-17 15:41:37', '1980-10-08 07:09:13');
insert into product (id, title, seller_id, price, description, category, length, width, height, image, created_at, updated_at) values (5, 'White Right Clerk Gen. 661', 67, 140814, 'White Right Clerk Gen. 661 is a a luxury floor decoration that cannot be found in your local stores!Song soon class fly once difficult put recent. Position speech thing. Lot himself light church no talk.', 'Floor Decoration', 134, 12, 70, 'box.bmp', '1986-01-23 08:28:02', '2017-03-10 13:05:50');
insert into product (id, title, seller_id, price, description, category, length, width, height, image, created_at, updated_at) values (6, 'Born in Palestinian Territory: Perfect Apartment Prototype #771', 51, 913057, 'Born in Palestinian Territory: Perfect Apartment Prototype #771 is a a luxury male sportswear that cannot be found in your local stores!Fly military give stuff. Team national tend wish city lay.', 'Male Sportswear', 89, 33, 56, 'month.jpeg', '1994-11-01 04:27:27', '1998-05-20 22:40:40');
insert into product (id, title, seller_id, price, description, category, length, width, height, image, created_at, updated_at) values (7, 'GreenYellow Positive Dream Variance 226', 89, 489031, 'GreenYellow Positive Dream Variance 226 is a a luxury phone accessories that cannot be found in your local stores!Hair prevent short whose positive member. Save experience foreign high. Notice light memory politics answer. Establish discussion or behind.', 'Phone Accessories', 25, 14, 33, 'hand.bmp', '1982-01-21 00:38:09', '2021-08-11 21:44:16');
insert into product (id, title, seller_id, price, description, category, length, width, height, image, created_at, updated_at) values (8, 'SeaShell Rich Tree Prototype #651', 8, 608623, 'SeaShell Rich Tree Prototype #651 is a a luxury lamps that cannot be found in your local stores!Between guess maintain discover set political. Security whose very win.', 'Lamps', 128, 52, 82, 'social.gif', '1977-05-05 01:03:43', '2013-06-26 10:56:19');
insert into product (id, title, seller_id, price, description, category, length, width, height, image, created_at, updated_at) values (9, 'YellowGreen Ill Standard Gen. 310', 100, 822413, 'YellowGreen Ill Standard Gen. 310 is a a luxury female accessories that cannot be found in your local stores!Mouth star receive outside choose. Budget apply sure buy arm throw beautiful. Material surface old main medical plan.', 'Female Accessories', 74, 39, 35, 'play.jpeg', '1974-10-14 19:21:36', '2015-10-20 01:31:41');
insert into product (id, title, seller_id, price, description, category, length, width, height, image, created_at, updated_at) values (10, 'Peru Glad Insurance Variance 266', 82, 673663, 'Peru Glad Insurance Variance 266 is a a luxury refridgerator that cannot be found in your local stores!Source first police stop. Beautiful sign beautiful investment Republican he.', 'Refridgerator', 66, 23, 122, 'then.tiff', '1982-05-02 05:34:35', '1995-04-28 02:46:14');
insert into product (id, title, seller_id, price, description, category, length, width, height, image, created_at, updated_at) values (11, 'Blue Past Worker Edition 272', 11, 194709, 'Blue Past Worker Edition 272 is a a luxury bed that cannot be found in your local stores!Computer instead ahead simple. Drop build discover truth. Administration cost voice modern design other. Church enough who little prove.', 'Bed', 26, 61, 79, 'quite.jpeg', '1972-08-05 19:36:58', '1994-07-08 00:34:28');
insert into product (id, title, seller_id, price, description, category, length, width, height, image, created_at, updated_at) values (12, 'Made in Saint Kitts and Nevis: Wild Singer MK 655', 100, 476221, 'Made in Saint Kitts and Nevis: Wild Singer MK 655 is a a luxury wall decoration that cannot be found in your local stores!End reveal Democrat conference start rather or. Standard relationship out low matter. Art poor fill.', 'Wall Decoration', 71, 88, 50, 'sister.gif', '1981-08-17 13:29:13', '2020-03-07 16:33:22');
insert into product (id, title, seller_id, price, description, category, length, width, height, image, created_at, updated_at) values (13, 'Mr. Dixon''s Recent Friendship Edition 31', 33, 155160, 'Mr. Dixon''s Recent Friendship Edition 31 is a a luxury computer that cannot be found in your local stores!Fact huge avoid option behind reach. Apply remain could but have general business main.', 'Computer', 64, 51, 20, 'guy.tiff', '1979-09-10 04:37:59', '2002-06-14 04:57:41');
insert into product (id, title, seller_id, price, description, category, length, width, height, image, created_at, updated_at) values (14, 'PaleTurquoise Suspicious Youth Gen. 229', 35, 992077, 'PaleTurquoise Suspicious Youth Gen. 229 is a a luxury girl clothing and accessories that cannot be found in your local stores!Land spend work than time upon others tree. Talk rate this paper decade.', 'Girl Clothing and Accessories', 106, 87, 95, 'question.tiff', '1993-02-14 09:24:27', '2020-07-22 10:18:11');
insert into product (id, title, seller_id, price, description, category, length, width, height, image, created_at, updated_at) values (15, 'Born in Guyana: Official Relation Edition 130', 89, 293210, 'Born in Guyana: Official Relation Edition 130 is a a luxury female accessories that cannot be found in your local stores!Personal success ready fall. Cost something themselves continue despite four. Tree education common plant middle. Series travel respond politics.', 'Female Accessories', 25, 23, 84, 'grow.png', '1971-05-24 04:07:35', '2012-03-20 13:08:27');
insert into product (id, title, seller_id, price, description, category, length, width, height, image, created_at, updated_at) values (16, 'Mrs. Stewart''s Best Parent Gen. 900', 67, 582207, 'Mrs. Stewart''s Best Parent Gen. 900 is a a luxury girl clothing and accessories that cannot be found in your local stores!Paper accept thus stuff visit. Market line manage. Ahead claim over skill improve sense sort. Father college thing gun perform.', 'Girl Clothing and Accessories', 40, 52, 23, 'cover.png', '2012-12-08 07:49:24', '2013-09-29 23:48:26');
insert into product (id, title, seller_id, price, description, category, length, width, height, image, created_at, updated_at) values (17, 'Figueroa PLC''s Additional Wave Prototype #761', 82, 56659, 'Figueroa PLC''s Additional Wave Prototype #761 is a an affordably priced male clothing that cannot be found in your local stores!Mind account include brother from. Economy enter watch rather general term hard. Successful well bank great wonder you example series.', 'Male Clothing', 133, 54, 150, 'fill.bmp', '1980-11-17 16:43:17', '1996-09-23 18:26:05');
insert into product (id, title, seller_id, price, description, category, length, width, height, image, created_at, updated_at) values (18, 'Made in United States Virgin Islands: Downtown Fact No. 973', 38, 492209, 'Made in United States Virgin Islands: Downtown Fact No. 973 is a a luxury female sportswear that cannot be found in your local stores!World hospital but upon office along radio. Serve wear share wall peace six mind push. Turn sing story hope in another.', 'Female Sportswear', 128, 31, 87, 'key.png', '2005-10-29 22:16:54', '2018-04-07 04:47:03');
insert into product (id, title, seller_id, price, description, category, length, width, height, image, created_at, updated_at) values (19, 'Odonnell-Wilson''s International Farm No. 696', 100, 266499, 'Odonnell-Wilson''s International Farm No. 696 is a a luxury male clothing that cannot be found in your local stores!Sometimes street ok must report. Technology scene car such measure me. During white game enjoy born quickly.', 'Male Clothing', 64, 64, 46, 'Republican.bmp', '1984-07-01 15:40:12', '2007-10-02 02:41:56');
insert into product (id, title, seller_id, price, description, category, length, width, height, image, created_at, updated_at) values (20, 'Born in Taiwan: Lost Mud Edition 312', 11, 257171, 'Born in Taiwan: Lost Mud Edition 312 is a a luxury refridgerator that cannot be found in your local stores!Enter least per his while. Event easy still under then idea. Ago sister hold.', 'Refridgerator', 10, 87, 132, 'establish.jpeg', '1974-05-01 21:27:49', '1983-08-07 06:35:25');
insert into product (id, title, seller_id, price, description, category, length, width, height, image, created_at, updated_at) values (21, 'Made in Ireland: Proud Poetry MK 515', 34, 141926, 'Made in Ireland: Proud Poetry MK 515 is a a luxury ball sports that cannot be found in your local stores!Meeting bring energy actually. State billion film charge. Simply wrong attorney movement.', 'Ball Sports', 45, 20, 85, 'have.png', '2007-04-12 13:41:39', '2014-03-03 05:26:04');
insert into product (id, title, seller_id, price, description, category, length, width, height, image, created_at, updated_at) values (22, 'Ind. Peterson''s Drunk While No. 976', 33, 588909, 'Ind. Peterson''s Drunk While No. 976 is a a luxury girl clothing and accessories that cannot be found in your local stores!Clearly daughter fund outside. Development similar while speech table. Success difficult high ground. Open view behavior decision month bring.', 'Girl Clothing and Accessories', 149, 83, 44, 'agent.jpg', '1991-11-25 17:50:49', '1997-12-31 21:49:31');
insert into product (id, title, seller_id, price, description, category, length, width, height, image, created_at, updated_at) values (23, 'OldLace Mad Model Edition 169', 99, 23250, 'OldLace Mad Model Edition 169 is a a cheap female accessories that cannot be found in your local stores!Ten back on big. Small blue accept air money air. Somebody actually run daughter person.', 'Female Accessories', 20, 65, 91, 'thought.bmp', '1991-08-06 11:48:00', '2022-01-27 22:07:48');
insert into product (id, title, seller_id, price, description, category, length, width, height, image, created_at, updated_at) values (24, 'Mr. Duran''s Weird Editor Gen. 397', 94, 353162, 'Mr. Duran''s Weird Editor Gen. 397 is a a luxury racket sports that cannot be found in your local stores!One police two board factor. Traditional class walk structure right arm. After soldier improve treatment detail hear bring.', 'Racket Sports', 98, 24, 144, 'record.gif', '1983-01-22 11:47:47', '1985-02-17 01:22:03');
insert into product (id, title, seller_id, price, description, category, length, width, height, image, created_at, updated_at) values (25, 'Mx. Hayes''s Cultural Resort Version 894', 94, 930361, 'Mx. Hayes''s Cultural Resort Version 894 is a a luxury tv that cannot be found in your local stores!Participant politics choose also stuff upon thing. Glass black throw major sort water.', 'TV', 146, 85, 33, 'big.bmp', '2020-11-07 23:30:48', '2023-07-08 21:40:13');
insert into product (id, title, seller_id, price, description, category, length, width, height, image, created_at, updated_at) values (26, 'Violet Financial Training No. 217', 71, 998314, 'Violet Financial Training No. 217 is a a luxury racket sports that cannot be found in your local stores!Dark voice foreign difference read threat billion. Into middle area involve police clear. Son three fund size bill skill sit.', 'Racket Sports', 20, 30, 119, 'marriage.bmp', '2002-02-01 00:25:55', '2005-06-14 05:07:26');
insert into product (id, title, seller_id, price, description, category, length, width, height, image, created_at, updated_at) values (27, 'Born in Palau: New Ruin Variance 247', 41, 645348, 'Born in Palau: New Ruin Variance 247 is a a luxury male sportswear that cannot be found in your local stores!Yet center how whether. Tree good while able happen become pattern. Above hot affect.', 'Male Sportswear', 29, 14, 45, 'add.png', '1979-03-14 22:45:46', '2016-07-02 20:25:08');
insert into product (id, title, seller_id, price, description, category, length, width, height, image, created_at, updated_at) values (28, 'Born in Austria: Dry Piano MK 901', 57, 538712, 'Born in Austria: Dry Piano MK 901 is a a luxury female sportswear that cannot be found in your local stores!Sign go education stuff perhaps stop. Baby she road green network event.', 'Female Sportswear', 60, 62, 146, 'watch.gif', '1981-09-17 19:20:28', '2006-06-14 14:51:35');
insert into product (id, title, seller_id, price, description, category, length, width, height, image, created_at, updated_at) values (29, 'DarkMagenta Internal Bathroom Gen. 560', 15, 455467, 'DarkMagenta Internal Bathroom Gen. 560 is a a luxury chairs and sofas that cannot be found in your local stores!Social under easy cold environment. Apply tree door us. Produce edge do collection.', 'Chairs and Sofas', 102, 25, 96, 'article.jpg', '1975-08-18 17:17:56', '2018-09-07 12:11:39');
insert into product (id, title, seller_id, price, description, category, length, width, height, image, created_at, updated_at) values (30, 'Newton Inc''s Best Game Version 606', 28, 122144, 'Newton Inc''s Best Game Version 606 is a a luxury male sportswear that cannot be found in your local stores!So leg however its short inside tough kid. Air space family evening claim. Study individual last kind girl personal.', 'Male Sportswear', 72, 26, 76, 'short.jpeg', '2018-04-25 21:09:05', '2019-05-08 05:40:11');
insert into product (id, title, seller_id, price, description, category, length, width, height, image, created_at, updated_at) values (31, 'Made in Trinidad and Tobago: Annual Project Variance 73', 84, 451311, 'Made in Trinidad and Tobago: Annual Project Variance 73 is a a luxury male sportswear that cannot be found in your local stores!Sense tough fish single challenge. Usually seven chance let free turn hear side. Look customer beautiful bring.', 'Male Sportswear', 87, 63, 83, 'color.png', '2021-03-09 10:58:56', '2021-06-23 15:24:27');
insert into product (id, title, seller_id, price, description, category, length, width, height, image, created_at, updated_at) values (32, 'Made in Nicaragua: Existing End Edition 623', 5, 740117, 'Made in Nicaragua: Existing End Edition 623 is a a luxury wall decoration that cannot be found in your local stores!Young amount final new peace finally. Fact rich door imagine which here conference imagine. Six good and still hand.', 'Wall Decoration', 145, 47, 129, 'second.bmp', '1999-11-21 12:39:41', '2020-09-07 03:16:19');
insert into product (id, title, seller_id, price, description, category, length, width, height, image, created_at, updated_at) values (33, 'Born in Poland: Specific Sector No. 768', 26, 325706, 'Born in Poland: Specific Sector No. 768 is a a luxury bed that cannot be found in your local stores!Now young discover entire. Possible something unit new. Hair worry side tend light.', 'Bed', 83, 20, 133, 'high.gif', '1979-07-08 18:01:50', '1999-06-30 17:28:47');
insert into product (id, title, seller_id, price, description, category, length, width, height, image, created_at, updated_at) values (34, 'MintCream Friendly Efficiency Version 172', 35, 986786, 'MintCream Friendly Efficiency Version 172 is a a luxury computer accessories that cannot be found in your local stores!Consider she discuss involve. Foot need fast somebody father. Picture while travel respond significant.', 'Computer Accessories', 16, 69, 20, 'behind.jpeg', '1987-04-10 07:14:16', '2011-10-30 04:12:59');
insert into product (id, title, seller_id, price, description, category, length, width, height, image, created_at, updated_at) values (35, 'Mx. Robinson''s International Network No. 470', 84, 756137, 'Mx. Robinson''s International Network No. 470 is a a luxury cooker and oven that cannot be found in your local stores!Result remember force chair someone involve. Ok your practice conference. Require mother newspaper this bad tax.', 'Cooker and Oven', 37, 82, 104, 'office.jpg', '2004-02-10 19:35:49', '2013-04-19 15:55:17');
insert into product (id, title, seller_id, price, description, category, length, width, height, image, created_at, updated_at) values (36, 'Born in Zimbabwe: Terrible School Prototype #85', 82, 278376, 'Born in Zimbabwe: Terrible School Prototype #85 is a a luxury female sportswear that cannot be found in your local stores!Able young trial. Language bar wide lawyer blood sport lead. Daughter miss before build someone easy former sea.', 'Female Sportswear', 106, 61, 139, 'standard.tiff', '2009-02-06 06:19:51', '2012-10-23 10:52:42');
insert into product (id, title, seller_id, price, description, category, length, width, height, image, created_at, updated_at) values (37, 'Mrs. Thomas''s Suspicious Signature No. 992', 28, 322154, 'Mrs. Thomas''s Suspicious Signature No. 992 is a a luxury racket sports that cannot be found in your local stores!Know manage stop north between cut. Every person quickly.', 'Racket Sports', 64, 50, 36, 'news.bmp', '1976-01-26 09:00:13', '1982-03-17 16:30:43');
insert into product (id, title, seller_id, price, description, category, length, width, height, image, created_at, updated_at) values (38, 'Hammond Group''s Strong Reception MK 508', 75, 803943, 'Hammond Group''s Strong Reception MK 508 is a a luxury female sportswear that cannot be found in your local stores!Science because rule. By when analysis throw. One middle set rate. Local black reach black full admit dream skin.', 'Female Sportswear', 71, 71, 47, 'during.jpg', '1999-08-18 22:46:36', '2013-09-09 01:47:47');
insert into product (id, title, seller_id, price, description, category, length, width, height, image, created_at, updated_at) values (39, 'Mr. Barrett''s Correct Temperature Variance 662', 38, 955933, 'Mr. Barrett''s Correct Temperature Variance 662 is a a luxury computer that cannot be found in your local stores!Treat allow cause big price point official chair. Him mean these quality home popular. Notice near guy cup.', 'Computer', 126, 70, 148, 'bed.gif', '1972-04-13 00:35:19', '2001-06-01 19:05:21');
insert into product (id, title, seller_id, price, description, category, length, width, height, image, created_at, updated_at) values (40, 'Fuchsia Public Passenger No. 350', 84, 574630, 'Fuchsia Public Passenger No. 350 is a a luxury phone accessories that cannot be found in your local stores!Upon bad develop. Someone site author international leader not instead. Play know example who long more.', 'Phone Accessories', 107, 53, 64, 'live.png', '2010-09-26 01:43:49', '2019-02-08 03:06:40');
insert into product (id, title, seller_id, price, description, category, length, width, height, image, created_at, updated_at) values (41, 'Crimson Dead Gap MK 586', 28, 305545, 'Crimson Dead Gap MK 586 is a a luxury refridgerator that cannot be found in your local stores!Student source support development. Officer property make live tonight idea. Throughout national green style individual heavy give positive.', 'Refridgerator', 63, 80, 108, 'red.gif', '2004-01-06 20:14:00', '2012-08-04 13:32:35');
insert into product (id, title, seller_id, price, description, category, length, width, height, image, created_at, updated_at) values (42, 'Parker-Young''s Obvious Law Prototype #816', 5, 712046, 'Parker-Young''s Obvious Law Prototype #816 is a a luxury refridgerator that cannot be found in your local stores!View idea customer you. Wait bring lay subject.', 'Refridgerator', 13, 54, 56, 'wall.png', '2000-08-08 00:21:10', '2014-08-21 23:57:29');
insert into product (id, title, seller_id, price, description, category, length, width, height, image, created_at, updated_at) values (43, 'Bauer-Nichols''s Useful Sun No. 64', 66, 923720, 'Bauer-Nichols''s Useful Sun No. 64 is a a luxury chairs and sofas that cannot be found in your local stores!Win will scene agree west forward investment under. Course example safe fire term. Partner same expect security benefit.', 'Chairs and Sofas', 143, 80, 23, 'Mr.tiff', '2015-10-25 18:38:10', '2021-02-23 22:48:26');
insert into product (id, title, seller_id, price, description, category, length, width, height, image, created_at, updated_at) values (44, 'Teal Due Morning Edition 418', 60, 850738, 'Teal Due Morning Edition 418 is a a luxury racket sports that cannot be found in your local stores!Scientist employee program impact. After Democrat himself soon of. After spend appear cut red stay. Near affect position door people difficult away.', 'Racket Sports', 54, 70, 90, 'floor.tiff', '1980-09-27 03:06:14', '1983-03-06 14:15:59');
insert into product (id, title, seller_id, price, description, category, length, width, height, image, created_at, updated_at) values (45, 'Violet Different Fan No. 536', 26, 210407, 'Violet Different Fan No. 536 is a a luxury phone accessories that cannot be found in your local stores!Treat level whether every nature finish. Tell thank message example attorney. Lose game hot nation necessary crime.', 'Phone Accessories', 58, 31, 16, 'officer.gif', '1974-01-14 22:32:34', '1982-11-26 10:24:30');
insert into product (id, title, seller_id, price, description, category, length, width, height, image, created_at, updated_at) values (46, 'Rice-Woods''s Brown Version No. 100', 74, 258326, 'Rice-Woods''s Brown Version No. 100 is a a luxury cooker and oven that cannot be found in your local stores!Science sell market claim may but. Artist fact network partner. South speak might current.', 'Cooker and Oven', 101, 69, 143, 'church.jpg', '2017-07-30 03:39:10', '2019-08-11 05:56:43');
insert into product (id, title, seller_id, price, description, category, length, width, height, image, created_at, updated_at) values (47, 'Walker Group''s Long Rent Edition 703', 84, 862751, 'Walker Group''s Long Rent Edition 703 is a a luxury girl clothing and accessories that cannot be found in your local stores!Religious build continue. Continue impact stop lay natural thousand. Eye against give relate security Congress.', 'Girl Clothing and Accessories', 110, 81, 32, 'safe.jpg', '2000-12-27 19:07:42', '2006-09-18 08:52:35');
insert into product (id, title, seller_id, price, description, category, length, width, height, image, created_at, updated_at) values (48, 'Mx. Hughes''s Important Rock Variance 781', 73, 358705, 'Mx. Hughes''s Important Rock Variance 781 is a a luxury phone that cannot be found in your local stores!Later arm vote interesting. Occur hard ever relationship. Under process church old enter.', 'Phone', 104, 82, 88, 'PM.png', '1979-12-15 11:19:17', '2015-07-22 08:42:18');
insert into product (id, title, seller_id, price, description, category, length, width, height, image, created_at, updated_at) values (49, 'IndianRed Smooth Notice No. 807', 67, 245210, 'IndianRed Smooth Notice No. 807 is a a luxury male accessories that cannot be found in your local stores!Around scene your more yard policy important debate. Mind company race remember why hundred less.', 'Male Accessories', 142, 74, 106, 'story.bmp', '1975-05-06 21:35:52', '2009-10-30 10:21:47');
insert into product (id, title, seller_id, price, description, category, length, width, height, image, created_at, updated_at) values (50, 'Cox Group''s Sweet Teaching Prototype #27', 75, 326741, 'Cox Group''s Sweet Teaching Prototype #27 is a a luxury phone that cannot be found in your local stores!Help reality game talk interest. Miss carry reflect out media foreign.', 'Phone', 41, 76, 93, 'structure.jpg', '1985-08-22 07:11:42', '1987-05-16 19:45:53');
insert into product (id, title, seller_id, price, description, category, length, width, height, image, created_at, updated_at) values (51, 'Blevins, Christensen and Foster''s Equal Lesson Prototype #602', 84, 867593, 'Blevins, Christensen and Foster''s Equal Lesson Prototype #602 is a a luxury girl clothing and accessories that cannot be found in your local stores!Tough seem indeed boy. Agree data job find black growth. Reason present reveal put result. Itself a difference affect.', 'Girl Clothing and Accessories', 111, 61, 28, 'white.jpg', '2009-09-11 04:55:16', '2016-05-19 01:00:19');
insert into product (id, title, seller_id, price, description, category, length, width, height, image, created_at, updated_at) values (52, 'Mrs. Collins''s Tight Mall MK 975', 71, 762331, 'Mrs. Collins''s Tight Mall MK 975 is a a luxury phone accessories that cannot be found in your local stores!Board song letter reach. Phone society attorney experience simple among land.', 'Phone Accessories', 27, 17, 16, 'push.tiff', '1979-08-05 23:06:13', '1984-06-22 15:29:54');
insert into product (id, title, seller_id, price, description, category, length, width, height, image, created_at, updated_at) values (53, 'Maroon Asleep Dealer MK 561', 11, 405765, 'Maroon Asleep Dealer MK 561 is a a luxury racket sports that cannot be found in your local stores!Gun if share program story above prevent. Somebody board suggest. Task product four seek building.', 'Racket Sports', 122, 12, 106, 'all.png', '2013-11-17 09:12:32', '2023-08-08 19:50:07');
insert into product (id, title, seller_id, price, description, category, length, width, height, image, created_at, updated_at) values (54, 'FloralWhite Wooden Sense Gen. 436', 33, 832369, 'FloralWhite Wooden Sense Gen. 436 is a a luxury computer accessories that cannot be found in your local stores!Glass others opportunity all. War bed away must ability ever where. Quickly church college box increase. Understand hand move simply story.', 'Computer Accessories', 108, 17, 62, 'lose.png', '1977-02-14 08:05:45', '1998-03-24 10:29:29');
insert into product (id, title, seller_id, price, description, category, length, width, height, image, created_at, updated_at) values (55, 'Cohen Group''s Expensive Board MK 311', 66, 910337, 'Cohen Group''s Expensive Board MK 311 is a a luxury cooker and oven that cannot be found in your local stores!Dream this dinner break life. Exist arm lay executive party course. Result action at as big. Woman suggest old whatever. Market where level today.', 'Cooker and Oven', 77, 67, 97, 'force.bmp', '1997-06-01 10:28:32', '2019-05-10 17:53:01');
insert into product (id, title, seller_id, price, description, category, length, width, height, image, created_at, updated_at) values (56, 'Smith-Lucas''s Responsible Patient Gen. 838', 66, 401435, 'Smith-Lucas''s Responsible Patient Gen. 838 is a a luxury computer that cannot be found in your local stores!Whether write election. Apply fill trial generation section. Guess lay animal safe manage improve whom. Learn around amount least rich.', 'Computer', 23, 87, 67, 'season.jpg', '1978-12-01 07:37:12', '2018-09-13 06:52:40');
insert into product (id, title, seller_id, price, description, category, length, width, height, image, created_at, updated_at) values (57, 'SteelBlue Substantial Contact Prototype #721', 5, 389477, 'SteelBlue Substantial Contact Prototype #721 is a a luxury chairs and sofas that cannot be found in your local stores!Rule summer key make. Green because director but affect memory food.', 'Chairs and Sofas', 88, 65, 14, 'door.bmp', '1972-10-22 05:09:20', '1987-12-22 09:09:36');
insert into product (id, title, seller_id, price, description, category, length, width, height, image, created_at, updated_at) values (58, 'Guerra-Watkins''s Equal Throat Gen. 154', 15, 801764, 'Guerra-Watkins''s Equal Throat Gen. 154 is a a luxury wall decoration that cannot be found in your local stores!Teach through military when beat four expert color. Attack create big consider reason hospital.', 'Wall Decoration', 73, 14, 132, 'year.tiff', '1972-07-31 00:07:07', '2008-01-27 07:31:09');
insert into product (id, title, seller_id, price, description, category, length, width, height, image, created_at, updated_at) values (59, 'Mr. Clark''s Recent Improvement No. 469', 73, 565649, 'Mr. Clark''s Recent Improvement No. 469 is a a luxury phone that cannot be found in your local stores!Seat perhaps check. Save large son often. Able image performance fight truth administration.', 'Phone', 122, 77, 136, 'staff.png', '2006-04-30 01:16:51', '2012-06-05 11:24:23');
insert into product (id, title, seller_id, price, description, category, length, width, height, image, created_at, updated_at) values (60, 'Mx. Green''s Massive Chest Prototype #865', 11, 661063, 'Mx. Green''s Massive Chest Prototype #865 is a a luxury female accessories that cannot be found in your local stores!Push only raise her day. Project recognize executive. Training involve realize particular. Force group watch pay trouble. To item middle little.', 'Female Accessories', 97, 90, 60, 'be.jpg', '1973-11-28 19:20:46', '2000-09-15 17:56:17');
insert into product (id, title, seller_id, price, description, category, length, width, height, image, created_at, updated_at) values (61, 'Born in Cambodia: Strong Risk Version 680', 34, 83287, 'Born in Cambodia: Strong Risk Version 680 is a a luxury wall decoration that cannot be found in your local stores!Increase TV family whatever. Great sport bit whose PM. Bill card carry any answer culture.', 'Wall Decoration', 71, 14, 41, 'him.tiff', '1981-08-04 21:36:58', '2009-03-16 09:40:07');
insert into product (id, title, seller_id, price, description, category, length, width, height, image, created_at, updated_at) values (62, 'Made in Algeria: Enough Signal Prototype #835', 15, 62606, 'Made in Algeria: Enough Signal Prototype #835 is a an affordably priced bed that cannot be found in your local stores!Far point create actually. Produce operation show road pass data look. Test look past for itself.', 'Bed', 56, 80, 58, 'miss.jpeg', '1979-10-07 17:56:55', '2007-05-14 18:11:46');
insert into product (id, title, seller_id, price, description, category, length, width, height, image, created_at, updated_at) values (63, 'Hansen-Garcia''s Administrative Candy No. 416', 11, 128892, 'Hansen-Garcia''s Administrative Candy No. 416 is a a luxury phone accessories that cannot be found in your local stores!Bring respond follow we. Computer their camera. Investment general heart.', 'Phone Accessories', 44, 27, 92, 'everyone.png', '1993-02-25 13:08:08', '2001-01-21 22:24:21');
insert into product (id, title, seller_id, price, description, category, length, width, height, image, created_at, updated_at) values (64, 'Riggs, Fletcher and Mitchell''s Soft Bottom Gen. 357', 74, 225095, 'Riggs, Fletcher and Mitchell''s Soft Bottom Gen. 357 is a a luxury male accessories that cannot be found in your local stores!Building professional camera. Capital could wear political.', 'Male Accessories', 62, 49, 57, 'pretty.bmp', '1973-01-10 03:02:00', '1979-08-20 16:27:47');
insert into product (id, title, seller_id, price, description, category, length, width, height, image, created_at, updated_at) values (65, 'Born in Brazil: Loose Aspect Prototype #166', 57, 981396, 'Born in Brazil: Loose Aspect Prototype #166 is a a luxury bed that cannot be found in your local stores!Customer entire hair bill require. Federal education move anyone. Similar heavy bag buy concern.', 'Bed', 143, 77, 49, 'building.bmp', '1972-05-10 13:47:47', '2012-11-08 00:01:03');
insert into product (id, title, seller_id, price, description, category, length, width, height, image, created_at, updated_at) values (66, 'Pink Popular Agency MK 58', 100, 223155, 'Pink Popular Agency MK 58 is a a luxury chairs and sofas that cannot be found in your local stores!Weight career little value house less. Summer remain force she wait gas. Unit pull gas amount support down stuff.', 'Chairs and Sofas', 148, 66, 55, 'hand.gif', '1991-04-27 02:33:09', '1994-01-12 05:21:57');
insert into product (id, title, seller_id, price, description, category, length, width, height, image, created_at, updated_at) values (67, 'Mx. Raymond''s Tight Impact Gen. 575', 95, 680823, 'Mx. Raymond''s Tight Impact Gen. 575 is a a luxury girl clothing and accessories that cannot be found in your local stores!More president left. Animal response despite region time it. Care option popular myself another. Impact student save during end.', 'Girl Clothing and Accessories', 49, 22, 20, 'senior.gif', '1973-05-24 21:40:19', '1977-03-28 04:07:51');
insert into product (id, title, seller_id, price, description, category, length, width, height, image, created_at, updated_at) values (68, 'Made in Japan: Administrative Calendar MK 734', 57, 584511, 'Made in Japan: Administrative Calendar MK 734 is a a luxury phone accessories that cannot be found in your local stores!Eight by threat picture spring require why economy. In cold your name save. Head event prepare religious owner ready. Condition according our speech.', 'Phone Accessories', 77, 10, 15, 'senior.jpeg', '2001-12-19 18:34:11', '2005-02-20 23:05:15');
insert into product (id, title, seller_id, price, description, category, length, width, height, image, created_at, updated_at) values (69, 'DeepSkyBlue Interesting Hair Gen. 336', 60, 889906, 'DeepSkyBlue Interesting Hair Gen. 336 is a a luxury girl clothing and accessories that cannot be found in your local stores!Onto strong it chance hotel. Environmental what easy hit bill reveal. Bar analysis however. Change science certain store check memory order pass.', 'Girl Clothing and Accessories', 59, 81, 104, 'us.png', '1987-07-05 06:44:38', '1989-01-05 11:59:50');
insert into product (id, title, seller_id, price, description, category, length, width, height, image, created_at, updated_at) values (70, 'Made in Cyprus: Remarkable Log Variance 632', 99, 542897, 'Made in Cyprus: Remarkable Log Variance 632 is a a luxury tv that cannot be found in your local stores!Big station blue scientist. Every discover offer assume.', 'TV', 102, 14, 146, 'play.jpeg', '1981-05-17 21:47:57', '2000-07-28 20:43:21');
insert into product (id, title, seller_id, price, description, category, length, width, height, image, created_at, updated_at) values (71, 'Mcclure-Novak''s Strange Bowl No. 460', 8, 505212, 'Mcclure-Novak''s Strange Bowl No. 460 is a a luxury bed that cannot be found in your local stores!Measure true article majority news material. Threat indicate else focus.', 'Bed', 113, 27, 42, 'physical.bmp', '2002-11-29 22:14:33', '2003-02-01 14:51:38');
insert into product (id, title, seller_id, price, description, category, length, width, height, image, created_at, updated_at) values (72, 'Born in Spain: Crazy Month Prototype #766', 75, 837040, 'Born in Spain: Crazy Month Prototype #766 is a a luxury girl clothing and accessories that cannot be found in your local stores!System partner water list across discuss. Continue during develop news your policy member. Vote any instead two short. Wish term next collection.', 'Girl Clothing and Accessories', 128, 29, 19, 'a.png', '1991-05-20 22:31:08', '2004-11-02 08:47:36');
insert into product (id, title, seller_id, price, description, category, length, width, height, image, created_at, updated_at) values (73, 'Waters, Kelly and Cline''s Best Resort No. 189', 95, 908218, 'Waters, Kelly and Cline''s Best Resort No. 189 is a a luxury racket sports that cannot be found in your local stores!Need everyone world for war. Up police get try color end return. Analysis range its. Model decade here third.', 'Racket Sports', 22, 76, 104, 'field.gif', '1975-09-13 16:51:58', '1976-12-12 08:51:10');
insert into product (id, title, seller_id, price, description, category, length, width, height, image, created_at, updated_at) values (74, 'Magenta Cultural East Variance 839', 16, 579097, 'Magenta Cultural East Variance 839 is a a luxury wall decoration that cannot be found in your local stores!Create detail experience follow law director. Student surface marriage away hour. Hour that three wear.', 'Wall Decoration', 47, 66, 11, 'particular.png', '1998-04-27 03:32:17', '2003-04-30 09:26:01');
insert into product (id, title, seller_id, price, description, category, length, width, height, image, created_at, updated_at) values (75, 'Made in Aruba: According Industry Gen. 807', 89, 183575, 'Made in Aruba: According Industry Gen. 807 is a a luxury phone that cannot be found in your local stores!Some be hotel carry personal money star meeting. Raise set best scene. Job glass these. Help push later plan life skill. Ask because religious serve.', 'Phone', 19, 50, 100, 'worry.bmp', '1992-10-17 08:04:48', '2016-02-13 13:43:07');
insert into product (id, title, seller_id, price, description, category, length, width, height, image, created_at, updated_at) values (76, 'Made in Libyan Arab Jamahiriya: Ill Sock Gen. 640', 5, 548716, 'Made in Libyan Arab Jamahiriya: Ill Sock Gen. 640 is a a luxury tv that cannot be found in your local stores!Bar last design soldier federal truth common. All executive no like.', 'TV', 67, 72, 119, 'Republican.jpg', '2010-07-18 22:25:01', '2023-04-09 08:51:12');
insert into product (id, title, seller_id, price, description, category, length, width, height, image, created_at, updated_at) values (77, 'Wise Inc''s Numerous Balance Prototype #61', 34, 784403, 'Wise Inc''s Numerous Balance Prototype #61 is a a luxury refridgerator that cannot be found in your local stores!Woman others so include home approach. Clear power will science would other explain.', 'Refridgerator', 35, 87, 123, 'always.png', '2016-09-02 22:43:02', '2016-10-02 05:11:06');
insert into product (id, title, seller_id, price, description, category, length, width, height, image, created_at, updated_at) values (78, 'Baldwin, Bailey and Harvey''s International Client Version 717', 8, 107102, 'Baldwin, Bailey and Harvey''s International Client Version 717 is a a luxury wall decoration that cannot be found in your local stores!Keep memory general in follow than. Show somebody Republican. Culture property into fish whom other machine. Begin physical today career.', 'Wall Decoration', 136, 83, 70, 'leave.tiff', '1974-08-09 09:39:09', '2011-11-25 21:21:41');
insert into product (id, title, seller_id, price, description, category, length, width, height, image, created_at, updated_at) values (79, 'Hopkins, Snow and Moore''s Electrical Care MK 835', 28, 343159, 'Hopkins, Snow and Moore''s Electrical Care MK 835 is a a luxury female sportswear that cannot be found in your local stores!Maintain hard leader. Property no suffer. Land face send change dog much speech.', 'Female Sportswear', 95, 71, 13, 'wait.jpeg', '2018-08-01 06:04:30', '2022-09-02 01:16:55');
insert into product (id, title, seller_id, price, description, category, length, width, height, image, created_at, updated_at) values (80, 'Sullivan, Roman and Weiss''s Professional Diamond Variance 565', 57, 933129, 'Sullivan, Roman and Weiss''s Professional Diamond Variance 565 is a a luxury male accessories that cannot be found in your local stores!Force free manager. Account news avoid wonder authority ask force green.', 'Male Accessories', 147, 85, 16, 'improve.png', '2003-04-12 09:12:07', '2007-02-19 21:11:53');
insert into product (id, title, seller_id, price, description, category, length, width, height, image, created_at, updated_at) values (81, 'Violet Much Football Gen. 347', 99, 683608, 'Violet Much Football Gen. 347 is a a luxury phone accessories that cannot be found in your local stores!Soon policy age either final young. Around collection no. Speak fire gun south. South leader some believe security work add.', 'Phone Accessories', 52, 70, 111, 'stay.jpeg', '1987-05-28 12:10:04', '1994-02-27 07:04:25');
insert into product (id, title, seller_id, price, description, category, length, width, height, image, created_at, updated_at) values (82, 'PaleVioletRed Adult Bird Variance 920', 11, 809432, 'PaleVioletRed Adult Bird Variance 920 is a a luxury female accessories that cannot be found in your local stores!Word argue arm claim behavior. They food anything mind yard world girl. Produce role carry feeling same.', 'Female Accessories', 150, 20, 72, 'deep.tiff', '1988-01-08 04:00:49', '1991-08-29 02:18:24');
insert into product (id, title, seller_id, price, description, category, length, width, height, image, created_at, updated_at) values (83, 'Clark Ltd''s Weak Mind Variance 865', 89, 256452, 'Clark Ltd''s Weak Mind Variance 865 is a a luxury phone accessories that cannot be found in your local stores!Discussion require ever travel several south factor. Ready cut although happy production stand.', 'Phone Accessories', 70, 72, 150, 'responsibility.jpeg', '1986-07-02 10:50:50', '2003-07-02 02:09:46');
insert into product (id, title, seller_id, price, description, category, length, width, height, image, created_at, updated_at) values (84, 'Ind. Armstrong''s Wrong Database Edition 782', 89, 963108, 'Ind. Armstrong''s Wrong Database Edition 782 is a a luxury female clothing that cannot be found in your local stores!Along discover response allow. However yes day see different not defense. Reach north owner issue base. Six decade various century.', 'Female Clothing', 18, 16, 86, 'argue.jpeg', '1991-07-15 20:39:59', '2022-04-26 01:44:32');
insert into product (id, title, seller_id, price, description, category, length, width, height, image, created_at, updated_at) values (85, 'Born in Eritrea: Spiritual Coast Variance 621', 26, 380480, 'Born in Eritrea: Spiritual Coast Variance 621 is a a luxury computer accessories that cannot be found in your local stores!Candidate high yeah stay seat how. Between option summer pull upon pick. Pay listen outside support opportunity prepare learn head.', 'Computer Accessories', 137, 53, 65, 'question.gif', '1995-03-27 04:37:51', '2007-09-26 10:20:07');
insert into product (id, title, seller_id, price, description, category, length, width, height, image, created_at, updated_at) values (86, 'Made in Saudi Arabia: Commercial Cake Gen. 452', 71, 666678, 'Made in Saudi Arabia: Commercial Cake Gen. 452 is a a luxury female accessories that cannot be found in your local stores!Be just newspaper avoid answer institution. Any evening left foreign hospital argue shoulder include. South environmental anything explain enjoy.', 'Female Accessories', 134, 61, 29, 'add.tiff', '1979-12-02 08:39:50', '1982-03-26 08:34:10');
insert into product (id, title, seller_id, price, description, category, length, width, height, image, created_at, updated_at) values (87, 'Dr. Jackson''s Honest Scheme No. 444', 82, 79034, 'Dr. Jackson''s Honest Scheme No. 444 is a a luxury computer that cannot be found in your local stores!Sometimes before must Congress. Throughout simple significant election seat media under.', 'Computer', 63, 70, 149, 'surface.jpeg', '1976-11-08 11:40:38', '2015-07-01 10:53:02');
insert into product (id, title, seller_id, price, description, category, length, width, height, image, created_at, updated_at) values (88, 'Made in Rwanda: Bright Hat Prototype #506', 100, 582508, 'Made in Rwanda: Bright Hat Prototype #506 is a a luxury wall decoration that cannot be found in your local stores!Measure stop kid again thus. If painting war produce. House cell discover early. Prove question cell our on mouth.', 'Wall Decoration', 132, 75, 53, 'share.jpeg', '1974-09-05 11:43:58', '1989-01-04 03:48:26');
insert into product (id, title, seller_id, price, description, category, length, width, height, image, created_at, updated_at) values (89, 'Lime Thick Tune MK 690', 94, 104166, 'Lime Thick Tune MK 690 is a a luxury chairs and sofas that cannot be found in your local stores!Money technology manager may maybe. Necessary south within several away. Trade step consumer store daughter do body.', 'Chairs and Sofas', 31, 19, 89, 'commercial.tiff', '1986-05-13 19:26:55', '2007-09-22 22:10:48');
insert into product (id, title, seller_id, price, description, category, length, width, height, image, created_at, updated_at) values (90, 'Made in Congo: Individual Safety Version 127', 23, 156359, 'Made in Congo: Individual Safety Version 127 is a a luxury female clothing that cannot be found in your local stores!Former maintain total. Interest wish either significant fight deep protect.', 'Female Clothing', 121, 88, 124, 'buy.bmp', '1976-04-04 15:58:37', '2018-05-04 06:38:05');
insert into product (id, title, seller_id, price, description, category, length, width, height, image, created_at, updated_at) values (91, 'OliveDrab Eastern Level Edition 877', 15, 171414, 'OliveDrab Eastern Level Edition 877 is a a luxury boy clothing and accessories that cannot be found in your local stores!Western area crime per partner alone. Wear religious decision myself. Majority able new control news list hear manage.', 'Boy Clothing and Accessories', 92, 43, 114, 'teach.tiff', '1973-09-09 17:02:39', '1993-05-04 02:37:00');
insert into product (id, title, seller_id, price, description, category, length, width, height, image, created_at, updated_at) values (92, 'Bryant Ltd''s Relevant Witness Edition 982', 64, 674563, 'Bryant Ltd''s Relevant Witness Edition 982 is a a luxury phone accessories that cannot be found in your local stores!Enjoy put teach safe leg job. Group important player road. Record eat bar ten continue although eight.', 'Phone Accessories', 29, 51, 139, 'fund.gif', '1996-01-01 19:38:54', '1997-10-24 20:01:33');
insert into product (id, title, seller_id, price, description, category, length, width, height, image, created_at, updated_at) values (93, 'Misc. Coffey''s Powerful Grade No. 874', 74, 306960, 'Misc. Coffey''s Powerful Grade No. 874 is a a luxury male clothing that cannot be found in your local stores!Not dinner participant site sometimes sure. Effort beautiful shake left hospital.', 'Male Clothing', 131, 82, 28, 'student.jpg', '1974-09-18 00:16:21', '1985-07-04 03:33:33');
insert into product (id, title, seller_id, price, description, category, length, width, height, image, created_at, updated_at) values (94, 'Thistle Green Depression Variance 389', 34, 813990, 'Thistle Green Depression Variance 389 is a a luxury male clothing that cannot be found in your local stores!Project different data education let society. Real nature set about population both thought break. Tax structure politics seek certainly huge range.', 'Male Clothing', 43, 34, 42, 'well.bmp', '1989-02-23 12:45:45', '2018-05-22 20:18:03');
insert into product (id, title, seller_id, price, description, category, length, width, height, image, created_at, updated_at) values (95, 'Made in Eritrea: Pure Fishing Edition 806', 74, 402197, 'Made in Eritrea: Pure Fishing Edition 806 is a a luxury ball sports that cannot be found in your local stores!Minute some miss manager. Store receive building indicate. Tell send maintain right part example. Bed direction meeting control finally move.', 'Ball Sports', 145, 49, 76, 'oil.jpeg', '2001-12-11 20:46:23', '2020-05-05 17:37:54');
insert into product (id, title, seller_id, price, description, category, length, width, height, image, created_at, updated_at) values (96, 'PapayaWhip Special Enthusiasm Edition 249', 38, 94223, 'PapayaWhip Special Enthusiasm Edition 249 is a a luxury boy clothing and accessories that cannot be found in your local stores!Enough process safe rule force budget compare themselves. Age activity one. Couple candidate across anything. Interesting however remain those.', 'Boy Clothing and Accessories', 81, 89, 93, 'think.png', '2000-09-08 05:47:12', '2021-01-24 03:08:49');
insert into product (id, title, seller_id, price, description, category, length, width, height, image, created_at, updated_at) values (97, 'SeaGreen Medical Bake MK 11', 100, 562665, 'SeaGreen Medical Bake MK 11 is a a luxury cooker and oven that cannot be found in your local stores!Mind training newspaper best reason add. Man people significant manage.', 'Cooker and Oven', 20, 90, 124, 'shoulder.jpg', '2001-03-03 21:25:10', '2005-01-17 10:32:11');
insert into product (id, title, seller_id, price, description, category, length, width, height, image, created_at, updated_at) values (98, 'Mr. Johnson''s Long Noise No. 998', 67, 947503, 'Mr. Johnson''s Long Noise No. 998 is a a luxury computer accessories that cannot be found in your local stores!Charge property road institution support edge. Another development author pull thousand. Try test environmental sea.', 'Computer Accessories', 114, 38, 137, 'create.tiff', '1988-07-02 22:23:03', '1997-02-27 13:02:28');
insert into product (id, title, seller_id, price, description, category, length, width, height, image, created_at, updated_at) values (99, 'Mr. Solis''s False Kid MK 270', 28, 198169, 'Mr. Solis''s False Kid MK 270 is a a luxury racket sports that cannot be found in your local stores!Cup wait practice. Fund bring coach hard fly bank begin. Congress gun shoulder paper concern learn learn.', 'Racket Sports', 19, 56, 19, 'important.png', '1974-08-20 12:30:17', '1980-09-06 16:08:42');
insert into product (id, title, seller_id, price, description, category, length, width, height, image, created_at, updated_at) values (100, 'Dr. Callahan''s Most End Edition 788', 94, 862582, 'Dr. Callahan''s Most End Edition 788 is a a luxury computer accessories that cannot be found in your local stores!Congress teacher southern end produce. Pattern gun professor perhaps time prove.', 'Computer Accessories', 141, 19, 73, 'include.bmp', '2006-07-24 02:32:45', '2010-10-17 05:14:43');
insert into product (id, title, seller_id, price, description, category, length, width, height, image, created_at, updated_at) values (101, 'BlueViolet Cultural Distance Edition 130', 94, 905573, 'BlueViolet Cultural Distance Edition 130 is a a luxury chairs and sofas that cannot be found in your local stores!Possible actually relate bill bank few. Enough unit late once including right recognize.', 'Chairs and Sofas', 28, 60, 27, 'level.jpg', '1988-10-17 05:46:06', '2007-06-11 01:59:09');
insert into product (id, title, seller_id, price, description, category, length, width, height, image, created_at, updated_at) values (102, 'MediumAquaMarine Round Stress MK 253', 51, 443204, 'MediumAquaMarine Round Stress MK 253 is a a luxury female clothing that cannot be found in your local stores!Moment mouth responsibility measure beautiful do western. Economy that painting husband test.', 'Female Clothing', 40, 86, 74, 'stuff.gif', '1989-03-30 08:00:06', '1996-12-01 04:49:32');
insert into product (id, title, seller_id, price, description, category, length, width, height, image, created_at, updated_at) values (103, 'Khan-Villanueva''s According Fun MK 938', 34, 186616, 'Khan-Villanueva''s According Fun MK 938 is a a luxury floor decoration that cannot be found in your local stores!Standard event wrong top speak character situation. Air resource heart these break. Family live see but sport sing.', 'Floor Decoration', 62, 66, 122, 'property.png', '2000-12-13 07:18:43', '2014-01-04 14:01:48');
insert into product (id, title, seller_id, price, description, category, length, width, height, image, created_at, updated_at) values (104, 'DarkSlateGray Active Curve No. 235', 5, 861475, 'DarkSlateGray Active Curve No. 235 is a a luxury phone accessories that cannot be found in your local stores!Add full card between almost upon address specific. Mouth offer want what. Vote imagine audience capital floor another. Any spend inside least.', 'Phone Accessories', 112, 77, 54, 'best.jpg', '1994-02-20 16:39:17', '2013-07-31 19:30:10');
insert into product (id, title, seller_id, price, description, category, length, width, height, image, created_at, updated_at) values (105, 'Mx. Johns''s Same Computer Version 270', 82, 7913, 'Mx. Johns''s Same Computer Version 270 is a a cheap chairs and sofas that cannot be found in your local stores!School yourself large identify large few. Investment until land else whom.', 'Chairs and Sofas', 53, 35, 139, 'newspaper.jpg', '1974-05-06 21:58:12', '2002-07-03 13:31:31');
insert into product (id, title, seller_id, price, description, category, length, width, height, image, created_at, updated_at) values (106, 'Mr. Morgan''s Spare Minimum MK 240', 71, 479907, 'Mr. Morgan''s Spare Minimum MK 240 is a a luxury bed that cannot be found in your local stores!Stop clear management trouble sometimes sell possible financial. Point environmental low my enter scientist.', 'Bed', 146, 62, 126, 'yes.png', '1976-11-22 14:27:03', '1997-06-13 01:19:57');
insert into product (id, title, seller_id, price, description, category, length, width, height, image, created_at, updated_at) values (107, 'Born in Guernsey: Substantial Employment Edition 511', 66, 84633, 'Born in Guernsey: Substantial Employment Edition 511 is a a luxury ball sports that cannot be found in your local stores!Relationship yes response according day or. Series political magazine item.', 'Ball Sports', 134, 66, 16, 'against.png', '1972-08-09 10:55:15', '1984-05-11 08:39:21');
insert into product (id, title, seller_id, price, description, category, length, width, height, image, created_at, updated_at) values (108, 'Curry, Richardson and Casey''s Curious Word MK 266', 51, 634281, 'Curry, Richardson and Casey''s Curious Word MK 266 is a a luxury racket sports that cannot be found in your local stores!Likely star discussion support. By provide serve value want position.', 'Racket Sports', 115, 10, 56, 'Mr.jpg', '1989-08-17 17:53:25', '2011-04-23 13:50:29');
insert into product (id, title, seller_id, price, description, category, length, width, height, image, created_at, updated_at) values (109, 'DarkOliveGreen Temporary Air No. 9', 55, 283742, 'DarkOliveGreen Temporary Air No. 9 is a a luxury computer that cannot be found in your local stores!Than choose yet various his they easy so. Move body body wait fire.', 'Computer', 78, 16, 18, 'difference.gif', '1977-12-11 00:19:51', '2011-10-28 14:20:35');
insert into product (id, title, seller_id, price, description, category, length, width, height, image, created_at, updated_at) values (110, 'Pink Electronic Art Version 50', 82, 398574, 'Pink Electronic Art Version 50 is a a luxury male accessories that cannot be found in your local stores!Pull statement indeed resource bill. Wait hold year policy. Soldier only rather address.', 'Male Accessories', 122, 77, 18, 'character.gif', '1997-06-24 05:37:56', '2023-03-27 22:26:09');
insert into product (id, title, seller_id, price, description, category, length, width, height, image, created_at, updated_at) values (111, 'SlateBlue Individual Dinner Prototype #960', 15, 543693, 'SlateBlue Individual Dinner Prototype #960 is a a luxury chairs and sofas that cannot be found in your local stores!Value physical adult western three other hospital. Reach pass heavy physical hundred leader energy.', 'Chairs and Sofas', 29, 28, 23, 'artist.png', '2019-07-05 16:57:53', '2019-09-13 09:06:00');
insert into product (id, title, seller_id, price, description, category, length, width, height, image, created_at, updated_at) values (112, 'LightBlue Enough Sky MK 744', 71, 166729, 'LightBlue Enough Sky MK 744 is a a luxury lamps that cannot be found in your local stores!Call choice across usually almost sell. Art easy main degree will. Area trip stop recognize. Will fish production sort.', 'Lamps', 87, 28, 116, 'visit.bmp', '1970-02-19 06:50:04', '1998-04-23 20:23:19');
insert into product (id, title, seller_id, price, description, category, length, width, height, image, created_at, updated_at) values (113, 'PaleGreen Technical Republic MK 429', 95, 808848, 'PaleGreen Technical Republic MK 429 is a a luxury male accessories that cannot be found in your local stores!Kitchen election fight large. Down do future say.', 'Male Accessories', 107, 53, 116, 'team.bmp', '1978-05-16 13:45:16', '1981-07-30 03:09:40');
insert into product (id, title, seller_id, price, description, category, length, width, height, image, created_at, updated_at) values (114, 'Mr. Perkins''s Both Delivery Prototype #27', 51, 727467, 'Mr. Perkins''s Both Delivery Prototype #27 is a a luxury computer accessories that cannot be found in your local stores!Increase early force light moment base. Garden use investment. Yes require skin adult.', 'Computer Accessories', 106, 64, 58, 'campaign.jpeg', '1987-07-01 20:51:50', '2022-10-15 16:34:04');
insert into product (id, title, seller_id, price, description, category, length, width, height, image, created_at, updated_at) values (115, 'Mrs. Lopez''s Lucky Box No. 601', 26, 694510, 'Mrs. Lopez''s Lucky Box No. 601 is a a luxury male clothing that cannot be found in your local stores!Ago mouth might question which. Cover hundred campaign activity manager also certain.', 'Male Clothing', 69, 89, 22, 'on.jpeg', '1995-06-12 04:50:43', '2008-04-19 13:45:26');
insert into product (id, title, seller_id, price, description, category, length, width, height, image, created_at, updated_at) values (116, 'Ms. Mejia''s Wrong Telephone MK 199', 50, 664108, 'Ms. Mejia''s Wrong Telephone MK 199 is a a luxury wall decoration that cannot be found in your local stores!Civil student tree sometimes. Instead daughter tree country too. From social follow project ball.', 'Wall Decoration', 56, 42, 148, 'beat.gif', '1971-11-12 04:55:16', '1972-03-27 12:33:07');
insert into product (id, title, seller_id, price, description, category, length, width, height, image, created_at, updated_at) values (117, 'Made in Romania: Regular Disaster Version 165', 34, 15643, 'Made in Romania: Regular Disaster Version 165 is a a cheap chairs and sofas that cannot be found in your local stores!Western success huge practice movie address. Brother history these business main.', 'Chairs and Sofas', 48, 76, 123, 'cold.tiff', '1977-06-16 21:37:22', '1977-07-21 00:43:24');
insert into product (id, title, seller_id, price, description, category, length, width, height, image, created_at, updated_at) values (118, 'Allen Ltd''s Severe Surprise Gen. 741', 26, 529176, 'Allen Ltd''s Severe Surprise Gen. 741 is a a luxury ball sports that cannot be found in your local stores!Smile energy pull war data. Consumer near across modern different change wall. Understand yeah edge understand trouble cover marriage.', 'Ball Sports', 54, 73, 105, 'unit.tiff', '1979-02-03 23:52:40', '2010-09-22 22:54:11');
insert into product (id, title, seller_id, price, description, category, length, width, height, image, created_at, updated_at) values (119, 'Nolan-Miller''s Slow Term MK 701', 95, 215406, 'Nolan-Miller''s Slow Term MK 701 is a a luxury floor decoration that cannot be found in your local stores!Rule expert eight thousand inside glass. Should life admit.', 'Floor Decoration', 27, 26, 122, 'wind.jpg', '2016-03-09 23:20:04', '2022-03-11 13:41:47');
insert into product (id, title, seller_id, price, description, category, length, width, height, image, created_at, updated_at) values (120, 'Made in Seychelles: All Golf Gen. 33', 28, 853564, 'Made in Seychelles: All Golf Gen. 33 is a a luxury female clothing that cannot be found in your local stores!Cause conference worker fish once series. His the bad police cut drive road study. Understand major hand. Daughter cell standard same grow think.', 'Female Clothing', 70, 90, 33, 'choose.bmp', '1988-07-15 05:24:04', '2004-05-03 10:11:31');
insert into product (id, title, seller_id, price, description, category, length, width, height, image, created_at, updated_at) values (121, 'Made in Venezuela: Neat Reflection MK 848', 55, 983582, 'Made in Venezuela: Neat Reflection MK 848 is a a luxury racket sports that cannot be found in your local stores!Finish treat it prevent community easy candidate. Wind parent sport forget. Think change him day seem loss.', 'Racket Sports', 35, 86, 33, 'total.tiff', '1988-10-11 23:04:52', '2000-01-29 22:58:11');
insert into product (id, title, seller_id, price, description, category, length, width, height, image, created_at, updated_at) values (122, 'DeepPink Active Hell Variance 751', 28, 182374, 'DeepPink Active Hell Variance 751 is a a luxury wall decoration that cannot be found in your local stores!Attention chance prove thus consider window have. Describe subject may. Traditional over trial role for.', 'Wall Decoration', 30, 47, 86, 'where.jpeg', '1971-11-09 08:54:19', '2009-07-13 18:41:50');
insert into product (id, title, seller_id, price, description, category, length, width, height, image, created_at, updated_at) values (123, 'Hardy-Ali''s Dead Bowl No. 55', 82, 652216, 'Hardy-Ali''s Dead Bowl No. 55 is a a luxury lamps that cannot be found in your local stores!Decade staff than actually record. Dinner arrive appear. Memory hotel day. Smile charge nearly field unit bit suffer surface.', 'Lamps', 89, 79, 146, 'name.jpg', '2012-03-14 12:58:41', '2015-06-06 06:47:20');
insert into product (id, title, seller_id, price, description, category, length, width, height, image, created_at, updated_at) values (124, 'Marquez-Schaefer''s Crazy Back Variance 679', 74, 864860, 'Marquez-Schaefer''s Crazy Back Variance 679 is a a luxury male accessories that cannot be found in your local stores!Education today hot store. Wrong mention lead.', 'Male Accessories', 105, 49, 90, 'writer.bmp', '1991-01-02 12:43:58', '2010-03-27 05:14:56');
insert into product (id, title, seller_id, price, description, category, length, width, height, image, created_at, updated_at) values (125, 'Mx. Sawyer''s Due Cousin Edition 78', 57, 971320, 'Mx. Sawyer''s Due Cousin Edition 78 is a a luxury male sportswear that cannot be found in your local stores!Data describe try manage person. Themselves deep treatment standard movement throughout. Recent Republican adult site outside true they assume.', 'Male Sportswear', 139, 26, 50, 'kind.jpeg', '2000-06-03 23:34:55', '2004-08-30 09:37:20');
insert into product (id, title, seller_id, price, description, category, length, width, height, image, created_at, updated_at) values (126, 'Born in Netherlands: Electronic Engineering Version 648', 28, 381948, 'Born in Netherlands: Electronic Engineering Version 648 is a a luxury wall decoration that cannot be found in your local stores!Theory of cultural bad your. Our find clearly really record life his adult. Nice standard others forward.', 'Wall Decoration', 16, 33, 129, 'Mr.gif', '1977-01-25 07:14:20', '2009-08-12 21:06:37');
insert into product (id, title, seller_id, price, description, category, length, width, height, image, created_at, updated_at) values (127, 'MediumOrchid Able Mode Prototype #1000', 84, 878711, 'MediumOrchid Able Mode Prototype #1000 is a a luxury floor decoration that cannot be found in your local stores!During find serious media growth there around strategy. Past skill force space fish economy. Present Democrat little Mrs entire what size blue.', 'Floor Decoration', 16, 87, 130, 'street.jpeg', '2002-01-16 08:16:49', '2017-04-03 18:14:04');
insert into product (id, title, seller_id, price, description, category, length, width, height, image, created_at, updated_at) values (128, 'DarkOrange Independent Golf Variance 419', 41, 326207, 'DarkOrange Independent Golf Variance 419 is a a luxury bed that cannot be found in your local stores!Claim image program between tough his key. Role dark discuss beat teach such. On idea magazine half feeling. Themselves pressure truth story ok.', 'Bed', 59, 26, 29, 'wife.gif', '2002-11-15 15:39:34', '2016-10-25 02:38:01');
insert into product (id, title, seller_id, price, description, category, length, width, height, image, created_at, updated_at) values (129, 'Mr. Price''s Numerous Strategy Edition 959', 38, 971976, 'Mr. Price''s Numerous Strategy Edition 959 is a a luxury cooker and oven that cannot be found in your local stores!Garden state instead upon term tend other. Move staff answer stage open including.', 'Cooker and Oven', 42, 48, 120, 'difficult.png', '1990-03-04 23:33:30', '2001-01-04 16:19:17');
insert into product (id, title, seller_id, price, description, category, length, width, height, image, created_at, updated_at) values (130, 'Ms. Martinez''s Powerful Anxiety Version 262', 35, 618157, 'Ms. Martinez''s Powerful Anxiety Version 262 is a a luxury tv that cannot be found in your local stores!War off easy lose successful direction. Interview leave eight physical president. Even their specific mean amount fear drug.', 'TV', 110, 45, 34, 'yeah.gif', '2017-03-21 01:43:53', '2020-09-03 05:50:46');
insert into product (id, title, seller_id, price, description, category, length, width, height, image, created_at, updated_at) values (131, 'Preston-Smith''s Wooden Grocery No. 434', 52, 129414, 'Preston-Smith''s Wooden Grocery No. 434 is a a luxury phone accessories that cannot be found in your local stores!Choice realize kitchen. East perform dream state. Dinner vote many author find.', 'Phone Accessories', 96, 83, 100, 'result.png', '2008-12-15 16:17:45', '2018-12-12 04:25:41');
insert into product (id, title, seller_id, price, description, category, length, width, height, image, created_at, updated_at) values (132, 'Born in Lesotho: Least Manager Edition 891', 23, 905797, 'Born in Lesotho: Least Manager Edition 891 is a a luxury male clothing that cannot be found in your local stores!Learn gas boy resource. Contain task behind several father religious wear.', 'Male Clothing', 108, 53, 25, 'them.png', '1996-05-30 15:12:34', '1997-01-01 17:10:47');
insert into product (id, title, seller_id, price, description, category, length, width, height, image, created_at, updated_at) values (133, 'Born in Wallis and Futuna: Dirty Switch MK 721', 95, 54854, 'Born in Wallis and Futuna: Dirty Switch MK 721 is a an affordably priced chairs and sofas that cannot be found in your local stores!Free check around clear. Population soon model their answer want.', 'Chairs and Sofas', 96, 43, 29, 'window.bmp', '2008-09-24 12:54:18', '2016-01-13 05:23:02');
insert into product (id, title, seller_id, price, description, category, length, width, height, image, created_at, updated_at) values (134, 'Born in Isle of Man: Wrong Administration No. 445', 89, 679498, 'Born in Isle of Man: Wrong Administration No. 445 is a a luxury tv that cannot be found in your local stores!These eight religious far soon recent. Career total I until ever. Response money carry another vote.', 'TV', 112, 67, 102, 'fine.bmp', '1984-09-17 06:24:21', '2011-02-26 22:15:58');
insert into product (id, title, seller_id, price, description, category, length, width, height, image, created_at, updated_at) values (135, 'Callahan, Rios and Young''s Popular Officer Version 73', 62, 168183, 'Callahan, Rios and Young''s Popular Officer Version 73 is a a luxury computer accessories that cannot be found in your local stores!Evening simply court open. Value someone report blood hot grow. Either first hold around. Require tough benefit effort key open.', 'Computer Accessories', 127, 82, 105, 'so.tiff', '2005-02-23 12:16:08', '2010-04-04 04:28:10');
insert into product (id, title, seller_id, price, description, category, length, width, height, image, created_at, updated_at) values (136, 'DimGray Large Topic Gen. 654', 52, 660597, 'DimGray Large Topic Gen. 654 is a a luxury floor decoration that cannot be found in your local stores!Institution other responsibility you science deal power. Sell police season. World seat lose admit that prove. Have avoid manager social.', 'Floor Decoration', 22, 83, 131, 'spring.bmp', '1971-03-22 15:24:54', '1994-12-16 11:38:45');
insert into product (id, title, seller_id, price, description, category, length, width, height, image, created_at, updated_at) values (137, 'Mrs. Jackson''s Asleep Requirement Edition 356', 64, 974214, 'Mrs. Jackson''s Asleep Requirement Edition 356 is a a luxury phone that cannot be found in your local stores!As offer ask six national watch growth especially. Which number require. Public almost base those avoid.', 'Phone', 36, 38, 54, 'fast.jpg', '1993-03-26 04:57:34', '1998-08-22 22:23:23');
insert into product (id, title, seller_id, price, description, category, length, width, height, image, created_at, updated_at) values (138, 'Mr. Anderson''s Effective Candy MK 79', 16, 385667, 'Mr. Anderson''s Effective Candy MK 79 is a a luxury wall decoration that cannot be found in your local stores!Professional million under foot like. Suffer their place understand seem record. International quite light near.', 'Wall Decoration', 119, 49, 61, 'baby.bmp', '1975-07-20 18:01:42', '1981-03-27 22:00:17');
insert into product (id, title, seller_id, price, description, category, length, width, height, image, created_at, updated_at) values (139, 'Mr. Buck''s Formal Environment No. 991', 74, 935781, 'Mr. Buck''s Formal Environment No. 991 is a a luxury female sportswear that cannot be found in your local stores!Card very movie however amount late how. Laugh seat move mention. Maintain current skill southern.', 'Female Sportswear', 124, 86, 80, 'idea.jpeg', '1971-01-05 06:40:02', '1974-05-25 08:23:15');
insert into product (id, title, seller_id, price, description, category, length, width, height, image, created_at, updated_at) values (140, 'Made in Algeria: Serious Section Edition 854', 67, 459236, 'Made in Algeria: Serious Section Edition 854 is a a luxury ball sports that cannot be found in your local stores!Produce second yes tell radio paper. Light he rich life economic box recognize. Military administration worker school consumer simply.', 'Ball Sports', 47, 12, 70, 'agent.jpeg', '1974-01-27 23:52:56', '1998-05-01 06:26:38');
insert into product (id, title, seller_id, price, description, category, length, width, height, image, created_at, updated_at) values (141, 'Born in Vietnam: Scared Ruin Version 104', 73, 377901, 'Born in Vietnam: Scared Ruin Version 104 is a a luxury chairs and sofas that cannot be found in your local stores!Authority after make admit brother page. Small trade positive enter organization from he.', 'Chairs and Sofas', 137, 29, 61, 'eight.bmp', '1973-04-12 16:47:33', '2019-09-17 06:23:53');
insert into product (id, title, seller_id, price, description, category, length, width, height, image, created_at, updated_at) values (142, 'MistyRose Desperate Tank Version 919', 75, 698346, 'MistyRose Desperate Tank Version 919 is a a luxury computer that cannot be found in your local stores!Threat decide knowledge teach together since. Theory knowledge education father full total may. Close Congress collection.', 'Computer', 117, 59, 23, 'machine.jpg', '1978-11-27 17:55:50', '2005-08-04 10:32:01');
insert into product (id, title, seller_id, price, description, category, length, width, height, image, created_at, updated_at) values (143, 'Made in Maldives: Successful Player Variance 109', 94, 815094, 'Made in Maldives: Successful Player Variance 109 is a a luxury cooker and oven that cannot be found in your local stores!Before drive party blue wait continue. Activity arm process during. Tv heart challenge situation usually. Include remember area feeling station.', 'Cooker and Oven', 57, 13, 18, 'public.bmp', '1993-06-23 16:36:22', '2002-07-24 05:53:49');
insert into product (id, title, seller_id, price, description, category, length, width, height, image, created_at, updated_at) values (144, 'PaleGreen Strange Shop Edition 281', 82, 953763, 'PaleGreen Strange Shop Edition 281 is a a luxury female accessories that cannot be found in your local stores!Score under relationship then year consumer. Pay south left coach here do. Right building example win recognize apply.', 'Female Accessories', 150, 80, 46, 'society.bmp', '1970-11-22 03:05:55', '1986-04-13 04:51:05');
insert into product (id, title, seller_id, price, description, category, length, width, height, image, created_at, updated_at) values (145, 'Mrs. Hull''s Different Emphasis MK 806', 33, 904282, 'Mrs. Hull''s Different Emphasis MK 806 is a a luxury refridgerator that cannot be found in your local stores!At rich general remember. Painting step final. Push floor heavy method.', 'Refridgerator', 103, 57, 75, 'make.bmp', '1987-08-06 17:32:04', '2010-02-10 11:09:08');
insert into product (id, title, seller_id, price, description, category, length, width, height, image, created_at, updated_at) values (146, 'Mx. Young''s Interesting Angle Version 19', 60, 822081, 'Mx. Young''s Interesting Angle Version 19 is a a luxury bed that cannot be found in your local stores!Heavy as production it suddenly science responsibility audience. Media building enter fall red avoid risk. People glass after decade arm they.', 'Bed', 108, 82, 62, 'catch.bmp', '1996-06-02 18:21:42', '1997-04-12 08:18:05');
insert into product (id, title, seller_id, price, description, category, length, width, height, image, created_at, updated_at) values (147, 'Mrs. Hall''s Sensitive Instance Prototype #61', 23, 449665, 'Mrs. Hall''s Sensitive Instance Prototype #61 is a a luxury male clothing that cannot be found in your local stores!Thus question series wear. Off say character success owner. Own because maybe society up magazine.', 'Male Clothing', 72, 85, 84, 'government.gif', '2013-02-11 23:41:51', '2019-05-07 22:18:27');
insert into product (id, title, seller_id, price, description, category, length, width, height, image, created_at, updated_at) values (148, 'Miss Barnes''s Unique Bed No. 407', 55, 547382, 'Miss Barnes''s Unique Bed No. 407 is a a luxury bed that cannot be found in your local stores!Matter black almost. Purpose bit process treat over number. Season center dark him understand opportunity.', 'Bed', 21, 83, 126, 'home.jpeg', '1988-10-03 06:53:38', '2003-12-06 03:28:32');
insert into product (id, title, seller_id, price, description, category, length, width, height, image, created_at, updated_at) values (149, 'Born in Palau: Busy Schedule Version 877', 16, 185492, 'Born in Palau: Busy Schedule Version 877 is a a luxury chairs and sofas that cannot be found in your local stores!Another condition job project speak open. As stay present when pass see wish size. Everything deal billion wrong.', 'Chairs and Sofas', 22, 63, 144, 'commercial.bmp', '1999-08-20 20:25:06', '2009-08-14 13:14:07');
insert into product (id, title, seller_id, price, description, category, length, width, height, image, created_at, updated_at) values (150, 'Moore-Green''s Downtown Supermarket Gen. 249', 73, 428934, 'Moore-Green''s Downtown Supermarket Gen. 249 is a a luxury tv that cannot be found in your local stores!Between idea three choice east window. As study truth federal rule choice.', 'TV', 142, 23, 35, 'send.jpeg', '1985-04-26 16:18:32', '2006-06-23 02:15:21');
insert into product (id, title, seller_id, price, description, category, length, width, height, image, created_at, updated_at) values (151, 'Robinson, Reese and Saunders''s Female Career Edition 782', 57, 305075, 'Robinson, Reese and Saunders''s Female Career Edition 782 is a a luxury girl clothing and accessories that cannot be found in your local stores!Plan away hear loss care prevent range. Voice affect yes care myself moment specific.', 'Girl Clothing and Accessories', 25, 13, 41, 'I.bmp', '1992-12-26 23:04:53', '2007-04-27 23:30:46');
insert into product (id, title, seller_id, price, description, category, length, width, height, image, created_at, updated_at) values (152, 'Bennett, Cordova and Barrett''s Best Concert Version 682', 11, 16840, 'Bennett, Cordova and Barrett''s Best Concert Version 682 is a a cheap boy clothing and accessories that cannot be found in your local stores!Create turn listen trip spend art. Food career with early cold huge. Various ever full particular human product year they.', 'Boy Clothing and Accessories', 15, 79, 132, 'trade.bmp', '1984-12-01 06:06:26', '2017-08-22 21:43:43');
insert into product (id, title, seller_id, price, description, category, length, width, height, image, created_at, updated_at) values (153, 'Made in Christmas Island: Senior Election Variance 770', 51, 964004, 'Made in Christmas Island: Senior Election Variance 770 is a a luxury male accessories that cannot be found in your local stores!Color way board network month. Policy in myself. Let piece everybody grow reach. Environment system forget amount hand.', 'Male Accessories', 132, 51, 115, 'against.gif', '1973-10-06 18:25:45', '2021-12-26 17:56:05');
insert into product (id, title, seller_id, price, description, category, length, width, height, image, created_at, updated_at) values (154, 'Mckee-Case''s Sensitive Finance No. 366', 71, 653724, 'Mckee-Case''s Sensitive Finance No. 366 is a a luxury computer that cannot be found in your local stores!Interest hot still party. Case film student wait exactly. Become different laugh former. And way son. Large ready foreign board.', 'Computer', 136, 62, 106, 'every.jpg', '2005-12-03 09:21:01', '2021-07-26 22:40:14');
insert into product (id, title, seller_id, price, description, category, length, width, height, image, created_at, updated_at) values (155, 'Born in Canada: Pure Son Version 222', 41, 275409, 'Born in Canada: Pure Son Version 222 is a a luxury racket sports that cannot be found in your local stores!Officer accept nor. Fine structure brother attention media break. Street present exactly kind rule seek physical.', 'Racket Sports', 44, 35, 28, 'although.gif', '2013-10-03 03:26:32', '2022-03-03 17:09:37');
insert into product (id, title, seller_id, price, description, category, length, width, height, image, created_at, updated_at) values (156, 'Bauer-Kelley''s Powerful Structure Gen. 30', 84, 647248, 'Bauer-Kelley''s Powerful Structure Gen. 30 is a a luxury phone accessories that cannot be found in your local stores!Table describe have news. Test range responsibility score source bed. Practice fly teach page cost.', 'Phone Accessories', 48, 80, 112, 'practice.jpg', '1974-02-07 08:49:58', '1999-09-26 11:00:56');
insert into product (id, title, seller_id, price, description, category, length, width, height, image, created_at, updated_at) values (157, 'Born in Croatia: Normal Mark Prototype #674', 23, 93291, 'Born in Croatia: Normal Mark Prototype #674 is a a luxury girl clothing and accessories that cannot be found in your local stores!Visit range focus ability help stand. Three crime bring little behind. Same full lawyer security west.', 'Girl Clothing and Accessories', 28, 85, 69, 'institution.png', '1984-11-27 18:28:54', '2001-10-31 16:00:01');
insert into product (id, title, seller_id, price, description, category, length, width, height, image, created_at, updated_at) values (158, 'Mr. Jackson''s Smart Wine Edition 58', 41, 535993, 'Mr. Jackson''s Smart Wine Edition 58 is a a luxury cooker and oven that cannot be found in your local stores!Southern majority wind past. Weight professional among hospital look research. Claim billion crime with particular baby.', 'Cooker and Oven', 75, 40, 36, 'if.bmp', '1991-06-03 00:28:48', '2017-08-23 06:22:04');
insert into product (id, title, seller_id, price, description, category, length, width, height, image, created_at, updated_at) values (159, 'Mx. Sims''s Downtown Shoe MK 967', 73, 250049, 'Mx. Sims''s Downtown Shoe MK 967 is a a luxury boy clothing and accessories that cannot be found in your local stores!Common growth I eat challenge though future reason. Owner future south tend them be area. Nearly senior expert full.', 'Boy Clothing and Accessories', 55, 56, 115, 'test.png', '1989-10-02 06:20:44', '1991-12-28 23:58:55');
insert into product (id, title, seller_id, price, description, category, length, width, height, image, created_at, updated_at) values (160, 'Born in Sierra Leone: Leading Holiday Variance 835', 34, 75632, 'Born in Sierra Leone: Leading Holiday Variance 835 is a a luxury tv that cannot be found in your local stores!Best fear process. Middle ball determine set police recent form. Standard him policy require bad.', 'TV', 46, 32, 77, 'arrive.png', '1994-05-04 02:39:00', '2020-09-29 23:55:02');
insert into product (id, title, seller_id, price, description, category, length, width, height, image, created_at, updated_at) values (161, 'Aqua Consistent Ruin Variance 617', 15, 402210, 'Aqua Consistent Ruin Variance 617 is a a luxury female clothing that cannot be found in your local stores!Agree force suffer protect. Rule board money help store office.', 'Female Clothing', 21, 40, 146, 'fact.bmp', '1977-01-25 07:09:54', '2012-10-21 08:55:56');
insert into product (id, title, seller_id, price, description, category, length, width, height, image, created_at, updated_at) values (162, 'LightSeaGreen Open Duty Version 666', 33, 995995, 'LightSeaGreen Open Duty Version 666 is a a luxury female clothing that cannot be found in your local stores!Modern trouble human past mind hold. Down himself sure throw skin civil senior act. Support what born style little.', 'Female Clothing', 33, 76, 39, 'true.jpg', '1980-02-14 21:43:06', '2013-02-16 08:00:56');
insert into product (id, title, seller_id, price, description, category, length, width, height, image, created_at, updated_at) values (163, 'Brady-Cook''s Brown Curve Prototype #946', 33, 257044, 'Brady-Cook''s Brown Curve Prototype #946 is a a luxury computer that cannot be found in your local stores!Development enjoy and rest peace carry. Product movement including find. Tough behind color kind floor practice so according.', 'Computer', 131, 24, 138, 'American.bmp', '1978-11-29 08:19:16', '2005-03-02 05:44:00');
insert into product (id, title, seller_id, price, description, category, length, width, height, image, created_at, updated_at) values (164, 'Dr. Walker''s Civil Chapter Prototype #306', 57, 698668, 'Dr. Walker''s Civil Chapter Prototype #306 is a a luxury girl clothing and accessories that cannot be found in your local stores!Agreement hand rise. Over decide benefit herself tree series. Program beautiful chair someone everybody amount fear.', 'Girl Clothing and Accessories', 70, 31, 55, 'rise.tiff', '1983-08-28 03:36:13', '2015-04-25 01:02:19');
insert into product (id, title, seller_id, price, description, category, length, width, height, image, created_at, updated_at) values (165, 'Made in Saint Barthelemy: Sudden While Variance 959', 94, 679980, 'Made in Saint Barthelemy: Sudden While Variance 959 is a a luxury male accessories that cannot be found in your local stores!Yard cell computer marriage entire. Where television on central somebody three test.', 'Male Accessories', 118, 18, 49, 'amount.gif', '1978-02-15 16:56:22', '2016-07-02 13:08:11');
insert into product (id, title, seller_id, price, description, category, length, width, height, image, created_at, updated_at) values (166, 'Made in Barbados: Able Piano Variance 804', 82, 194933, 'Made in Barbados: Able Piano Variance 804 is a a luxury lamps that cannot be found in your local stores!Less must outside effort try whom range. Customer believe them message democratic second.', 'Lamps', 114, 26, 81, 'past.jpeg', '1977-12-09 05:59:49', '1988-05-29 10:10:20');
insert into product (id, title, seller_id, price, description, category, length, width, height, image, created_at, updated_at) values (167, 'Lopez, Mueller and Bond''s Close Assignment Gen. 8', 71, 20319, 'Lopez, Mueller and Bond''s Close Assignment Gen. 8 is a a cheap bed that cannot be found in your local stores!Speak nearly some door yes good probably. Daughter make official compare effort.', 'Bed', 123, 70, 14, 'camera.jpeg', '1993-07-01 17:11:54', '2002-11-01 21:35:50');
insert into product (id, title, seller_id, price, description, category, length, width, height, image, created_at, updated_at) values (168, 'Hale-Anderson''s United Ratio No. 150', 57, 357994, 'Hale-Anderson''s United Ratio No. 150 is a a luxury wall decoration that cannot be found in your local stores!Unit law threat. For everybody baby section sing speech election three. Particularly seek opportunity must very management training.', 'Wall Decoration', 59, 57, 127, 'style.gif', '1982-07-09 12:22:49', '2009-08-05 02:51:07');
insert into product (id, title, seller_id, price, description, category, length, width, height, image, created_at, updated_at) values (169, 'Mr. Jackson''s Such Level Gen. 44', 60, 38763, 'Mr. Jackson''s Such Level Gen. 44 is a an affordably priced phone that cannot be found in your local stores!While brother stop successful dog she. Action herself out social. Successful base student son call why to. Light help executive carry.', 'Phone', 35, 49, 29, 'sound.bmp', '2010-10-27 22:52:49', '2016-10-22 19:58:31');
insert into product (id, title, seller_id, price, description, category, length, width, height, image, created_at, updated_at) values (170, 'RosyBrown Old Investment Variance 467', 26, 126917, 'RosyBrown Old Investment Variance 467 is a a luxury cooker and oven that cannot be found in your local stores!From billion kid table gun. Forward perform lead she through win value practice.', 'Cooker and Oven', 62, 67, 97, 'officer.jpg', '1991-10-25 17:39:58', '2002-08-12 13:39:03');
insert into product (id, title, seller_id, price, description, category, length, width, height, image, created_at, updated_at) values (171, 'Made in Luxembourg: Recent Perception Version 520', 26, 322445, 'Made in Luxembourg: Recent Perception Version 520 is a a luxury phone accessories that cannot be found in your local stores!Policy factor affect board travel happen memory. Order top remember protect. Follow include cell dark animal any.', 'Phone Accessories', 75, 20, 102, 'fly.bmp', '1978-10-17 03:36:55', '2014-11-10 17:05:30');
insert into product (id, title, seller_id, price, description, category, length, width, height, image, created_at, updated_at) values (172, 'Ms. Taylor''s United Process Edition 514', 38, 215263, 'Ms. Taylor''s United Process Edition 514 is a a luxury boy clothing and accessories that cannot be found in your local stores!Blue film teach issue security. Important store he. Success network civil their house agent nor.', 'Boy Clothing and Accessories', 18, 53, 69, 'executive.tiff', '1990-07-31 10:44:41', '2010-10-18 21:46:28');
insert into product (id, title, seller_id, price, description, category, length, width, height, image, created_at, updated_at) values (173, 'Gonzalez, Goodwin and Cox''s Raw Advice Gen. 896', 74, 938537, 'Gonzalez, Goodwin and Cox''s Raw Advice Gen. 896 is a a luxury cooker and oven that cannot be found in your local stores!Court on clearly suggest pay management full. Social former gun stage. Affect next value whose participant role.', 'Cooker and Oven', 72, 26, 24, 'always.bmp', '1992-02-03 13:59:09', '1994-02-25 11:36:08');
insert into product (id, title, seller_id, price, description, category, length, width, height, image, created_at, updated_at) values (174, 'Made in China: Pleasant Station No. 30', 34, 941580, 'Made in China: Pleasant Station No. 30 is a a luxury male sportswear that cannot be found in your local stores!System reveal live. Their decision management want around. Agent prove century we.', 'Male Sportswear', 107, 33, 71, 'available.tiff', '1981-05-17 21:25:07', '1990-01-23 14:51:24');
insert into product (id, title, seller_id, price, description, category, length, width, height, image, created_at, updated_at) values (175, 'Born in Liechtenstein: Southern Tax MK 527', 11, 462236, 'Born in Liechtenstein: Southern Tax MK 527 is a a luxury male sportswear that cannot be found in your local stores!Run country account. Phone material south sort just game a. Head green economic. Forget sport financial success create. Either hour chair education.', 'Male Sportswear', 67, 68, 143, 'though.bmp', '1990-12-22 16:44:13', '2014-02-24 02:14:21');
insert into product (id, title, seller_id, price, description, category, length, width, height, image, created_at, updated_at) values (176, 'Born in Botswana: Fair Blue No. 780', 51, 36811, 'Born in Botswana: Fair Blue No. 780 is a an affordably priced female clothing that cannot be found in your local stores!Course page should Mr program. Add street star west production. Best new open month discuss.', 'Female Clothing', 142, 63, 123, 'management.png', '1989-07-24 17:00:08', '1989-10-26 19:41:41');
insert into product (id, title, seller_id, price, description, category, length, width, height, image, created_at, updated_at) values (177, 'Mx. Smith''s Technical Meaning Version 768', 75, 953786, 'Mx. Smith''s Technical Meaning Version 768 is a a luxury male sportswear that cannot be found in your local stores!New music job both level probably good. Senior show we first play sometimes. Water however decision itself half trouble list tend.', 'Male Sportswear', 117, 48, 116, 'information.jpg', '1986-09-24 07:49:20', '2009-02-26 02:09:52');
insert into product (id, title, seller_id, price, description, category, length, width, height, image, created_at, updated_at) values (178, 'MediumTurquoise White Draft No. 552', 16, 922148, 'MediumTurquoise White Draft No. 552 is a a luxury ball sports that cannot be found in your local stores!Indicate TV magazine by rule ground imagine. Kind early bank building peace.', 'Ball Sports', 72, 18, 139, 'bank.gif', '1997-10-17 15:31:23', '2015-06-09 06:09:18');
insert into product (id, title, seller_id, price, description, category, length, width, height, image, created_at, updated_at) values (179, 'Wilkinson Group''s Weak River No. 600', 11, 54548, 'Wilkinson Group''s Weak River No. 600 is a an affordably priced chairs and sofas that cannot be found in your local stores!Toward able want quickly quite. Pick open occur staff mouth age. Wait visit design defense want.', 'Chairs and Sofas', 26, 83, 118, 'building.gif', '1979-02-15 03:05:24', '1994-05-08 16:35:24');
insert into product (id, title, seller_id, price, description, category, length, width, height, image, created_at, updated_at) values (180, 'Mrs. Campbell''s Electronic Black Gen. 941', 82, 520326, 'Mrs. Campbell''s Electronic Black Gen. 941 is a a luxury tv that cannot be found in your local stores!Run value quickly hope fish certainly pull sister. Indeed me already point skin. Right better next language method include.', 'TV', 94, 66, 17, 'manager.jpeg', '1975-09-12 18:09:20', '2017-03-06 04:02:30');
insert into product (id, title, seller_id, price, description, category, length, width, height, image, created_at, updated_at) values (181, 'DarkMagenta Low Bad Edition 62', 57, 578152, 'DarkMagenta Low Bad Edition 62 is a a luxury male clothing that cannot be found in your local stores!Begin authority rule billion beat. Media year no create help traditional. Little window suddenly evening everything only cover.', 'Male Clothing', 17, 63, 136, 'nice.png', '1996-05-31 17:45:09', '1999-05-13 18:42:48');
insert into product (id, title, seller_id, price, description, category, length, width, height, image, created_at, updated_at) values (182, 'Mr. Wilson''s Spiritual Counter Edition 113', 11, 972605, 'Mr. Wilson''s Spiritual Counter Edition 113 is a a luxury boy clothing and accessories that cannot be found in your local stores!Accept evening anyone. Science big computer. Building but minute security street top. Establish degree rule serious husband positive.', 'Boy Clothing and Accessories', 87, 28, 131, 'positive.gif', '2004-01-24 20:08:36', '2016-03-11 13:10:14');
insert into product (id, title, seller_id, price, description, category, length, width, height, image, created_at, updated_at) values (183, 'Made in Vietnam: Final Tea No. 458', 75, 918872, 'Made in Vietnam: Final Tea No. 458 is a a luxury female sportswear that cannot be found in your local stores!Role rock book option while health seek. Phone manage attorney every both. Edge probably figure may concern page.', 'Female Sportswear', 108, 26, 129, 'boy.gif', '2010-09-03 08:26:32', '2016-06-24 00:06:00');
insert into product (id, title, seller_id, price, description, category, length, width, height, image, created_at, updated_at) values (184, 'Born in United States Minor Outlying Islands: Potential Party No. 868', 26, 397551, 'Born in United States Minor Outlying Islands: Potential Party No. 868 is a a luxury female sportswear that cannot be found in your local stores!Health compare easy reach pull level fire. Better wife evidence same. Pressure perform store create.', 'Female Sportswear', 83, 67, 19, 'under.bmp', '2010-08-15 17:50:13', '2012-11-14 16:43:46');
insert into product (id, title, seller_id, price, description, category, length, width, height, image, created_at, updated_at) values (185, 'Miss Deleon''s Rough System No. 435', 26, 698142, 'Miss Deleon''s Rough System No. 435 is a a luxury ball sports that cannot be found in your local stores!Would citizen big build everybody friend maintain. Role court medical pretty serious owner parent. White eat happen south however teacher.', 'Ball Sports', 16, 15, 145, 'candidate.png', '1983-05-12 06:09:54', '2001-03-30 03:29:37');
insert into product (id, title, seller_id, price, description, category, length, width, height, image, created_at, updated_at) values (186, 'LightSlateGray Numerous Reading Variance 406', 50, 184288, 'LightSlateGray Numerous Reading Variance 406 is a a luxury cooker and oven that cannot be found in your local stores!Night foreign summer lawyer. Building throughout environmental also. Nearly player teach attorney. Cut take magazine.', 'Cooker and Oven', 65, 19, 150, 'choose.png', '1974-06-26 14:41:40', '1979-08-30 06:30:49');
insert into product (id, title, seller_id, price, description, category, length, width, height, image, created_at, updated_at) values (187, 'Made in Bahamas: Content Road Version 994', 55, 340557, 'Made in Bahamas: Content Road Version 994 is a a luxury female accessories that cannot be found in your local stores!Stock all media attorney save. Low consumer term senior Congress. Force mind short knowledge bring.', 'Female Accessories', 61, 35, 35, 'answer.jpg', '1983-11-16 09:37:02', '2008-05-19 05:26:27');
insert into product (id, title, seller_id, price, description, category, length, width, height, image, created_at, updated_at) values (188, 'Mrs. Allen''s Thin House Variance 732', 82, 783380, 'Mrs. Allen''s Thin House Variance 732 is a a luxury ball sports that cannot be found in your local stores!City class believe save structure politics. Trial memory receive difficult nothing career smile. Agent determine most thank lay.', 'Ball Sports', 67, 89, 55, 'brother.gif', '1974-05-18 10:01:43', '1998-06-20 06:01:02');
insert into product (id, title, seller_id, price, description, category, length, width, height, image, created_at, updated_at) values (189, 'Mr. Landry''s Helpful Angle MK 239', 67, 232985, 'Mr. Landry''s Helpful Angle MK 239 is a a luxury phone that cannot be found in your local stores!Such camera something. Good again morning case hope not. Turn member suddenly technology red financial environment. Seat laugh note.', 'Phone', 15, 55, 135, 'picture.bmp', '1998-12-28 18:19:00', '2005-10-09 16:18:22');
insert into product (id, title, seller_id, price, description, category, length, width, height, image, created_at, updated_at) values (190, 'Mx. Ingram''s Direct Film Variance 875', 75, 737174, 'Mx. Ingram''s Direct Film Variance 875 is a a luxury male clothing that cannot be found in your local stores!Conference their memory civil food play.', 'Male Clothing', 74, 34, 24, 'identify.jpg', '1999-11-25 22:32:55', '2003-04-20 04:26:14');
insert into product (id, title, seller_id, price, description, category, length, width, height, image, created_at, updated_at) values (191, 'Lindsey-Davis''s Pretty Water Gen. 754', 94, 185150, 'Lindsey-Davis''s Pretty Water Gen. 754 is a a luxury boy clothing and accessories that cannot be found in your local stores!Worker agent ago entire parent program.', 'Boy Clothing and Accessories', 142, 54, 142, 'group.tiff', '1992-01-30 08:54:47', '1998-07-31 20:46:08');
insert into product (id, title, seller_id, price, description, category, length, width, height, image, created_at, updated_at) values (192, 'Ind. Miller''s According Article Version 973', 26, 207584, 'Ind. Miller''s According Article Version 973 is a a luxury tv that cannot be found in your local stores!Often we behavior produce off. How thousand lose east like simply. Identify model forget use same crime.', 'TV', 99, 59, 10, 'scene.bmp', '1991-11-22 23:30:45', '2011-12-04 12:39:33');
insert into product (id, title, seller_id, price, description, category, length, width, height, image, created_at, updated_at) values (193, 'Miss Nichols''s Crazy Phone MK 675', 95, 889043, 'Miss Nichols''s Crazy Phone MK 675 is a a luxury bed that cannot be found in your local stores!Thing husband wind modern more car. Indeed watch blue drive. Candidate way soon political senior key any pressure.', 'Bed', 130, 35, 51, 'better.bmp', '1996-03-03 02:12:19', '2004-05-03 02:07:20');
insert into product (id, title, seller_id, price, description, category, length, width, height, image, created_at, updated_at) values (194, 'SkyBlue Famous Breath No. 337', 74, 534766, 'SkyBlue Famous Breath No. 337 is a a luxury computer that cannot be found in your local stores!Well thought step current drop report. Outside government seat air if. Degree food agree meeting blue general edge.', 'Computer', 64, 30, 149, 'entire.bmp', '1976-02-14 05:47:32', '2007-11-09 07:23:10');
insert into product (id, title, seller_id, price, description, category, length, width, height, image, created_at, updated_at) values (195, 'Rhodes LLC''s Just Bridge No. 761', 52, 179867, 'Rhodes LLC''s Just Bridge No. 761 is a a luxury female sportswear that cannot be found in your local stores!Military close rise make partner tough. Hand white mother might Mr take. And such budget write point. Turn either we present.', 'Female Sportswear', 91, 36, 138, 'suggest.jpeg', '1978-01-17 02:43:40', '2019-11-23 05:47:23');
insert into product (id, title, seller_id, price, description, category, length, width, height, image, created_at, updated_at) values (196, 'Bailey-Gates''s Complex Juice Edition 130', 23, 148164, 'Bailey-Gates''s Complex Juice Edition 130 is a a luxury bed that cannot be found in your local stores!See plant turn onto certain. Require father statement ask but. Something place always state. I few population. Popular interview event win thought.', 'Bed', 54, 33, 114, 'attorney.gif', '1975-05-23 13:21:54', '2010-10-16 07:25:05');
insert into product (id, title, seller_id, price, description, category, length, width, height, image, created_at, updated_at) values (197, 'Mrs. Garrison''s False Self Gen. 992', 52, 104156, 'Mrs. Garrison''s False Self Gen. 992 is a a luxury ball sports that cannot be found in your local stores!Carry consider security personal. Certainly pay expect bag. Still month true bring thank a. Example this blood also exactly.', 'Ball Sports', 22, 36, 10, 'control.tiff', '1977-12-06 15:53:00', '2003-12-11 19:25:11');
insert into product (id, title, seller_id, price, description, category, length, width, height, image, created_at, updated_at) values (198, 'Dr. Phillips''s Smooth Closet Variance 802', 33, 616474, 'Dr. Phillips''s Smooth Closet Variance 802 is a a luxury cooker and oven that cannot be found in your local stores!Stuff data should add institution next. Middle keep environment threat. Just floor accept set.', 'Cooker and Oven', 121, 19, 99, 'expect.gif', '1975-08-29 18:56:03', '2000-12-25 22:21:54');
insert into product (id, title, seller_id, price, description, category, length, width, height, image, created_at, updated_at) values (199, 'Born in Jersey: Double Technology No. 144', 51, 242862, 'Born in Jersey: Double Technology No. 144 is a a luxury chairs and sofas that cannot be found in your local stores!Poor glass ten use share manager machine. Will interest while million check play page. Thought concern pressure drive. Adult every wait ok.', 'Chairs and Sofas', 66, 60, 100, 'fund.tiff', '1974-05-03 07:06:03', '1976-04-05 02:55:22');
insert into product (id, title, seller_id, price, description, category, length, width, height, image, created_at, updated_at) values (200, 'LightGray Wonderful Sense MK 906', 71, 803864, 'LightGray Wonderful Sense MK 906 is a a luxury ball sports that cannot be found in your local stores!Treat if officer pay police yard consumer box. Else quality small information wife stand. Dinner about performance notice many another them.', 'Ball Sports', 44, 33, 16, 'product.jpeg', '1983-03-19 21:50:49', '1994-10-24 11:09:08');

insert into cart_details (customer_id, product_id, quantity) values (6, 43, 12);
insert into cart_details (customer_id, product_id, quantity) values (9, 45, 17);
insert into cart_details (customer_id, product_id, quantity) values (9, 17, 1);
insert into cart_details (customer_id, product_id, quantity) values (10, 59, 19);
insert into cart_details (customer_id, product_id, quantity) values (12, 142, 3);
insert into cart_details (customer_id, product_id, quantity) values (12, 171, 6);
insert into cart_details (customer_id, product_id, quantity) values (13, 99, 12);
insert into cart_details (customer_id, product_id, quantity) values (13, 188, 17);
insert into cart_details (customer_id, product_id, quantity) values (13, 177, 10);
insert into cart_details (customer_id, product_id, quantity) values (18, 72, 1);
insert into cart_details (customer_id, product_id, quantity) values (19, 25, 18);
insert into cart_details (customer_id, product_id, quantity) values (19, 146, 14);
insert into cart_details (customer_id, product_id, quantity) values (19, 108, 15);
insert into cart_details (customer_id, product_id, quantity) values (27, 83, 9);
insert into cart_details (customer_id, product_id, quantity) values (30, 114, 18);
insert into cart_details (customer_id, product_id, quantity) values (30, 48, 7);
insert into cart_details (customer_id, product_id, quantity) values (30, 118, 1);
insert into cart_details (customer_id, product_id, quantity) values (32, 151, 15);
insert into cart_details (customer_id, product_id, quantity) values (32, 69, 20);
insert into cart_details (customer_id, product_id, quantity) values (36, 61, 1);
insert into cart_details (customer_id, product_id, quantity) values (37, 178, 3);
insert into cart_details (customer_id, product_id, quantity) values (37, 167, 10);
insert into cart_details (customer_id, product_id, quantity) values (42, 29, 3);
insert into cart_details (customer_id, product_id, quantity) values (42, 22, 17);
insert into cart_details (customer_id, product_id, quantity) values (44, 14, 15);
insert into cart_details (customer_id, product_id, quantity) values (44, 199, 2);
insert into cart_details (customer_id, product_id, quantity) values (45, 26, 6);
insert into cart_details (customer_id, product_id, quantity) values (45, 153, 20);
insert into cart_details (customer_id, product_id, quantity) values (48, 157, 2);
insert into cart_details (customer_id, product_id, quantity) values (49, 87, 6);
insert into cart_details (customer_id, product_id, quantity) values (54, 164, 5);
insert into cart_details (customer_id, product_id, quantity) values (54, 186, 19);
insert into cart_details (customer_id, product_id, quantity) values (54, 69, 18);
insert into cart_details (customer_id, product_id, quantity) values (56, 128, 18);
insert into cart_details (customer_id, product_id, quantity) values (56, 94, 3);
insert into cart_details (customer_id, product_id, quantity) values (59, 84, 9);
insert into cart_details (customer_id, product_id, quantity) values (59, 126, 12);
insert into cart_details (customer_id, product_id, quantity) values (63, 29, 11);
insert into cart_details (customer_id, product_id, quantity) values (65, 70, 9);
insert into cart_details (customer_id, product_id, quantity) values (68, 3, 4);
insert into cart_details (customer_id, product_id, quantity) values (68, 31, 14);
insert into cart_details (customer_id, product_id, quantity) values (69, 65, 15);
insert into cart_details (customer_id, product_id, quantity) values (69, 20, 12);
insert into cart_details (customer_id, product_id, quantity) values (69, 110, 12);
insert into cart_details (customer_id, product_id, quantity) values (79, 24, 14);
insert into cart_details (customer_id, product_id, quantity) values (79, 74, 10);
insert into cart_details (customer_id, product_id, quantity) values (79, 68, 20);
insert into cart_details (customer_id, product_id, quantity) values (80, 198, 20);
insert into cart_details (customer_id, product_id, quantity) values (80, 200, 16);
insert into cart_details (customer_id, product_id, quantity) values (83, 173, 6);
insert into cart_details (customer_id, product_id, quantity) values (83, 108, 15);
insert into cart_details (customer_id, product_id, quantity) values (83, 58, 3);
insert into cart_details (customer_id, product_id, quantity) values (85, 75, 17);
insert into cart_details (customer_id, product_id, quantity) values (85, 116, 7);
insert into cart_details (customer_id, product_id, quantity) values (90, 55, 1);
insert into cart_details (customer_id, product_id, quantity) values (90, 53, 13);
insert into cart_details (customer_id, product_id, quantity) values (92, 31, 19);
insert into cart_details (customer_id, product_id, quantity) values (93, 25, 13);
insert into cart_details (customer_id, product_id, quantity) values (96, 135, 1);
insert into cart_details (customer_id, product_id, quantity) values (97, 46, 18);
insert into cart_details (customer_id, product_id, quantity) values (97, 132, 20);
insert into cart_details (customer_id, product_id, quantity) values (98, 184, 13);
insert into cart_details (customer_id, product_id, quantity) values (98, 166, 9);
insert into order_details (id, customer_id, status, total_price) values (1, 45, 'Inbound', 137145);
insert into order_details (id, customer_id, status, total_price) values (2, 96, 'Accepted', 510978);
insert into order_details (id, customer_id, status, total_price) values (3, 97, 'Inbound', 100324);
insert into order_details (id, customer_id, status, total_price) values (4, 63, 'Accepted', 997217);
insert into order_details (id, customer_id, status, total_price) values (5, 80, 'Inbound', 380606);
insert into order_details (id, customer_id, status, total_price) values (6, 45, 'Inbound', 171041);
insert into order_details (id, customer_id, status, total_price) values (7, 6, 'Accepted', 991236);
insert into order_details (id, customer_id, status, total_price) values (8, 59, 'Accepted', 235077);
insert into order_details (id, customer_id, status, total_price) values (9, 9, 'Inbound', 253874);
insert into order_details (id, customer_id, status, total_price) values (10, 32, 'Accepted', 235267);
insert into order_details (id, customer_id, status, total_price) values (11, 19, 'Rejected', 532284);
insert into order_details (id, customer_id, status, total_price) values (12, 32, 'Accepted', 385030);
insert into order_details (id, customer_id, status, total_price) values (13, 92, 'Rejected', 261616);
insert into order_details (id, customer_id, status, total_price) values (14, 9, 'Accepted', 296953);
insert into order_details (id, customer_id, status, total_price) values (15, 69, 'Rejected', 107546);
insert into order_details (id, customer_id, status, total_price) values (16, 6, 'Inbound', 123650);
insert into order_details (id, customer_id, status, total_price) values (17, 65, 'Rejected', 485819);
insert into order_details (id, customer_id, status, total_price) values (18, 96, 'Inbound', 858515);
insert into order_details (id, customer_id, status, total_price) values (19, 10, 'Accepted', 283315);
insert into order_details (id, customer_id, status, total_price) values (20, 80, 'Accepted', 842294);
insert into order_details (id, customer_id, status, total_price) values (21, 98, 'Accepted', 278201);
insert into order_details (id, customer_id, status, total_price) values (22, 68, 'Accepted', 970902);
insert into order_details (id, customer_id, status, total_price) values (23, 42, 'Inbound', 985656);
insert into order_details (id, customer_id, status, total_price) values (24, 19, 'Accepted', 705394);
insert into order_details (id, customer_id, status, total_price) values (25, 45, 'Accepted', 23177);
insert into order_details (id, customer_id, status, total_price) values (26, 13, 'Rejected', 506312);
insert into order_details (id, customer_id, status, total_price) values (27, 63, 'Inbound', 372616);
insert into order_details (id, customer_id, status, total_price) values (28, 65, 'Accepted', 993699);
insert into order_details (id, customer_id, status, total_price) values (29, 13, 'Accepted', 634777);
insert into order_details (id, customer_id, status, total_price) values (30, 37, 'Rejected', 268261);
insert into order_details (id, customer_id, status, total_price) values (31, 6, 'Inbound', 84857);
insert into order_details (id, customer_id, status, total_price) values (32, 85, 'Accepted', 154190);
insert into order_details (id, customer_id, status, total_price) values (33, 49, 'Rejected', 649365);
insert into order_details (id, customer_id, status, total_price) values (34, 90, 'Inbound', 782531);
insert into order_details (id, customer_id, status, total_price) values (35, 32, 'Rejected', 417243);
insert into order_details (id, customer_id, status, total_price) values (36, 42, 'Rejected', 725088);
insert into order_details (id, customer_id, status, total_price) values (37, 68, 'Inbound', 669509);
insert into order_details (id, customer_id, status, total_price) values (38, 97, 'Rejected', 64638);
insert into order_details (id, customer_id, status, total_price) values (39, 54, 'Accepted', 893877);
insert into order_details (id, customer_id, status, total_price) values (40, 45, 'Accepted', 805098);
insert into order_details (id, customer_id, status, total_price) values (41, 9, 'Accepted', 827532);
insert into order_details (id, customer_id, status, total_price) values (42, 12, 'Inbound', 342606);
insert into order_details (id, customer_id, status, total_price) values (43, 93, 'Inbound', 289057);
insert into order_details (id, customer_id, status, total_price) values (44, 80, 'Rejected', 231376);
insert into order_details (id, customer_id, status, total_price) values (45, 63, 'Inbound', 755628);
insert into order_details (id, customer_id, status, total_price) values (46, 85, 'Inbound', 462430);
insert into order_details (id, customer_id, status, total_price) values (47, 9, 'Accepted', 660915);
insert into order_details (id, customer_id, status, total_price) values (48, 48, 'Inbound', 67820);
insert into order_details (id, customer_id, status, total_price) values (49, 85, 'Inbound', 698895);
insert into order_details (id, customer_id, status, total_price) values (50, 68, 'Rejected', 993940);
insert into order_details (id, customer_id, status, total_price) values (51, 12, 'Rejected', 233262);
insert into order_details (id, customer_id, status, total_price) values (52, 63, 'Rejected', 726358);
insert into order_details (id, customer_id, status, total_price) values (53, 92, 'Inbound', 63701);
insert into order_details (id, customer_id, status, total_price) values (54, 9, 'Rejected', 943195);
insert into order_details (id, customer_id, status, total_price) values (55, 68, 'Accepted', 138264);
insert into order_details (id, customer_id, status, total_price) values (56, 54, 'Inbound', 27405);
insert into order_details (id, customer_id, status, total_price) values (57, 45, 'Accepted', 226660);
insert into order_details (id, customer_id, status, total_price) values (58, 49, 'Accepted', 884668);
insert into order_details (id, customer_id, status, total_price) values (59, 48, 'Rejected', 539947);
insert into order_details (id, customer_id, status, total_price) values (60, 98, 'Inbound', 454409);
insert into order_details (id, customer_id, status, total_price) values (61, 59, 'Accepted', 187255);
insert into order_details (id, customer_id, status, total_price) values (62, 18, 'Inbound', 159944);
insert into order_details (id, customer_id, status, total_price) values (63, 85, 'Accepted', 332615);
insert into order_details (id, customer_id, status, total_price) values (64, 85, 'Accepted', 330972);
insert into order_details (id, customer_id, status, total_price) values (65, 56, 'Accepted', 606542);
insert into order_details (id, customer_id, status, total_price) values (66, 65, 'Rejected', 666329);
insert into order_details (id, customer_id, status, total_price) values (67, 85, 'Accepted', 903128);
insert into order_details (id, customer_id, status, total_price) values (68, 13, 'Accepted', 251682);
insert into order_details (id, customer_id, status, total_price) values (69, 56, 'Accepted', 165774);
insert into order_details (id, customer_id, status, total_price) values (70, 49, 'Accepted', 242872);
insert into order_details (id, customer_id, status, total_price) values (71, 80, 'Accepted', 961553);
insert into order_details (id, customer_id, status, total_price) values (72, 37, 'Inbound', 257859);
insert into order_details (id, customer_id, status, total_price) values (73, 97, 'Accepted', 345983);
insert into order_details (id, customer_id, status, total_price) values (74, 48, 'Inbound', 826821);
insert into order_details (id, customer_id, status, total_price) values (75, 69, 'Accepted', 186105);
insert into order_details (id, customer_id, status, total_price) values (76, 98, 'Rejected', 148270);
insert into order_details (id, customer_id, status, total_price) values (77, 97, 'Inbound', 474609);
insert into order_details (id, customer_id, status, total_price) values (78, 6, 'Inbound', 538342);
insert into order_details (id, customer_id, status, total_price) values (79, 59, 'Accepted', 789979);
insert into order_details (id, customer_id, status, total_price) values (80, 45, 'Accepted', 876287);
insert into order_details (id, customer_id, status, total_price) values (81, 13, 'Accepted', 591045);
insert into order_details (id, customer_id, status, total_price) values (82, 97, 'Inbound', 233842);
insert into order_details (id, customer_id, status, total_price) values (83, 13, 'Accepted', 149075);
insert into order_details (id, customer_id, status, total_price) values (84, 12, 'Inbound', 697142);
insert into order_details (id, customer_id, status, total_price) values (85, 92, 'Inbound', 590172);
insert into order_details (id, customer_id, status, total_price) values (86, 83, 'Rejected', 451605);
insert into order_details (id, customer_id, status, total_price) values (87, 59, 'Accepted', 140991);
insert into order_details (id, customer_id, status, total_price) values (88, 9, 'Inbound', 393429);
insert into order_details (id, customer_id, status, total_price) values (89, 63, 'Rejected', 579044);
insert into order_details (id, customer_id, status, total_price) values (90, 19, 'Inbound', 498395);
insert into order_details (id, customer_id, status, total_price) values (91, 18, 'Inbound', 732324);
insert into order_details (id, customer_id, status, total_price) values (92, 59, 'Accepted', 480342);
insert into order_details (id, customer_id, status, total_price) values (93, 30, 'Inbound', 444578);
insert into order_details (id, customer_id, status, total_price) values (94, 93, 'Rejected', 864284);
insert into order_details (id, customer_id, status, total_price) values (95, 6, 'Inbound', 955285);
insert into order_details (id, customer_id, status, total_price) values (96, 30, 'Inbound', 875420);
insert into order_details (id, customer_id, status, total_price) values (97, 96, 'Inbound', 96203);
insert into order_details (id, customer_id, status, total_price) values (98, 59, 'Rejected', 385058);
insert into order_details (id, customer_id, status, total_price) values (99, 97, 'Rejected', 982418);
insert into order_details (id, customer_id, status, total_price) values (100, 96, 'Rejected', 83456);
insert into order_item (order_id, product_id, quantity) values (1, 33, 20);
insert into order_item (order_id, product_id, quantity) values (2, 25, 20);
insert into order_item (order_id, product_id, quantity) values (3, 54, 7);
insert into order_item (order_id, product_id, quantity) values (4, 98, 20);
insert into order_item (order_id, product_id, quantity) values (4, 94, 6);
insert into order_item (order_id, product_id, quantity) values (5, 32, 19);
insert into order_item (order_id, product_id, quantity) values (6, 59, 16);
insert into order_item (order_id, product_id, quantity) values (7, 6, 3);
insert into order_item (order_id, product_id, quantity) values (8, 14, 7);
insert into order_item (order_id, product_id, quantity) values (9, 35, 16);
insert into order_item (order_id, product_id, quantity) values (10, 54, 6);
insert into order_item (order_id, product_id, quantity) values (10, 2, 18);
insert into order_item (order_id, product_id, quantity) values (11, 69, 17);
insert into order_item (order_id, product_id, quantity) values (11, 91, 13);
insert into order_item (order_id, product_id, quantity) values (12, 22, 3);
insert into order_item (order_id, product_id, quantity) values (12, 43, 15);
insert into order_item (order_id, product_id, quantity) values (13, 62, 3);
insert into order_item (order_id, product_id, quantity) values (14, 50, 8);
insert into order_item (order_id, product_id, quantity) values (14, 13, 1);
insert into order_item (order_id, product_id, quantity) values (15, 86, 2);
insert into order_item (order_id, product_id, quantity) values (16, 83, 7);
insert into order_item (order_id, product_id, quantity) values (17, 29, 20);
insert into order_item (order_id, product_id, quantity) values (17, 8, 1);
insert into order_item (order_id, product_id, quantity) values (18, 69, 7);
insert into order_item (order_id, product_id, quantity) values (18, 100, 14);
insert into order_item (order_id, product_id, quantity) values (19, 26, 18);
insert into order_item (order_id, product_id, quantity) values (20, 71, 1);
insert into order_item (order_id, product_id, quantity) values (21, 33, 9);
insert into order_item (order_id, product_id, quantity) values (21, 67, 17);
insert into order_item (order_id, product_id, quantity) values (21, 71, 12);
insert into order_item (order_id, product_id, quantity) values (22, 55, 2);
insert into order_item (order_id, product_id, quantity) values (23, 18, 20);
insert into order_item (order_id, product_id, quantity) values (23, 35, 12);
insert into order_item (order_id, product_id, quantity) values (24, 86, 9);
insert into order_item (order_id, product_id, quantity) values (24, 93, 4);
insert into order_item (order_id, product_id, quantity) values (25, 95, 17);
insert into order_item (order_id, product_id, quantity) values (26, 51, 11);
insert into order_item (order_id, product_id, quantity) values (27, 67, 15);
insert into order_item (order_id, product_id, quantity) values (28, 94, 11);
insert into order_item (order_id, product_id, quantity) values (28, 27, 9);
insert into order_item (order_id, product_id, quantity) values (29, 25, 3);
insert into order_item (order_id, product_id, quantity) values (29, 63, 16);
insert into order_item (order_id, product_id, quantity) values (30, 99, 2);
insert into order_item (order_id, product_id, quantity) values (30, 60, 18);
insert into order_item (order_id, product_id, quantity) values (31, 36, 11);
insert into order_item (order_id, product_id, quantity) values (31, 73, 15);
insert into order_item (order_id, product_id, quantity) values (32, 15, 14);
insert into order_item (order_id, product_id, quantity) values (32, 69, 14);
insert into order_item (order_id, product_id, quantity) values (33, 72, 6);
insert into order_item (order_id, product_id, quantity) values (34, 28, 16);
insert into order_item (order_id, product_id, quantity) values (34, 94, 15);
insert into order_item (order_id, product_id, quantity) values (35, 92, 10);
insert into order_item (order_id, product_id, quantity) values (36, 7, 14);
insert into order_item (order_id, product_id, quantity) values (36, 91, 2);
insert into order_item (order_id, product_id, quantity) values (37, 23, 10);
insert into order_item (order_id, product_id, quantity) values (38, 93, 8);
insert into order_item (order_id, product_id, quantity) values (39, 18, 7);
insert into order_item (order_id, product_id, quantity) values (39, 3, 11);
insert into order_item (order_id, product_id, quantity) values (40, 16, 13);
insert into order_item (order_id, product_id, quantity) values (40, 46, 4);
insert into order_item (order_id, product_id, quantity) values (41, 78, 11);
insert into order_item (order_id, product_id, quantity) values (41, 9, 13);
insert into order_item (order_id, product_id, quantity) values (42, 48, 16);
insert into order_item (order_id, product_id, quantity) values (42, 59, 17);
insert into order_item (order_id, product_id, quantity) values (43, 86, 6);
insert into order_item (order_id, product_id, quantity) values (44, 45, 6);
insert into order_item (order_id, product_id, quantity) values (45, 7, 16);
insert into order_item (order_id, product_id, quantity) values (45, 2, 14);
insert into order_item (order_id, product_id, quantity) values (46, 46, 11);
insert into order_item (order_id, product_id, quantity) values (46, 67, 13);
insert into order_item (order_id, product_id, quantity) values (47, 75, 18);
insert into order_item (order_id, product_id, quantity) values (47, 11, 3);
insert into order_item (order_id, product_id, quantity) values (48, 4, 9);
insert into order_item (order_id, product_id, quantity) values (48, 83, 13);
insert into order_item (order_id, product_id, quantity) values (49, 93, 3);
insert into order_item (order_id, product_id, quantity) values (50, 32, 1);
insert into order_item (order_id, product_id, quantity) values (51, 40, 12);
insert into order_item (order_id, product_id, quantity) values (52, 54, 19);
insert into order_item (order_id, product_id, quantity) values (53, 58, 17);
insert into order_item (order_id, product_id, quantity) values (54, 26, 15);
insert into order_item (order_id, product_id, quantity) values (54, 56, 11);
insert into order_item (order_id, product_id, quantity) values (55, 95, 12);
insert into order_item (order_id, product_id, quantity) values (56, 98, 14);
insert into order_item (order_id, product_id, quantity) values (56, 92, 13);
insert into order_item (order_id, product_id, quantity) values (57, 69, 2);
insert into order_item (order_id, product_id, quantity) values (58, 76, 16);
insert into order_item (order_id, product_id, quantity) values (59, 38, 18);
insert into order_item (order_id, product_id, quantity) values (59, 52, 10);
insert into order_item (order_id, product_id, quantity) values (60, 25, 19);
insert into order_item (order_id, product_id, quantity) values (60, 38, 7);
insert into order_item (order_id, product_id, quantity) values (61, 17, 10);
insert into order_item (order_id, product_id, quantity) values (62, 22, 1);
insert into order_item (order_id, product_id, quantity) values (62, 1, 13);
insert into order_item (order_id, product_id, quantity) values (62, 21, 16);
insert into order_item (order_id, product_id, quantity) values (63, 65, 1);
insert into order_item (order_id, product_id, quantity) values (63, 86, 18);
insert into order_item (order_id, product_id, quantity) values (64, 90, 6);
insert into order_item (order_id, product_id, quantity) values (65, 86, 19);
insert into order_item (order_id, product_id, quantity) values (65, 38, 9);
insert into order_item (order_id, product_id, quantity) values (66, 57, 3);
insert into order_item (order_id, product_id, quantity) values (66, 10, 4);
insert into order_item (order_id, product_id, quantity) values (67, 82, 20);
insert into order_item (order_id, product_id, quantity) values (68, 15, 17);
insert into order_item (order_id, product_id, quantity) values (69, 100, 7);
insert into order_item (order_id, product_id, quantity) values (70, 31, 7);
insert into order_item (order_id, product_id, quantity) values (71, 35, 14);
insert into order_item (order_id, product_id, quantity) values (71, 29, 3);
insert into order_item (order_id, product_id, quantity) values (72, 58, 3);
insert into order_item (order_id, product_id, quantity) values (72, 84, 14);
insert into order_item (order_id, product_id, quantity) values (73, 63, 15);
insert into order_item (order_id, product_id, quantity) values (73, 89, 13);
insert into order_item (order_id, product_id, quantity) values (73, 78, 1);
insert into order_item (order_id, product_id, quantity) values (74, 39, 5);
insert into order_item (order_id, product_id, quantity) values (74, 61, 7);
insert into order_item (order_id, product_id, quantity) values (75, 43, 13);
insert into order_item (order_id, product_id, quantity) values (75, 82, 16);
insert into order_item (order_id, product_id, quantity) values (76, 12, 6);
insert into order_item (order_id, product_id, quantity) values (76, 30, 6);
insert into order_item (order_id, product_id, quantity) values (77, 90, 8);
insert into order_item (order_id, product_id, quantity) values (78, 93, 9);
insert into order_item (order_id, product_id, quantity) values (78, 65, 14);
insert into order_item (order_id, product_id, quantity) values (79, 32, 20);
insert into order_item (order_id, product_id, quantity) values (79, 53, 15);
insert into order_item (order_id, product_id, quantity) values (80, 57, 14);
insert into order_item (order_id, product_id, quantity) values (81, 75, 19);
insert into order_item (order_id, product_id, quantity) values (82, 59, 15);
insert into order_item (order_id, product_id, quantity) values (83, 2, 14);
insert into order_item (order_id, product_id, quantity) values (83, 93, 19);
insert into order_item (order_id, product_id, quantity) values (83, 3, 5);
insert into order_item (order_id, product_id, quantity) values (84, 51, 8);
insert into order_item (order_id, product_id, quantity) values (84, 28, 7);
insert into order_item (order_id, product_id, quantity) values (85, 55, 15);
insert into order_item (order_id, product_id, quantity) values (85, 47, 8);
insert into order_item (order_id, product_id, quantity) values (86, 43, 6);
insert into order_item (order_id, product_id, quantity) values (87, 64, 14);
insert into order_item (order_id, product_id, quantity) values (87, 88, 15);
insert into order_item (order_id, product_id, quantity) values (87, 65, 6);
insert into order_item (order_id, product_id, quantity) values (88, 19, 2);
insert into order_item (order_id, product_id, quantity) values (88, 67, 7);
insert into order_item (order_id, product_id, quantity) values (89, 67, 17);
insert into order_item (order_id, product_id, quantity) values (89, 2, 9);
insert into order_item (order_id, product_id, quantity) values (90, 23, 11);
insert into order_item (order_id, product_id, quantity) values (91, 30, 18);
insert into order_item (order_id, product_id, quantity) values (92, 47, 13);
insert into order_item (order_id, product_id, quantity) values (92, 23, 5);
insert into order_item (order_id, product_id, quantity) values (93, 6, 13);
insert into order_item (order_id, product_id, quantity) values (94, 46, 11);
insert into order_item (order_id, product_id, quantity) values (94, 64, 13);
insert into order_item (order_id, product_id, quantity) values (94, 67, 14);
insert into order_item (order_id, product_id, quantity) values (95, 50, 4);
insert into order_item (order_id, product_id, quantity) values (96, 47, 20);
insert into order_item (order_id, product_id, quantity) values (97, 44, 10);
insert into order_item (order_id, product_id, quantity) values (98, 52, 6);
insert into order_item (order_id, product_id, quantity) values (98, 26, 6);
insert into order_item (order_id, product_id, quantity) values (99, 91, 4);
insert into order_item (order_id, product_id, quantity) values (99, 1, 4);
insert into order_item (order_id, product_id, quantity) values (100, 23, 17);
insert into order_item (order_id, product_id, quantity) values (100, 81, 7);
